time_period,country,region,industry,occupation_group,contract_type,employment_thousands,median_monthly_pay_eur,avg_weekly_hours,vacancy_rate_pct,remote_work_share_pct
2021-Q1,Belgium,Brussels-Capital,Finance,Managers,Permanent,3.65,5954,37.1,2.99,65.2
2021-Q2,Belgium,Brussels-Capital,Finance,Managers,Permanent,3.95,6084,37.8,3.51,61.5
2021-Q3,Belgium,Brussels-Capital,Finance,Managers,Permanent,3.99,6108,37.0,3.33,61.4
2021-Q4,Belgium,Brussels-Capital,Finance,Managers,Permanent,3.88,6151,38.1,3.74,59.3
2022-Q1,Belgium,Brussels-Capital,Finance,Managers,Permanent,3.99,6217,37.3,3.69,59.6
2022-Q2,Belgium,Brussels-Capital,Finance,Managers,Permanent,4.15,6274,37.8,3.91,61.4
2022-Q3,Belgium,Brussels-Capital,Finance,Managers,Permanent,3.97,6410,36.9,4.1,57.2
2022-Q4,Belgium,Brussels-Capital,Finance,Managers,Permanent,3.89,6516,38.1,4.15,58.0
2023-Q1,Belgium,Brussels-Capital,Finance,Managers,Permanent,3.79,6581,37.2,3.85,58.1
2023-Q2,Belgium,Brussels-Capital,Finance,Managers,Permanent,4.0,6655,37.7,3.75,59.1
2023-Q3,Belgium,Brussels-Capital,Finance,Managers,Permanent,4.11,6764,36.8,3.56,56.5
2023-Q4,Belgium,Brussels-Capital,Finance,Managers,Permanent,3.85,6795,38.3,3.79,54.0
2024-Q1,Belgium,Brussels-Capital,Finance,Managers,Permanent,3.9,6994,37.4,3.36,54.5
2024-Q2,Belgium,Brussels-Capital,Finance,Managers,Permanent,4.05,6991,38.0,3.29,53.7
2024-Q3,Belgium,Brussels-Capital,Finance,Managers,Permanent,4.14,6973,37.1,3.29,54.6
2024-Q4,Belgium,Brussels-Capital,Finance,Managers,Permanent,4.0,7209,38.5,3.05,53.4
2025-Q1,Belgium,Brussels-Capital,Finance,Managers,Permanent,3.91,7307,37.4,2.96,54.6
2025-Q2,Belgium,Brussels-Capital,Finance,Managers,Permanent,3.94,7373,37.8,2.91,54.2
2025-Q3,Belgium,Brussels-Capital,Finance,Managers,Permanent,4.16,7401,37.0,3.04,57.1
2025-Q4,Belgium,Brussels-Capital,Finance,Managers,Permanent,4.09,7511,38.0,2.78,54.8
2021-Q1,Belgium,Brussels-Capital,Finance,Managers,Self-employed,0.9,6523,41.8,2.75,73.0
2021-Q2,Belgium,Brussels-Capital,Finance,Managers,Self-employed,0.89,6589,42.6,2.57,74.1
2021-Q3,Belgium,Brussels-Capital,Finance,Managers,Self-employed,0.92,6733,41.6,2.7,74.1
2021-Q4,Belgium,Brussels-Capital,Finance,Managers,Self-employed,0.9,6852,42.8,3.0,69.7
2022-Q1,Belgium,Brussels-Capital,Finance,Managers,Self-employed,0.89,7052,41.8,3.03,70.3
2022-Q2,Belgium,Brussels-Capital,Finance,Managers,Self-employed,0.93,6947,42.7,3.26,67.5
2022-Q3,Belgium,Brussels-Capital,Finance,Managers,Self-employed,0.93,7052,41.8,3.01,65.1
2022-Q4,Belgium,Brussels-Capital,Finance,Managers,Self-employed,0.88,7240,42.9,3.08,65.6
2023-Q1,Belgium,Brussels-Capital,Finance,Managers,Self-employed,0.87,7293,41.8,3.24,67.9
2023-Q2,Belgium,Brussels-Capital,Finance,Managers,Self-employed,0.91,7470,42.8,3.23,64.6
2023-Q3,Belgium,Brussels-Capital,Finance,Managers,Self-employed,0.92,7527,41.4,3.34,64.4
2023-Q4,Belgium,Brussels-Capital,Finance,Managers,Self-employed,0.9,7710,42.9,2.68,64.0
2024-Q1,Belgium,Brussels-Capital,Finance,Managers,Self-employed,0.88,7707,42.1,2.65,62.4
2024-Q2,Belgium,Brussels-Capital,Finance,Managers,Self-employed,0.91,7788,42.8,2.98,61.6
2024-Q3,Belgium,Brussels-Capital,Finance,Managers,Self-employed,0.91,7782,41.5,2.68,61.9
2024-Q4,Belgium,Brussels-Capital,Finance,Managers,Self-employed,0.91,7991,42.8,2.68,61.1
2025-Q1,Belgium,Brussels-Capital,Finance,Managers,Self-employed,0.89,7941,41.9,2.38,62.7
2025-Q2,Belgium,Brussels-Capital,Finance,Managers,Self-employed,0.95,8118,42.4,2.52,64.0
2025-Q3,Belgium,Brussels-Capital,Finance,Managers,Self-employed,0.94,8324,41.7,2.51,64.5
2025-Q4,Belgium,Brussels-Capital,Finance,Managers,Self-employed,0.96,8414,42.7,2.33,63.6
2021-Q1,Belgium,Brussels-Capital,Finance,Professionals,Permanent,10.13,4709,37.6,3.55,66.6
2021-Q2,Belgium,Brussels-Capital,Finance,Professionals,Permanent,10.14,4699,38.1,3.26,63.6
2021-Q3,Belgium,Brussels-Capital,Finance,Professionals,Permanent,10.11,4763,36.8,3.51,63.5
2021-Q4,Belgium,Brussels-Capital,Finance,Professionals,Permanent,10.01,4851,37.8,3.12,63.4
2022-Q1,Belgium,Brussels-Capital,Finance,Professionals,Permanent,10.0,4889,37.7,4.12,60.6
2022-Q2,Belgium,Brussels-Capital,Finance,Professionals,Permanent,10.09,4924,38.0,4.26,63.3
2022-Q3,Belgium,Brussels-Capital,Finance,Professionals,Permanent,10.62,5074,37.0,3.79,61.2
2022-Q4,Belgium,Brussels-Capital,Finance,Professionals,Permanent,10.38,5102,38.2,4.11,59.5
2023-Q1,Belgium,Brussels-Capital,Finance,Professionals,Permanent,10.19,5116,37.5,3.9,59.3
2023-Q2,Belgium,Brussels-Capital,Finance,Professionals,Permanent,10.42,5236,38.1,4.06,58.4
2023-Q3,Belgium,Brussels-Capital,Finance,Professionals,Permanent,10.67,5250,37.0,3.54,58.5
2023-Q4,Belgium,Brussels-Capital,Finance,Professionals,Permanent,10.23,5340,37.7,3.91,58.1
2024-Q1,Belgium,Brussels-Capital,Finance,Professionals,Permanent,10.14,5497,37.7,3.17,55.6
2024-Q2,Belgium,Brussels-Capital,Finance,Professionals,Permanent,10.24,5449,37.8,3.57,55.1
2024-Q3,Belgium,Brussels-Capital,Finance,Professionals,Permanent,10.87,5600,36.9,3.28,58.4
2024-Q4,Belgium,Brussels-Capital,Finance,Professionals,Permanent,10.14,5591,37.7,2.99,57.5
2025-Q1,Belgium,Brussels-Capital,Finance,Professionals,Permanent,9.99,5680,37.4,3.07,55.8
2025-Q2,Belgium,Brussels-Capital,Finance,Professionals,Permanent,10.65,5697,37.7,3.25,57.2
2025-Q3,Belgium,Brussels-Capital,Finance,Professionals,Permanent,10.76,5851,36.7,3.2,59.4
2025-Q4,Belgium,Brussels-Capital,Finance,Professionals,Permanent,10.55,6001,38.1,3.3,58.7
2021-Q1,Belgium,Brussels-Capital,Finance,Professionals,Temporary,2.81,3988,33.3,3.19,62.3
2021-Q2,Belgium,Brussels-Capital,Finance,Professionals,Temporary,2.95,4034,33.9,3.03,60.7
2021-Q3,Belgium,Brussels-Capital,Finance,Professionals,Temporary,2.96,4109,33.1,3.29,61.9
2021-Q4,Belgium,Brussels-Capital,Finance,Professionals,Temporary,2.92,4154,34.0,3.55,60.2
2022-Q1,Belgium,Brussels-Capital,Finance,Professionals,Temporary,2.76,4217,33.7,3.57,57.9
2022-Q2,Belgium,Brussels-Capital,Finance,Professionals,Temporary,3.01,4272,33.9,3.63,58.1
2022-Q3,Belgium,Brussels-Capital,Finance,Professionals,Temporary,3.14,4306,33.0,3.4,55.8
2022-Q4,Belgium,Brussels-Capital,Finance,Professionals,Temporary,2.85,4365,34.1,3.94,56.2
2023-Q1,Belgium,Brussels-Capital,Finance,Professionals,Temporary,2.86,4404,33.7,3.98,53.8
2023-Q2,Belgium,Brussels-Capital,Finance,Professionals,Temporary,2.96,4467,33.9,3.47,52.3
2023-Q3,Belgium,Brussels-Capital,Finance,Professionals,Temporary,3.0,4562,33.2,3.8,53.1
2023-Q4,Belgium,Brussels-Capital,Finance,Professionals,Temporary,3.03,4592,34.0,3.1,52.9
2024-Q1,Belgium,Brussels-Capital,Finance,Professionals,Temporary,2.95,4709,33.8,3.43,53.9
2024-Q2,Belgium,Brussels-Capital,Finance,Professionals,Temporary,3.06,4714,34.2,3.21,51.7
2024-Q3,Belgium,Brussels-Capital,Finance,Professionals,Temporary,3.03,4805,33.0,3.03,52.5
2024-Q4,Belgium,Brussels-Capital,Finance,Professionals,Temporary,2.92,4818,34.2,2.63,53.9
2025-Q1,Belgium,Brussels-Capital,Finance,Professionals,Temporary,2.96,4850,33.6,2.72,54.9
2025-Q2,Belgium,Brussels-Capital,Finance,Professionals,Temporary,3.04,4959,34.2,3.12,53.1
2025-Q3,Belgium,Brussels-Capital,Finance,Professionals,Temporary,3.09,4978,33.0,2.86,54.4
2025-Q4,Belgium,Brussels-Capital,Finance,Professionals,Temporary,2.96,4994,34.4,2.5,54.6
2021-Q1,Belgium,Brussels-Capital,Finance,Professionals,Self-employed,2.59,5499,41.4,3.25,77.5
2021-Q2,Belgium,Brussels-Capital,Finance,Professionals,Self-employed,2.61,5629,42.1,2.85,74.9
2021-Q3,Belgium,Brussels-Capital,Finance,Professionals,Self-employed,2.61,5733,41.0,3.05,72.8
2021-Q4,Belgium,Brussels-Capital,Finance,Professionals,Self-employed,2.49,5830,41.8,3.03,73.2
2022-Q1,Belgium,Brussels-Capital,Finance,Professionals,Self-employed,2.53,5799,41.2,3.41,70.9
2022-Q2,Belgium,Brussels-Capital,Finance,Professionals,Self-employed,2.67,6020,42.0,3.4,71.3
2022-Q3,Belgium,Brussels-Capital,Finance,Professionals,Self-employed,2.64,5946,40.8,3.74,71.9
2022-Q4,Belgium,Brussels-Capital,Finance,Professionals,Self-employed,2.57,6111,41.8,3.83,72.3
2023-Q1,Belgium,Brussels-Capital,Finance,Professionals,Self-employed,2.51,6130,41.5,3.62,68.5
2023-Q2,Belgium,Brussels-Capital,Finance,Professionals,Self-employed,2.74,6196,41.9,3.31,65.2
2023-Q3,Belgium,Brussels-Capital,Finance,Professionals,Self-employed,2.64,6311,40.7,3.43,67.6
2023-Q4,Belgium,Brussels-Capital,Finance,Professionals,Self-employed,2.63,6348,42.2,3.15,67.1
2024-Q1,Belgium,Brussels-Capital,Finance,Professionals,Self-employed,2.51,6419,40.9,3.18,63.9
2024-Q2,Belgium,Brussels-Capital,Finance,Professionals,Self-employed,2.71,6488,41.7,2.8,66.7
2024-Q3,Belgium,Brussels-Capital,Finance,Professionals,Self-employed,2.67,6580,40.9,2.82,64.2
2024-Q4,Belgium,Brussels-Capital,Finance,Professionals,Self-employed,2.62,6572,42.3,2.89,67.2
2025-Q1,Belgium,Brussels-Capital,Finance,Professionals,Self-employed,2.61,6757,41.1,2.54,66.0
2025-Q2,Belgium,Brussels-Capital,Finance,Professionals,Self-employed,2.69,6859,41.9,2.55,67.7
2025-Q3,Belgium,Brussels-Capital,Finance,Professionals,Self-employed,2.72,6954,40.7,2.66,68.3
2025-Q4,Belgium,Brussels-Capital,Finance,Professionals,Self-employed,2.62,7094,42.3,2.54,67.4
2021-Q1,Belgium,Brussels-Capital,Finance,Clerical & service,Permanent,11.15,3338,37.6,3.25,41.0
2021-Q2,Belgium,Brussels-Capital,Finance,Clerical & service,Permanent,11.45,3340,38.0,3.35,40.6
2021-Q3,Belgium,Brussels-Capital,Finance,Clerical & service,Permanent,11.37,3407,37.0,3.73,39.3
2021-Q4,Belgium,Brussels-Capital,Finance,Clerical & service,Permanent,11.29,3505,38.1,3.67,41.7
2022-Q1,Belgium,Brussels-Capital,Finance,Clerical & service,Permanent,11.21,3546,37.8,3.8,39.5
2022-Q2,Belgium,Brussels-Capital,Finance,Clerical & service,Permanent,10.84,3574,38.0,3.88,40.4
2022-Q3,Belgium,Brussels-Capital,Finance,Clerical & service,Permanent,11.59,3622,37.0,4.04,41.4
2022-Q4,Belgium,Brussels-Capital,Finance,Clerical & service,Permanent,11.71,3676,38.2,4.01,37.6
2023-Q1,Belgium,Brussels-Capital,Finance,Clerical & service,Permanent,11.46,3695,37.6,3.55,35.2
2023-Q2,Belgium,Brussels-Capital,Finance,Clerical & service,Permanent,11.82,3743,38.0,3.57,37.8
2023-Q3,Belgium,Brussels-Capital,Finance,Clerical & service,Permanent,12.02,3751,37.2,4.02,37.5
2023-Q4,Belgium,Brussels-Capital,Finance,Clerical & service,Permanent,11.5,3787,38.6,3.58,34.5
2024-Q1,Belgium,Brussels-Capital,Finance,Clerical & service,Permanent,11.59,3901,37.6,3.7,34.0
2024-Q2,Belgium,Brussels-Capital,Finance,Clerical & service,Permanent,11.97,3997,38.2,3.5,34.0
2024-Q3,Belgium,Brussels-Capital,Finance,Clerical & service,Permanent,11.77,4002,37.3,3.54,36.7
2024-Q4,Belgium,Brussels-Capital,Finance,Clerical & service,Permanent,11.59,4082,38.4,3.18,36.8
2025-Q1,Belgium,Brussels-Capital,Finance,Clerical & service,Permanent,11.77,4089,37.3,3.07,37.0
2025-Q2,Belgium,Brussels-Capital,Finance,Clerical & service,Permanent,12.29,4106,37.9,2.88,36.6
2025-Q3,Belgium,Brussels-Capital,Finance,Clerical & service,Permanent,11.96,4208,37.0,3.02,35.4
2025-Q4,Belgium,Brussels-Capital,Finance,Clerical & service,Permanent,11.61,4206,38.2,3.12,36.6
2021-Q1,Belgium,Brussels-Capital,Finance,Clerical & service,Temporary,3.1,2755,33.9,2.76,38.7
2021-Q2,Belgium,Brussels-Capital,Finance,Clerical & service,Temporary,3.26,2813,34.3,2.81,38.9
2021-Q3,Belgium,Brussels-Capital,Finance,Clerical & service,Temporary,3.31,2847,33.5,2.98,39.1
2021-Q4,Belgium,Brussels-Capital,Finance,Clerical & service,Temporary,3.3,2853,34.9,3.34,36.0
2022-Q1,Belgium,Brussels-Capital,Finance,Clerical & service,Temporary,3.18,2912,34.1,3.09,37.6
2022-Q2,Belgium,Brussels-Capital,Finance,Clerical & service,Temporary,3.23,2978,34.6,3.58,38.2
2022-Q3,Belgium,Brussels-Capital,Finance,Clerical & service,Temporary,3.36,2971,33.7,3.2,34.1
2022-Q4,Belgium,Brussels-Capital,Finance,Clerical & service,Temporary,3.21,3048,34.6,3.61,36.9
2023-Q1,Belgium,Brussels-Capital,Finance,Clerical & service,Temporary,3.24,3151,33.9,3.16,35.4
2023-Q2,Belgium,Brussels-Capital,Finance,Clerical & service,Temporary,3.19,3110,34.4,3.33,35.7
2023-Q3,Belgium,Brussels-Capital,Finance,Clerical & service,Temporary,3.36,3141,33.4,2.99,34.8
2023-Q4,Belgium,Brussels-Capital,Finance,Clerical & service,Temporary,3.27,3211,34.7,2.97,34.4
2024-Q1,Belgium,Brussels-Capital,Finance,Clerical & service,Temporary,3.22,3202,34.2,3.24,33.4
2024-Q2,Belgium,Brussels-Capital,Finance,Clerical & service,Temporary,3.29,3273,34.6,3.2,33.3
2024-Q3,Belgium,Brussels-Capital,Finance,Clerical & service,Temporary,3.4,3304,33.2,2.82,33.9
2024-Q4,Belgium,Brussels-Capital,Finance,Clerical & service,Temporary,3.38,3308,34.5,2.6,33.4
2025-Q1,Belgium,Brussels-Capital,Finance,Clerical & service,Temporary,3.27,3364,33.6,2.54,33.9
2025-Q2,Belgium,Brussels-Capital,Finance,Clerical & service,Temporary,3.4,3441,34.4,2.59,34.4
2025-Q3,Belgium,Brussels-Capital,Finance,Clerical & service,Temporary,3.4,3469,33.4,2.92,32.9
2025-Q4,Belgium,Brussels-Capital,Finance,Clerical & service,Temporary,3.45,3554,34.5,2.53,33.4
2021-Q1,Belgium,Brussels-Capital,ICT,Managers,Permanent,4.25,5370,36.9,4.9,86.7
2021-Q2,Belgium,Brussels-Capital,ICT,Managers,Permanent,4.43,5360,37.2,5.24,88.5
2021-Q3,Belgium,Brussels-Capital,ICT,Managers,Permanent,4.38,5401,36.6,5.79,85.9
2021-Q4,Belgium,Brussels-Capital,ICT,Managers,Permanent,4.46,5494,37.8,5.03,83.5
2022-Q1,Belgium,Brussels-Capital,ICT,Managers,Permanent,4.35,5590,37.0,5.63,82.8
2022-Q2,Belgium,Brussels-Capital,ICT,Managers,Permanent,4.45,5727,37.3,6.41,82.9
2022-Q3,Belgium,Brussels-Capital,ICT,Managers,Permanent,4.64,5739,36.4,5.98,81.0
2022-Q4,Belgium,Brussels-Capital,ICT,Managers,Permanent,4.29,5779,37.5,6.47,81.4
2023-Q1,Belgium,Brussels-Capital,ICT,Managers,Permanent,4.54,5893,36.9,5.92,80.0
2023-Q2,Belgium,Brussels-Capital,ICT,Managers,Permanent,4.51,6007,37.3,5.98,77.8
2023-Q3,Belgium,Brussels-Capital,ICT,Managers,Permanent,4.56,6054,36.2,5.73,79.2
2023-Q4,Belgium,Brussels-Capital,ICT,Managers,Permanent,4.48,6079,37.6,6.05,74.5
2024-Q1,Belgium,Brussels-Capital,ICT,Managers,Permanent,4.55,6199,36.8,5.65,74.5
2024-Q2,Belgium,Brussels-Capital,ICT,Managers,Permanent,4.6,6318,37.6,5.23,75.0
2024-Q3,Belgium,Brussels-Capital,ICT,Managers,Permanent,4.79,6382,36.6,5.2,75.8
2024-Q4,Belgium,Brussels-Capital,ICT,Managers,Permanent,4.84,6490,37.7,4.41,76.5
2025-Q1,Belgium,Brussels-Capital,ICT,Managers,Permanent,4.58,6616,37.0,4.64,74.0
2025-Q2,Belgium,Brussels-Capital,ICT,Managers,Permanent,4.65,6726,37.5,5.61,77.0
2025-Q3,Belgium,Brussels-Capital,ICT,Managers,Permanent,4.78,6781,36.4,4.64,76.4
2025-Q4,Belgium,Brussels-Capital,ICT,Managers,Permanent,4.75,6730,37.5,4.16,77.5
2021-Q1,Belgium,Brussels-Capital,ICT,Managers,Self-employed,0.85,6133,41.1,5.28,92
2021-Q2,Belgium,Brussels-Capital,ICT,Managers,Self-employed,0.89,6233,41.6,4.89,92
2021-Q3,Belgium,Brussels-Capital,ICT,Managers,Self-employed,0.9,6216,40.7,5.66,92
2021-Q4,Belgium,Brussels-Capital,ICT,Managers,Self-employed,0.87,6319,41.6,5.12,92
2022-Q1,Belgium,Brussels-Capital,ICT,Managers,Self-employed,0.86,6336,40.7,5.42,92
2022-Q2,Belgium,Brussels-Capital,ICT,Managers,Self-employed,0.91,6452,41.4,6.05,92
2022-Q3,Belgium,Brussels-Capital,ICT,Managers,Self-employed,0.9,6601,40.3,5.8,92
2022-Q4,Belgium,Brussels-Capital,ICT,Managers,Self-employed,0.92,6652,41.5,5.88,92
2023-Q1,Belgium,Brussels-Capital,ICT,Managers,Self-employed,0.9,6622,40.8,6.07,92
2023-Q2,Belgium,Brussels-Capital,ICT,Managers,Self-employed,0.9,6813,41.2,6.43,92.0
2023-Q3,Belgium,Brussels-Capital,ICT,Managers,Self-employed,0.95,6858,40.6,6.0,89.4
2023-Q4,Belgium,Brussels-Capital,ICT,Managers,Self-employed,0.91,7039,41.6,6.23,88.2
2024-Q1,Belgium,Brussels-Capital,ICT,Managers,Self-employed,0.9,7142,40.9,5.34,85.1
2024-Q2,Belgium,Brussels-Capital,ICT,Managers,Self-employed,0.92,7078,41.2,5.12,86.9
2024-Q3,Belgium,Brussels-Capital,ICT,Managers,Self-employed,0.97,7199,40.3,5.08,85.8
2024-Q4,Belgium,Brussels-Capital,ICT,Managers,Self-employed,0.91,7371,41.7,4.79,87.0
2025-Q1,Belgium,Brussels-Capital,ICT,Managers,Self-employed,0.94,7347,40.8,4.9,87.7
2025-Q2,Belgium,Brussels-Capital,ICT,Managers,Self-employed,0.93,7530,41.3,5.18,87.4
2025-Q3,Belgium,Brussels-Capital,ICT,Managers,Self-employed,0.96,7660,40.4,4.98,87.5
2025-Q4,Belgium,Brussels-Capital,ICT,Managers,Self-employed,0.92,7608,41.4,4.75,88.9
2021-Q1,Belgium,Brussels-Capital,ICT,Professionals,Permanent,9.29,4839,37.2,5.24,92
2021-Q2,Belgium,Brussels-Capital,ICT,Professionals,Permanent,9.65,4865,37.7,5.29,92
2021-Q3,Belgium,Brussels-Capital,ICT,Professionals,Permanent,9.88,4874,36.5,5.75,92
2021-Q4,Belgium,Brussels-Capital,ICT,Professionals,Permanent,9.76,4955,37.7,6.56,92
2022-Q1,Belgium,Brussels-Capital,ICT,Professionals,Permanent,9.52,5010,37.1,5.46,91.9
2022-Q2,Belgium,Brussels-Capital,ICT,Professionals,Permanent,10.14,5113,37.2,6.0,86.8
2022-Q3,Belgium,Brussels-Capital,ICT,Professionals,Permanent,9.89,5218,36.8,6.01,86.7
2022-Q4,Belgium,Brussels-Capital,ICT,Professionals,Permanent,9.75,5232,37.4,6.24,84.4
2023-Q1,Belgium,Brussels-Capital,ICT,Professionals,Permanent,9.86,5304,36.9,6.33,83.7
2023-Q2,Belgium,Brussels-Capital,ICT,Professionals,Permanent,10.29,5400,37.5,6.11,83.2
2023-Q3,Belgium,Brussels-Capital,ICT,Professionals,Permanent,10.26,5491,36.8,5.47,81.4
2023-Q4,Belgium,Brussels-Capital,ICT,Professionals,Permanent,10.09,5491,37.4,6.01,79.6
2024-Q1,Belgium,Brussels-Capital,ICT,Professionals,Permanent,10.14,5558,36.8,5.29,80.2
2024-Q2,Belgium,Brussels-Capital,ICT,Professionals,Permanent,10.46,5560,37.6,5.54,80.9
2024-Q3,Belgium,Brussels-Capital,ICT,Professionals,Permanent,10.5,5724,36.4,5.1,80.1
2024-Q4,Belgium,Brussels-Capital,ICT,Professionals,Permanent,10.6,5819,37.9,5.43,81.3
2025-Q1,Belgium,Brussels-Capital,ICT,Professionals,Permanent,10.26,5847,37.1,5.67,78.3
2025-Q2,Belgium,Brussels-Capital,ICT,Professionals,Permanent,10.31,5900,37.3,4.33,78.7
2025-Q3,Belgium,Brussels-Capital,ICT,Professionals,Permanent,10.91,6025,36.6,4.54,80.7
2025-Q4,Belgium,Brussels-Capital,ICT,Professionals,Permanent,10.65,6132,37.8,4.99,81.4
2021-Q1,Belgium,Brussels-Capital,ICT,Professionals,Temporary,2.57,4134,32.7,5.33,86.6
2021-Q2,Belgium,Brussels-Capital,ICT,Professionals,Temporary,2.65,4186,32.7,5.5,82.6
2021-Q3,Belgium,Brussels-Capital,ICT,Professionals,Temporary,2.64,4210,32.1,5.17,84.9
2021-Q4,Belgium,Brussels-Capital,ICT,Professionals,Temporary,2.59,4251,33.3,5.61,83.4
2022-Q1,Belgium,Brussels-Capital,ICT,Professionals,Temporary,2.57,4297,32.5,5.43,81.2
2022-Q2,Belgium,Brussels-Capital,ICT,Professionals,Temporary,2.77,4394,32.7,5.68,80.4
2022-Q3,Belgium,Brussels-Capital,ICT,Professionals,Temporary,2.77,4397,31.7,6.26,77.9
2022-Q4,Belgium,Brussels-Capital,ICT,Professionals,Temporary,2.77,4429,33.3,6.39,78.3
2023-Q1,Belgium,Brussels-Capital,ICT,Professionals,Temporary,2.61,4499,32.5,6.25,75.9
2023-Q2,Belgium,Brussels-Capital,ICT,Professionals,Temporary,2.75,4529,32.9,5.94,76.2
2023-Q3,Belgium,Brussels-Capital,ICT,Professionals,Temporary,2.78,4678,32.1,6.38,76.3
2023-Q4,Belgium,Brussels-Capital,ICT,Professionals,Temporary,2.77,4648,33.0,5.41,74.0
2024-Q1,Belgium,Brussels-Capital,ICT,Professionals,Temporary,2.65,4777,32.4,5.86,75.1
2024-Q2,Belgium,Brussels-Capital,ICT,Professionals,Temporary,2.75,4785,33.1,5.28,72.3
2024-Q3,Belgium,Brussels-Capital,ICT,Professionals,Temporary,2.96,4899,31.9,4.92,73.0
2024-Q4,Belgium,Brussels-Capital,ICT,Professionals,Temporary,2.82,4934,33.5,5.11,73.3
2025-Q1,Belgium,Brussels-Capital,ICT,Professionals,Temporary,2.82,5005,32.7,4.85,73.7
2025-Q2,Belgium,Brussels-Capital,ICT,Professionals,Temporary,2.88,5065,33.0,5.23,73.4
2025-Q3,Belgium,Brussels-Capital,ICT,Professionals,Temporary,2.89,5154,31.9,5.07,73.1
2025-Q4,Belgium,Brussels-Capital,ICT,Professionals,Temporary,2.86,5241,33.1,4.6,76.1
2021-Q1,Belgium,Brussels-Capital,ICT,Professionals,Self-employed,2.11,5276,40.6,5.51,92
2021-Q2,Belgium,Brussels-Capital,ICT,Professionals,Self-employed,2.22,5365,41.1,5.31,92
2021-Q3,Belgium,Brussels-Capital,ICT,Professionals,Self-employed,2.22,5373,40.7,5.73,92
2021-Q4,Belgium,Brussels-Capital,ICT,Professionals,Self-employed,2.17,5538,41.6,5.6,92
2022-Q1,Belgium,Brussels-Capital,ICT,Professionals,Self-employed,2.2,5522,40.7,6.17,92
2022-Q2,Belgium,Brussels-Capital,ICT,Professionals,Self-employed,2.24,5584,41.2,7.03,92
2022-Q3,Belgium,Brussels-Capital,ICT,Professionals,Self-employed,2.25,5680,40.6,6.08,92
2022-Q4,Belgium,Brussels-Capital,ICT,Professionals,Self-employed,2.24,5787,41.6,6.43,92
2023-Q1,Belgium,Brussels-Capital,ICT,Professionals,Self-employed,2.28,5837,40.8,6.53,92
2023-Q2,Belgium,Brussels-Capital,ICT,Professionals,Self-employed,2.27,5959,41.5,6.46,92
2023-Q3,Belgium,Brussels-Capital,ICT,Professionals,Self-employed,2.28,6001,40.5,6.28,92
2023-Q4,Belgium,Brussels-Capital,ICT,Professionals,Self-employed,2.32,6034,41.4,5.87,92
2024-Q1,Belgium,Brussels-Capital,ICT,Professionals,Self-employed,2.28,6124,40.5,5.92,91.0
2024-Q2,Belgium,Brussels-Capital,ICT,Professionals,Self-employed,2.37,6147,41.2,5.42,90.6
2024-Q3,Belgium,Brussels-Capital,ICT,Professionals,Self-employed,2.26,6263,40.4,5.56,89.7
2024-Q4,Belgium,Brussels-Capital,ICT,Professionals,Self-employed,2.23,6464,41.7,5.43,90.9
2025-Q1,Belgium,Brussels-Capital,ICT,Professionals,Self-employed,2.25,6478,40.9,4.93,91.6
2025-Q2,Belgium,Brussels-Capital,ICT,Professionals,Self-employed,2.34,6491,41.3,4.54,92
2025-Q3,Belgium,Brussels-Capital,ICT,Professionals,Self-employed,2.45,6618,40.4,5.35,92
2025-Q4,Belgium,Brussels-Capital,ICT,Professionals,Self-employed,2.38,6609,41.6,5.4,92
2021-Q1,Belgium,Brussels-Capital,ICT,Technicians,Permanent,7.56,4143,36.4,5.69,70.6
2021-Q2,Belgium,Brussels-Capital,ICT,Technicians,Permanent,7.87,4147,37.2,5.4,69.3
2021-Q3,Belgium,Brussels-Capital,ICT,Technicians,Permanent,8.07,4176,36.0,5.26,67.0
2021-Q4,Belgium,Brussels-Capital,ICT,Technicians,Permanent,7.85,4270,37.2,6.26,68.5
2022-Q1,Belgium,Brussels-Capital,ICT,Technicians,Permanent,7.64,4435,36.3,5.31,67.2
2022-Q2,Belgium,Brussels-Capital,ICT,Technicians,Permanent,8.51,4381,36.7,5.97,66.2
2022-Q3,Belgium,Brussels-Capital,ICT,Technicians,Permanent,8.39,4474,36.0,6.27,64.0
2022-Q4,Belgium,Brussels-Capital,ICT,Technicians,Permanent,7.94,4517,37.4,6.21,61.8
2023-Q1,Belgium,Brussels-Capital,ICT,Technicians,Permanent,7.83,4598,36.7,5.76,60.8
2023-Q2,Belgium,Brussels-Capital,ICT,Technicians,Permanent,8.22,4578,37.0,5.27,61.0
2023-Q3,Belgium,Brussels-Capital,ICT,Technicians,Permanent,8.55,4639,36.1,5.91,58.7
2023-Q4,Belgium,Brussels-Capital,ICT,Technicians,Permanent,8.4,4633,36.6,6.33,60.4
2024-Q1,Belgium,Brussels-Capital,ICT,Technicians,Permanent,7.93,4823,36.5,5.49,59.8
2024-Q2,Belgium,Brussels-Capital,ICT,Technicians,Permanent,8.42,4819,36.8,5.53,60.6
2024-Q3,Belgium,Brussels-Capital,ICT,Technicians,Permanent,8.54,4853,36.0,5.62,58.2
2024-Q4,Belgium,Brussels-Capital,ICT,Technicians,Permanent,8.53,4874,36.8,5.18,60.3
2025-Q1,Belgium,Brussels-Capital,ICT,Technicians,Permanent,8.44,5059,36.4,5.14,60.1
2025-Q2,Belgium,Brussels-Capital,ICT,Technicians,Permanent,8.79,5130,36.7,4.87,59.9
2025-Q3,Belgium,Brussels-Capital,ICT,Technicians,Permanent,8.84,5172,36.0,5.26,60.9
2025-Q4,Belgium,Brussels-Capital,ICT,Technicians,Permanent,8.71,5226,37.4,5.37,60.8
2021-Q1,Belgium,Brussels-Capital,ICT,Technicians,Temporary,2.3,3249,32.6,4.96,63.7
2021-Q2,Belgium,Brussels-Capital,ICT,Technicians,Temporary,2.41,3244,33.5,5.11,62.6
2021-Q3,Belgium,Brussels-Capital,ICT,Technicians,Temporary,2.36,3301,32.4,4.89,63.8
2021-Q4,Belgium,Brussels-Capital,ICT,Technicians,Temporary,2.43,3361,33.5,5.56,63.1
2022-Q1,Belgium,Brussels-Capital,ICT,Technicians,Temporary,2.41,3369,32.6,5.99,63.1
2022-Q2,Belgium,Brussels-Capital,ICT,Technicians,Temporary,2.36,3437,33.5,6.48,61.5
2022-Q3,Belgium,Brussels-Capital,ICT,Technicians,Temporary,2.5,3488,32.2,6.57,58.8
2022-Q4,Belgium,Brussels-Capital,ICT,Technicians,Temporary,2.4,3507,33.3,6.86,58.1
2023-Q1,Belgium,Brussels-Capital,ICT,Technicians,Temporary,2.43,3584,32.6,6.17,56.4
2023-Q2,Belgium,Brussels-Capital,ICT,Technicians,Temporary,2.51,3632,33.1,5.86,56.8
2023-Q3,Belgium,Brussels-Capital,ICT,Technicians,Temporary,2.53,3652,32.2,5.8,56.4
2023-Q4,Belgium,Brussels-Capital,ICT,Technicians,Temporary,2.52,3701,33.2,5.97,53.7
2024-Q1,Belgium,Brussels-Capital,ICT,Technicians,Temporary,2.56,3707,32.9,5.29,53.3
2024-Q2,Belgium,Brussels-Capital,ICT,Technicians,Temporary,2.48,3785,33.2,5.13,55.5
2024-Q3,Belgium,Brussels-Capital,ICT,Technicians,Temporary,2.55,3868,32.5,4.81,55.9
2024-Q4,Belgium,Brussels-Capital,ICT,Technicians,Temporary,2.51,3898,33.4,4.77,54.3
2025-Q1,Belgium,Brussels-Capital,ICT,Technicians,Temporary,2.44,3961,33.0,4.73,55.2
2025-Q2,Belgium,Brussels-Capital,ICT,Technicians,Temporary,2.66,3980,33.0,4.56,55.6
2025-Q3,Belgium,Brussels-Capital,ICT,Technicians,Temporary,2.68,4018,32.4,4.9,54.9
2025-Q4,Belgium,Brussels-Capital,ICT,Technicians,Temporary,2.59,4090,33.2,4.87,56.9
2021-Q1,Belgium,Brussels-Capital,Public services,Managers,Permanent,5.63,4453,36.1,2.68,43.1
2021-Q2,Belgium,Brussels-Capital,Public services,Managers,Permanent,5.79,4498,36.5,2.33,39.3
2021-Q3,Belgium,Brussels-Capital,Public services,Managers,Permanent,5.7,4590,35.7,2.79,41.1
2021-Q4,Belgium,Brussels-Capital,Public services,Managers,Permanent,5.9,4618,36.8,2.57,40.4
2022-Q1,Belgium,Brussels-Capital,Public services,Managers,Permanent,5.82,4636,35.7,2.71,38.0
2022-Q2,Belgium,Brussels-Capital,Public services,Managers,Permanent,5.67,4740,36.6,3.0,36.7
2022-Q3,Belgium,Brussels-Capital,Public services,Managers,Permanent,6.09,4826,35.7,3.19,38.3
2022-Q4,Belgium,Brussels-Capital,Public services,Managers,Permanent,5.91,4897,36.5,3.09,36.8
2023-Q1,Belgium,Brussels-Capital,Public services,Managers,Permanent,5.82,4969,36.3,2.91,36.9
2023-Q2,Belgium,Brussels-Capital,Public services,Managers,Permanent,6.24,4982,36.3,3.26,36.1
2023-Q3,Belgium,Brussels-Capital,Public services,Managers,Permanent,6.06,5003,35.5,3.06,34.1
2023-Q4,Belgium,Brussels-Capital,Public services,Managers,Permanent,5.78,5094,36.7,2.95,36.1
2024-Q1,Belgium,Brussels-Capital,Public services,Managers,Permanent,5.79,5188,35.9,2.86,33.4
2024-Q2,Belgium,Brussels-Capital,Public services,Managers,Permanent,5.83,5236,36.3,2.45,35.5
2024-Q3,Belgium,Brussels-Capital,Public services,Managers,Permanent,6.08,5318,35.7,2.44,35.2
2024-Q4,Belgium,Brussels-Capital,Public services,Managers,Permanent,5.92,5357,36.7,2.74,36.4
2025-Q1,Belgium,Brussels-Capital,Public services,Managers,Permanent,5.84,5341,35.6,2.36,36.3
2025-Q2,Belgium,Brussels-Capital,Public services,Managers,Permanent,5.94,5452,36.8,2.74,33.2
2025-Q3,Belgium,Brussels-Capital,Public services,Managers,Permanent,6.16,5571,35.3,2.29,35.8
2025-Q4,Belgium,Brussels-Capital,Public services,Managers,Permanent,6.14,5667,36.8,2.61,38.0
2021-Q1,Belgium,Brussels-Capital,Public services,Managers,Self-employed,1.37,4711,40.1,2.61,47.0
2021-Q2,Belgium,Brussels-Capital,Public services,Managers,Self-employed,1.43,4730,40.4,2.72,49.4
2021-Q3,Belgium,Brussels-Capital,Public services,Managers,Self-employed,1.46,4829,39.9,2.89,48.3
2021-Q4,Belgium,Brussels-Capital,Public services,Managers,Self-employed,1.4,4868,40.7,3.27,45.1
2022-Q1,Belgium,Brussels-Capital,Public services,Managers,Self-employed,1.37,4997,40.2,3.54,48.7
2022-Q2,Belgium,Brussels-Capital,Public services,Managers,Self-employed,1.37,4952,41.0,3.62,43.2
2022-Q3,Belgium,Brussels-Capital,Public services,Managers,Self-employed,1.42,4992,39.6,3.1,42.9
2022-Q4,Belgium,Brussels-Capital,Public services,Managers,Self-employed,1.41,5190,40.8,3.83,43.1
2023-Q1,Belgium,Brussels-Capital,Public services,Managers,Self-employed,1.42,5241,40.2,3.1,40.8
2023-Q2,Belgium,Brussels-Capital,Public services,Managers,Self-employed,1.41,5168,40.6,3.0,42.0
2023-Q3,Belgium,Brussels-Capital,Public services,Managers,Self-employed,1.45,5400,39.7,3.37,40.2
2023-Q4,Belgium,Brussels-Capital,Public services,Managers,Self-employed,1.39,5289,40.6,3.33,39.1
2024-Q1,Belgium,Brussels-Capital,Public services,Managers,Self-employed,1.45,5476,40.0,3.39,39.7
2024-Q2,Belgium,Brussels-Capital,Public services,Managers,Self-employed,1.43,5595,40.7,2.81,41.3
2024-Q3,Belgium,Brussels-Capital,Public services,Managers,Self-employed,1.46,5635,40.1,2.77,38.6
2024-Q4,Belgium,Brussels-Capital,Public services,Managers,Self-employed,1.49,5657,40.9,2.31,40.9
2025-Q1,Belgium,Brussels-Capital,Public services,Managers,Self-employed,1.42,5760,40.3,2.61,39.4
2025-Q2,Belgium,Brussels-Capital,Public services,Managers,Self-employed,1.46,5834,40.5,2.73,40.5
2025-Q3,Belgium,Brussels-Capital,Public services,Managers,Self-employed,1.49,5855,39.7,2.4,42.5
2025-Q4,Belgium,Brussels-Capital,Public services,Managers,Self-employed,1.4,6000,40.9,2.65,42.1
2021-Q1,Belgium,Brussels-Capital,Public services,Professionals,Permanent,15.78,3786,36.2,2.63,45.0
2021-Q2,Belgium,Brussels-Capital,Public services,Professionals,Permanent,16.11,3813,36.7,2.37,42.5
2021-Q3,Belgium,Brussels-Capital,Public services,Professionals,Permanent,16.5,3913,35.7,2.47,40.6
2021-Q4,Belgium,Brussels-Capital,Public services,Professionals,Permanent,16.41,3872,36.5,2.67,40.7
2022-Q1,Belgium,Brussels-Capital,Public services,Professionals,Permanent,16.01,3940,36.1,2.4,40.2
2022-Q2,Belgium,Brussels-Capital,Public services,Professionals,Permanent,16.48,4035,36.7,2.88,40.7
2022-Q3,Belgium,Brussels-Capital,Public services,Professionals,Permanent,16.4,4039,35.8,2.98,40.2
2022-Q4,Belgium,Brussels-Capital,Public services,Professionals,Permanent,16.54,4052,36.8,2.94,38.7
2023-Q1,Belgium,Brussels-Capital,Public services,Professionals,Permanent,16.26,4204,36.3,2.8,39.2
2023-Q2,Belgium,Brussels-Capital,Public services,Professionals,Permanent,16.36,4210,36.7,2.92,38.6
2023-Q3,Belgium,Brussels-Capital,Public services,Professionals,Permanent,16.83,4315,35.9,2.7,38.7
2023-Q4,Belgium,Brussels-Capital,Public services,Professionals,Permanent,16.73,4358,36.6,2.7,35.5
2024-Q1,Belgium,Brussels-Capital,Public services,Professionals,Permanent,16.74,4356,36.0,2.74,35.7
2024-Q2,Belgium,Brussels-Capital,Public services,Professionals,Permanent,16.87,4539,36.9,2.56,38.0
2024-Q3,Belgium,Brussels-Capital,Public services,Professionals,Permanent,17.26,4517,35.6,2.32,36.3
2024-Q4,Belgium,Brussels-Capital,Public services,Professionals,Permanent,16.33,4658,36.9,2.47,36.6
2025-Q1,Belgium,Brussels-Capital,Public services,Professionals,Permanent,17.06,4626,36.1,2.32,34.4
2025-Q2,Belgium,Brussels-Capital,Public services,Professionals,Permanent,17.02,4695,36.3,2.44,38.9
2025-Q3,Belgium,Brussels-Capital,Public services,Professionals,Permanent,17.33,4722,35.8,2.23,38.7
2025-Q4,Belgium,Brussels-Capital,Public services,Professionals,Permanent,16.66,4797,36.8,2.4,36.1
2021-Q1,Belgium,Brussels-Capital,Public services,Professionals,Temporary,4.35,3111,32.1,2.5,37.9
2021-Q2,Belgium,Brussels-Capital,Public services,Professionals,Temporary,4.61,3177,32.8,2.53,40.4
2021-Q3,Belgium,Brussels-Capital,Public services,Professionals,Temporary,4.59,3208,31.8,3.09,38.6
2021-Q4,Belgium,Brussels-Capital,Public services,Professionals,Temporary,4.59,3288,33.0,2.93,37.4
2022-Q1,Belgium,Brussels-Capital,Public services,Professionals,Temporary,4.46,3312,32.2,2.7,38.7
2022-Q2,Belgium,Brussels-Capital,Public services,Professionals,Temporary,4.57,3334,32.5,3.14,37.8
2022-Q3,Belgium,Brussels-Capital,Public services,Professionals,Temporary,4.63,3351,31.4,3.06,37.8
2022-Q4,Belgium,Brussels-Capital,Public services,Professionals,Temporary,4.36,3427,32.9,3.23,36.4
2023-Q1,Belgium,Brussels-Capital,Public services,Professionals,Temporary,4.53,3475,32.3,2.74,35.3
2023-Q2,Belgium,Brussels-Capital,Public services,Professionals,Temporary,4.62,3466,32.8,3.04,35.1
2023-Q3,Belgium,Brussels-Capital,Public services,Professionals,Temporary,4.71,3522,32.3,2.64,33.7
2023-Q4,Belgium,Brussels-Capital,Public services,Professionals,Temporary,4.49,3618,33.1,3.19,31.8
2024-Q1,Belgium,Brussels-Capital,Public services,Professionals,Temporary,4.61,3543,32.5,2.91,34.8
2024-Q2,Belgium,Brussels-Capital,Public services,Professionals,Temporary,4.72,3646,33.0,2.64,33.8
2024-Q3,Belgium,Brussels-Capital,Public services,Professionals,Temporary,4.83,3722,32.1,2.34,35.7
2024-Q4,Belgium,Brussels-Capital,Public services,Professionals,Temporary,4.55,3704,32.8,2.7,33.4
2025-Q1,Belgium,Brussels-Capital,Public services,Professionals,Temporary,4.59,3841,32.4,2.24,32.5
2025-Q2,Belgium,Brussels-Capital,Public services,Professionals,Temporary,4.69,3816,32.8,2.3,33.4
2025-Q3,Belgium,Brussels-Capital,Public services,Professionals,Temporary,4.76,3894,32.0,2.24,34.1
2025-Q4,Belgium,Brussels-Capital,Public services,Professionals,Temporary,4.5,3960,32.9,2.26,32.8
2021-Q1,Belgium,Brussels-Capital,Public services,Professionals,Self-employed,3.41,4241,40.4,2.81,47.7
2021-Q2,Belgium,Brussels-Capital,Public services,Professionals,Self-employed,3.44,4283,41.1,2.93,48.7
2021-Q3,Belgium,Brussels-Capital,Public services,Professionals,Self-employed,3.58,4294,39.7,2.23,49.1
2021-Q4,Belgium,Brussels-Capital,Public services,Professionals,Self-employed,3.49,4358,40.8,3.0,50.3
2022-Q1,Belgium,Brussels-Capital,Public services,Professionals,Self-employed,3.48,4452,40.3,2.55,48.0
2022-Q2,Belgium,Brussels-Capital,Public services,Professionals,Self-employed,3.52,4476,40.6,2.88,46.1
2022-Q3,Belgium,Brussels-Capital,Public services,Professionals,Self-employed,3.54,4586,39.7,3.09,44.4
2022-Q4,Belgium,Brussels-Capital,Public services,Professionals,Self-employed,3.53,4598,41.2,2.85,44.0
2023-Q1,Belgium,Brussels-Capital,Public services,Professionals,Self-employed,3.55,4715,39.9,3.07,45.3
2023-Q2,Belgium,Brussels-Capital,Public services,Professionals,Self-employed,3.58,4707,41.0,3.1,43.9
2023-Q3,Belgium,Brussels-Capital,Public services,Professionals,Self-employed,3.6,4762,39.8,2.91,41.6
2023-Q4,Belgium,Brussels-Capital,Public services,Professionals,Self-employed,3.54,4856,41.2,2.96,42.5
2024-Q1,Belgium,Brussels-Capital,Public services,Professionals,Self-employed,3.48,4925,40.3,2.62,42.8
2024-Q2,Belgium,Brussels-Capital,Public services,Professionals,Self-employed,3.66,4991,40.9,3.1,41.5
2024-Q3,Belgium,Brussels-Capital,Public services,Professionals,Self-employed,3.64,4987,40.1,2.54,43.8
2024-Q4,Belgium,Brussels-Capital,Public services,Professionals,Self-employed,3.48,5055,40.8,2.57,41.9
2025-Q1,Belgium,Brussels-Capital,Public services,Professionals,Self-employed,3.62,5143,40.2,2.49,42.1
2025-Q2,Belgium,Brussels-Capital,Public services,Professionals,Self-employed,3.73,5306,40.9,2.6,43.0
2025-Q3,Belgium,Brussels-Capital,Public services,Professionals,Self-employed,3.67,5303,39.8,2.25,42.9
2025-Q4,Belgium,Brussels-Capital,Public services,Professionals,Self-employed,3.6,5370,41.1,2.58,45.0
2021-Q1,Belgium,Brussels-Capital,Public services,Clerical & service,Permanent,14.68,2579,35.5,2.73,27.1
2021-Q2,Belgium,Brussels-Capital,Public services,Clerical & service,Permanent,15.19,2681,36.4,2.72,27.0
2021-Q3,Belgium,Brussels-Capital,Public services,Clerical & service,Permanent,15.61,2684,35.6,3.19,26.3
2021-Q4,Belgium,Brussels-Capital,Public services,Clerical & service,Permanent,15.77,2705,36.6,2.97,25.6
2022-Q1,Belgium,Brussels-Capital,Public services,Clerical & service,Permanent,15.51,2722,35.9,3.1,25.6
2022-Q2,Belgium,Brussels-Capital,Public services,Clerical & service,Permanent,15.17,2775,36.1,3.07,26.0
2022-Q3,Belgium,Brussels-Capital,Public services,Clerical & service,Permanent,15.83,2798,35.4,3.48,25.9
2022-Q4,Belgium,Brussels-Capital,Public services,Clerical & service,Permanent,15.7,2837,36.6,3.49,26.6
2023-Q1,Belgium,Brussels-Capital,Public services,Clerical & service,Permanent,15.39,2893,35.4,3.0,26.0
2023-Q2,Belgium,Brussels-Capital,Public services,Clerical & service,Permanent,15.2,2910,36.5,3.13,23.3
2023-Q3,Belgium,Brussels-Capital,Public services,Clerical & service,Permanent,15.84,2980,35.5,3.25,25.8
2023-Q4,Belgium,Brussels-Capital,Public services,Clerical & service,Permanent,15.27,3018,36.6,3.08,23.0
2024-Q1,Belgium,Brussels-Capital,Public services,Clerical & service,Permanent,15.8,3013,35.7,3.03,23.4
2024-Q2,Belgium,Brussels-Capital,Public services,Clerical & service,Permanent,16.43,3060,36.3,2.85,22.9
2024-Q3,Belgium,Brussels-Capital,Public services,Clerical & service,Permanent,16.45,3098,35.5,2.64,24.1
2024-Q4,Belgium,Brussels-Capital,Public services,Clerical & service,Permanent,16.06,3133,36.4,2.6,22.7
2025-Q1,Belgium,Brussels-Capital,Public services,Clerical & service,Permanent,15.8,3189,35.5,2.57,23.6
2025-Q2,Belgium,Brussels-Capital,Public services,Clerical & service,Permanent,16.58,3217,35.8,2.76,23.0
2025-Q3,Belgium,Brussels-Capital,Public services,Clerical & service,Permanent,16.32,3255,35.2,2.71,22.8
2025-Q4,Belgium,Brussels-Capital,Public services,Clerical & service,Permanent,16.06,3276,36.2,2.85,25.0
2021-Q1,Belgium,Brussels-Capital,Public services,Clerical & service,Temporary,5.03,2107,32.3,2.68,23.7
2021-Q2,Belgium,Brussels-Capital,Public services,Clerical & service,Temporary,5.11,2126,32.9,2.64,24.2
2021-Q3,Belgium,Brussels-Capital,Public services,Clerical & service,Temporary,5.33,2162,32.1,2.61,25.1
2021-Q4,Belgium,Brussels-Capital,Public services,Clerical & service,Temporary,5.01,2184,33.1,2.94,23.9
2022-Q1,Belgium,Brussels-Capital,Public services,Clerical & service,Temporary,5.18,2194,32.2,3.05,21.9
2022-Q2,Belgium,Brussels-Capital,Public services,Clerical & service,Temporary,5.22,2231,32.7,2.94,22.0
2022-Q3,Belgium,Brussels-Capital,Public services,Clerical & service,Temporary,5.39,2286,32.3,3.12,24.6
2022-Q4,Belgium,Brussels-Capital,Public services,Clerical & service,Temporary,5.2,2309,33.1,3.11,24.1
2023-Q1,Belgium,Brussels-Capital,Public services,Clerical & service,Temporary,5.27,2322,32.2,2.91,24.4
2023-Q2,Belgium,Brussels-Capital,Public services,Clerical & service,Temporary,5.29,2367,33.1,3.11,22.5
2023-Q3,Belgium,Brussels-Capital,Public services,Clerical & service,Temporary,5.25,2370,31.7,3.02,23.5
2023-Q4,Belgium,Brussels-Capital,Public services,Clerical & service,Temporary,5.43,2400,33.2,2.94,21.6
2024-Q1,Belgium,Brussels-Capital,Public services,Clerical & service,Temporary,5.24,2463,32.4,2.67,22.2
2024-Q2,Belgium,Brussels-Capital,Public services,Clerical & service,Temporary,5.34,2471,32.8,2.78,21.4
2024-Q3,Belgium,Brussels-Capital,Public services,Clerical & service,Temporary,5.25,2498,32.0,2.68,22.9
2024-Q4,Belgium,Brussels-Capital,Public services,Clerical & service,Temporary,5.2,2565,33.2,2.35,22.8
2025-Q1,Belgium,Brussels-Capital,Public services,Clerical & service,Temporary,5.16,2566,32.3,2.48,22.2
2025-Q2,Belgium,Brussels-Capital,Public services,Clerical & service,Temporary,5.23,2649,33.3,2.7,22.7
2025-Q3,Belgium,Brussels-Capital,Public services,Clerical & service,Temporary,5.45,2621,32.1,2.25,23.0
2025-Q4,Belgium,Brussels-Capital,Public services,Clerical & service,Temporary,5.43,2677,33.2,2.56,21.9
2021-Q1,Belgium,Brussels-Capital,Trade & hospitality,Managers,Permanent,6.66,3898,37.8,5.24,14.6
2021-Q2,Belgium,Brussels-Capital,Trade & hospitality,Managers,Permanent,6.94,3886,38.2,6.02,14.4
2021-Q3,Belgium,Brussels-Capital,Trade & hospitality,Managers,Permanent,6.97,3935,37.4,5.95,13.1
2021-Q4,Belgium,Brussels-Capital,Trade & hospitality,Managers,Permanent,6.77,3971,38.4,5.58,14.2
2022-Q1,Belgium,Brussels-Capital,Trade & hospitality,Managers,Permanent,6.65,4079,37.9,6.58,14.1
2022-Q2,Belgium,Brussels-Capital,Trade & hospitality,Managers,Permanent,7.0,4118,38.7,5.95,11.7
2022-Q3,Belgium,Brussels-Capital,Trade & hospitality,Managers,Permanent,6.96,4131,37.7,6.84,14.5
2022-Q4,Belgium,Brussels-Capital,Trade & hospitality,Managers,Permanent,7.06,4230,38.5,6.02,13.2
2023-Q1,Belgium,Brussels-Capital,Trade & hospitality,Managers,Permanent,6.85,4246,38.1,6.01,14.0
2023-Q2,Belgium,Brussels-Capital,Trade & hospitality,Managers,Permanent,7.07,4339,38.3,5.42,12.2
2023-Q3,Belgium,Brussels-Capital,Trade & hospitality,Managers,Permanent,7.3,4406,37.4,6.41,12.7
2023-Q4,Belgium,Brussels-Capital,Trade & hospitality,Managers,Permanent,7.07,4418,38.5,5.4,12.8
2024-Q1,Belgium,Brussels-Capital,Trade & hospitality,Managers,Permanent,7.05,4444,38.1,6.34,13.4
2024-Q2,Belgium,Brussels-Capital,Trade & hospitality,Managers,Permanent,7.28,4517,38.4,5.73,12.1
2024-Q3,Belgium,Brussels-Capital,Trade & hospitality,Managers,Permanent,7.52,4583,37.4,5.0,12.4
2024-Q4,Belgium,Brussels-Capital,Trade & hospitality,Managers,Permanent,7.22,4635,38.7,4.68,11.6
2025-Q1,Belgium,Brussels-Capital,Trade & hospitality,Managers,Permanent,7.13,4662,38.0,5.61,10.4
2025-Q2,Belgium,Brussels-Capital,Trade & hospitality,Managers,Permanent,7.38,4720,38.1,4.94,13.1
2025-Q3,Belgium,Brussels-Capital,Trade & hospitality,Managers,Permanent,7.43,4880,37.3,4.64,13.3
2025-Q4,Belgium,Brussels-Capital,Trade & hospitality,Managers,Permanent,7.28,4850,38.5,5.26,13.4
2021-Q1,Belgium,Brussels-Capital,Trade & hospitality,Managers,Self-employed,1.65,4134,41.9,5.37,16.7
2021-Q2,Belgium,Brussels-Capital,Trade & hospitality,Managers,Self-employed,1.73,4082,42.2,5.43,15.9
2021-Q3,Belgium,Brussels-Capital,Trade & hospitality,Managers,Self-employed,1.72,4251,41.9,5.18,15.5
2021-Q4,Belgium,Brussels-Capital,Trade & hospitality,Managers,Self-employed,1.73,4280,42.8,5.51,14.1
2022-Q1,Belgium,Brussels-Capital,Trade & hospitality,Managers,Self-employed,1.7,4344,41.8,5.83,16.9
2022-Q2,Belgium,Brussels-Capital,Trade & hospitality,Managers,Self-employed,1.7,4355,42.2,5.99,14.9
2022-Q3,Belgium,Brussels-Capital,Trade & hospitality,Managers,Self-employed,1.75,4433,41.4,6.13,16.6
2022-Q4,Belgium,Brussels-Capital,Trade & hospitality,Managers,Self-employed,1.76,4441,42.6,6.44,16.3
2023-Q1,Belgium,Brussels-Capital,Trade & hospitality,Managers,Self-employed,1.67,4535,42.1,5.9,17.4
2023-Q2,Belgium,Brussels-Capital,Trade & hospitality,Managers,Self-employed,1.72,4585,42.1,6.04,17.3
2023-Q3,Belgium,Brussels-Capital,Trade & hospitality,Managers,Self-employed,1.76,4651,41.3,5.52,16.1
2023-Q4,Belgium,Brussels-Capital,Trade & hospitality,Managers,Self-employed,1.76,4735,42.5,5.29,13.7
2024-Q1,Belgium,Brussels-Capital,Trade & hospitality,Managers,Self-employed,1.66,4795,42.1,4.96,16.1
2024-Q2,Belgium,Brussels-Capital,Trade & hospitality,Managers,Self-employed,1.79,4839,42.3,5.58,15.5
2024-Q3,Belgium,Brussels-Capital,Trade & hospitality,Managers,Self-employed,1.79,4879,41.6,5.06,16.8
2024-Q4,Belgium,Brussels-Capital,Trade & hospitality,Managers,Self-employed,1.7,4972,42.7,4.8,13.3
2025-Q1,Belgium,Brussels-Capital,Trade & hospitality,Managers,Self-employed,1.68,4966,41.7,4.56,13.8
2025-Q2,Belgium,Brussels-Capital,Trade & hospitality,Managers,Self-employed,1.78,5044,42.2,4.91,16.0
2025-Q3,Belgium,Brussels-Capital,Trade & hospitality,Managers,Self-employed,1.81,5162,41.2,4.94,13.7
2025-Q4,Belgium,Brussels-Capital,Trade & hospitality,Managers,Self-employed,1.83,5180,42.7,4.69,15.4
2021-Q1,Belgium,Brussels-Capital,Trade & hospitality,Clerical & service,Permanent,20.58,2072,37.5,5.0,9.1
2021-Q2,Belgium,Brussels-Capital,Trade & hospitality,Clerical & service,Permanent,20.71,2110,38.3,5.23,8.2
2021-Q3,Belgium,Brussels-Capital,Trade & hospitality,Clerical & service,Permanent,20.96,2134,37.3,5.12,7.6
2021-Q4,Belgium,Brussels-Capital,Trade & hospitality,Clerical & service,Permanent,20.83,2143,38.4,5.66,6.8
2022-Q1,Belgium,Brussels-Capital,Trade & hospitality,Clerical & service,Permanent,20.52,2160,37.3,5.56,11.5
2022-Q2,Belgium,Brussels-Capital,Trade & hospitality,Clerical & service,Permanent,21.16,2213,37.8,5.67,9.0
2022-Q3,Belgium,Brussels-Capital,Trade & hospitality,Clerical & service,Permanent,20.92,2202,37.1,6.4,10.3
2022-Q4,Belgium,Brussels-Capital,Trade & hospitality,Clerical & service,Permanent,21.36,2256,38.0,6.46,8.2
2023-Q1,Belgium,Brussels-Capital,Trade & hospitality,Clerical & service,Permanent,21.43,2359,37.7,5.89,11.2
2023-Q2,Belgium,Brussels-Capital,Trade & hospitality,Clerical & service,Permanent,21.48,2321,37.8,6.12,8.7
2023-Q3,Belgium,Brussels-Capital,Trade & hospitality,Clerical & service,Permanent,22.45,2362,37.0,5.9,6.6
2023-Q4,Belgium,Brussels-Capital,Trade & hospitality,Clerical & service,Permanent,21.57,2385,38.3,5.09,7.6
2024-Q1,Belgium,Brussels-Capital,Trade & hospitality,Clerical & service,Permanent,20.98,2437,37.4,5.25,8.3
2024-Q2,Belgium,Brussels-Capital,Trade & hospitality,Clerical & service,Permanent,20.78,2386,38.0,4.81,6.6
2024-Q3,Belgium,Brussels-Capital,Trade & hospitality,Clerical & service,Permanent,22.04,2497,37.2,5.51,8.6
2024-Q4,Belgium,Brussels-Capital,Trade & hospitality,Clerical & service,Permanent,22.09,2538,38.2,5.07,8.4
2025-Q1,Belgium,Brussels-Capital,Trade & hospitality,Clerical & service,Permanent,21.5,2526,37.7,5.13,8.3
2025-Q2,Belgium,Brussels-Capital,Trade & hospitality,Clerical & service,Permanent,22.02,2586,38.0,5.2,8.8
2025-Q3,Belgium,Brussels-Capital,Trade & hospitality,Clerical & service,Permanent,23.09,2585,37.0,4.26,9.2
2025-Q4,Belgium,Brussels-Capital,Trade & hospitality,Clerical & service,Permanent,22.14,2621,38.3,4.9,10.2
2021-Q1,Belgium,Brussels-Capital,Trade & hospitality,Clerical & service,Temporary,5.58,1792,34.1,4.28,8.2
2021-Q2,Belgium,Brussels-Capital,Trade & hospitality,Clerical & service,Temporary,5.94,1805,34.4,5.01,7.8
2021-Q3,Belgium,Brussels-Capital,Trade & hospitality,Clerical & service,Temporary,6.14,1799,33.4,5.09,9.9
2021-Q4,Belgium,Brussels-Capital,Trade & hospitality,Clerical & service,Temporary,5.96,1806,34.4,5.24,7.7
2022-Q1,Belgium,Brussels-Capital,Trade & hospitality,Clerical & service,Temporary,5.96,1840,33.7,5.78,5.4
2022-Q2,Belgium,Brussels-Capital,Trade & hospitality,Clerical & service,Temporary,6.21,1859,34.3,5.91,8.5
2022-Q3,Belgium,Brussels-Capital,Trade & hospitality,Clerical & service,Temporary,6.16,1887,33.2,6.78,9.8
2022-Q4,Belgium,Brussels-Capital,Trade & hospitality,Clerical & service,Temporary,5.93,1950,34.1,5.99,9.0
2023-Q1,Belgium,Brussels-Capital,Trade & hospitality,Clerical & service,Temporary,6.09,1928,33.9,6.33,7.4
2023-Q2,Belgium,Brussels-Capital,Trade & hospitality,Clerical & service,Temporary,6.18,1959,34.2,5.78,7.4
2023-Q3,Belgium,Brussels-Capital,Trade & hospitality,Clerical & service,Temporary,6.3,2000,33.4,4.69,7.9
2023-Q4,Belgium,Brussels-Capital,Trade & hospitality,Clerical & service,Temporary,6.3,2009,34.4,4.97,8.4
2024-Q1,Belgium,Brussels-Capital,Trade & hospitality,Clerical & service,Temporary,5.94,2052,33.7,5.05,10.4
2024-Q2,Belgium,Brussels-Capital,Trade & hospitality,Clerical & service,Temporary,6.28,2070,34.2,4.95,6.9
2024-Q3,Belgium,Brussels-Capital,Trade & hospitality,Clerical & service,Temporary,6.44,2066,33.4,5.05,7.3
2024-Q4,Belgium,Brussels-Capital,Trade & hospitality,Clerical & service,Temporary,6.37,2097,34.2,5.19,6.3
2025-Q1,Belgium,Brussels-Capital,Trade & hospitality,Clerical & service,Temporary,6.18,2150,34.0,4.58,5.0
2025-Q2,Belgium,Brussels-Capital,Trade & hospitality,Clerical & service,Temporary,6.44,2178,34.4,4.82,8.3
2025-Q3,Belgium,Brussels-Capital,Trade & hospitality,Clerical & service,Temporary,6.15,2216,33.5,4.55,8.1
2025-Q4,Belgium,Brussels-Capital,Trade & hospitality,Clerical & service,Temporary,6.32,2251,34.5,4.03,8.6
2021-Q1,Belgium,Brussels-Capital,Trade & hospitality,Production & trades,Permanent,22.97,2390,37.7,4.47,3.4
2021-Q2,Belgium,Brussels-Capital,Trade & hospitality,Production & trades,Permanent,23.05,2444,38.3,4.54,2.0
2021-Q3,Belgium,Brussels-Capital,Trade & hospitality,Production & trades,Permanent,23.21,2477,37.4,4.77,3.9
2021-Q4,Belgium,Brussels-Capital,Trade & hospitality,Production & trades,Permanent,23.17,2527,38.6,5.67,2.4
2022-Q1,Belgium,Brussels-Capital,Trade & hospitality,Production & trades,Permanent,22.89,2540,37.9,5.44,0
2022-Q2,Belgium,Brussels-Capital,Trade & hospitality,Production & trades,Permanent,23.65,2572,38.4,5.67,3.7
2022-Q3,Belgium,Brussels-Capital,Trade & hospitality,Production & trades,Permanent,23.91,2588,37.2,5.43,6.5
2022-Q4,Belgium,Brussels-Capital,Trade & hospitality,Production & trades,Permanent,22.89,2598,38.3,5.84,4.5
2023-Q1,Belgium,Brussels-Capital,Trade & hospitality,Production & trades,Permanent,22.51,2682,37.9,5.72,3.3
2023-Q2,Belgium,Brussels-Capital,Trade & hospitality,Production & trades,Permanent,23.9,2636,38.4,5.26,5.0
2023-Q3,Belgium,Brussels-Capital,Trade & hospitality,Production & trades,Permanent,24.38,2696,37.4,5.29,5.1
2023-Q4,Belgium,Brussels-Capital,Trade & hospitality,Production & trades,Permanent,22.89,2714,38.6,5.12,3.3
2024-Q1,Belgium,Brussels-Capital,Trade & hospitality,Production & trades,Permanent,23.31,2768,38.1,5.59,3.7
2024-Q2,Belgium,Brussels-Capital,Trade & hospitality,Production & trades,Permanent,24.1,2890,38.4,5.11,2.7
2024-Q3,Belgium,Brussels-Capital,Trade & hospitality,Production & trades,Permanent,24.75,2851,37.3,4.76,2.7
2024-Q4,Belgium,Brussels-Capital,Trade & hospitality,Production & trades,Permanent,23.89,2880,38.5,4.79,1.6
2025-Q1,Belgium,Brussels-Capital,Trade & hospitality,Production & trades,Permanent,23.3,2902,38.0,4.34,2.4
2025-Q2,Belgium,Brussels-Capital,Trade & hospitality,Production & trades,Permanent,24.98,2954,38.3,4.29,2.4
2025-Q3,Belgium,Brussels-Capital,Trade & hospitality,Production & trades,Permanent,24.48,3031,37.2,4.84,3.5
2025-Q4,Belgium,Brussels-Capital,Trade & hospitality,Production & trades,Permanent,23.74,3048,38.5,4.1,1.4
2021-Q1,Belgium,Brussels-Capital,Trade & hospitality,Production & trades,Temporary,6.56,1874,34.0,4.39,2.0
2021-Q2,Belgium,Brussels-Capital,Trade & hospitality,Production & trades,Temporary,6.55,1899,34.5,4.47,2.5
2021-Q3,Belgium,Brussels-Capital,Trade & hospitality,Production & trades,Temporary,6.57,1952,33.7,4.51,2.4
2021-Q4,Belgium,Brussels-Capital,Trade & hospitality,Production & trades,Temporary,6.68,1962,35.0,5.18,3.3
2022-Q1,Belgium,Brussels-Capital,Trade & hospitality,Production & trades,Temporary,6.41,1954,34.2,5.72,3.1
2022-Q2,Belgium,Brussels-Capital,Trade & hospitality,Production & trades,Temporary,6.49,2026,34.6,6.16,3.2
2022-Q3,Belgium,Brussels-Capital,Trade & hospitality,Production & trades,Temporary,6.91,2041,33.9,6.26,2.5
2022-Q4,Belgium,Brussels-Capital,Trade & hospitality,Production & trades,Temporary,6.57,2038,35.1,5.76,4.4
2023-Q1,Belgium,Brussels-Capital,Trade & hospitality,Production & trades,Temporary,6.56,2124,34.1,5.56,3.4
2023-Q2,Belgium,Brussels-Capital,Trade & hospitality,Production & trades,Temporary,6.87,2116,34.7,6.13,5.1
2023-Q3,Belgium,Brussels-Capital,Trade & hospitality,Production & trades,Temporary,6.92,2141,33.5,5.53,3.4
2023-Q4,Belgium,Brussels-Capital,Trade & hospitality,Production & trades,Temporary,6.88,2177,34.9,5.29,3.6
2024-Q1,Belgium,Brussels-Capital,Trade & hospitality,Production & trades,Temporary,6.89,2196,34.2,5.11,2.4
2024-Q2,Belgium,Brussels-Capital,Trade & hospitality,Production & trades,Temporary,6.78,2265,34.5,4.77,1.6
2024-Q3,Belgium,Brussels-Capital,Trade & hospitality,Production & trades,Temporary,6.94,2254,34.0,4.58,3.5
2024-Q4,Belgium,Brussels-Capital,Trade & hospitality,Production & trades,Temporary,6.88,2294,34.8,4.81,2.3
2025-Q1,Belgium,Brussels-Capital,Trade & hospitality,Production & trades,Temporary,6.85,2295,34.1,4.91,1.8
2025-Q2,Belgium,Brussels-Capital,Trade & hospitality,Production & trades,Temporary,7.13,2337,34.8,4.8,2.0
2025-Q3,Belgium,Brussels-Capital,Trade & hospitality,Production & trades,Temporary,6.97,2372,33.8,4.0,2.9
2025-Q4,Belgium,Brussels-Capital,Trade & hospitality,Production & trades,Temporary,6.9,2392,34.8,3.92,3.9
2021-Q1,Belgium,Brussels-Capital,Trade & hospitality,Production & trades,Self-employed,5.16,2548,42.1,4.52,2.4
2021-Q2,Belgium,Brussels-Capital,Trade & hospitality,Production & trades,Self-employed,5.24,2547,42.5,4.82,4.5
2021-Q3,Belgium,Brussels-Capital,Trade & hospitality,Production & trades,Self-employed,5.31,2581,41.5,5.09,2.7
2021-Q4,Belgium,Brussels-Capital,Trade & hospitality,Production & trades,Self-employed,5.02,2629,42.6,5.66,6.3
2022-Q1,Belgium,Brussels-Capital,Trade & hospitality,Production & trades,Self-employed,5.28,2632,41.8,5.53,5.3
2022-Q2,Belgium,Brussels-Capital,Trade & hospitality,Production & trades,Self-employed,5.25,2654,42.2,5.39,2.0
2022-Q3,Belgium,Brussels-Capital,Trade & hospitality,Production & trades,Self-employed,5.36,2750,41.3,5.97,2.0
2022-Q4,Belgium,Brussels-Capital,Trade & hospitality,Production & trades,Self-employed,5.5,2716,43.0,6.3,4.0
2023-Q1,Belgium,Brussels-Capital,Trade & hospitality,Production & trades,Self-employed,5.24,2793,42.1,5.47,2.8
2023-Q2,Belgium,Brussels-Capital,Trade & hospitality,Production & trades,Self-employed,5.34,2808,42.7,5.36,4.9
2023-Q3,Belgium,Brussels-Capital,Trade & hospitality,Production & trades,Self-employed,5.32,2841,41.6,5.99,4.3
2023-Q4,Belgium,Brussels-Capital,Trade & hospitality,Production & trades,Self-employed,5.32,2882,42.8,5.36,4.9
2024-Q1,Belgium,Brussels-Capital,Trade & hospitality,Production & trades,Self-employed,5.48,2883,42.0,4.72,3.9
2024-Q2,Belgium,Brussels-Capital,Trade & hospitality,Production & trades,Self-employed,5.58,2972,42.6,4.88,3.9
2024-Q3,Belgium,Brussels-Capital,Trade & hospitality,Production & trades,Self-employed,5.42,3008,41.6,4.68,2.7
2024-Q4,Belgium,Brussels-Capital,Trade & hospitality,Production & trades,Self-employed,5.3,3022,42.9,4.78,1.7
2025-Q1,Belgium,Brussels-Capital,Trade & hospitality,Production & trades,Self-employed,5.52,3038,41.7,4.74,2.6
2025-Q2,Belgium,Brussels-Capital,Trade & hospitality,Production & trades,Self-employed,5.61,3130,42.5,4.21,5.0
2025-Q3,Belgium,Brussels-Capital,Trade & hospitality,Production & trades,Self-employed,5.62,3164,41.4,4.71,4.1
2025-Q4,Belgium,Brussels-Capital,Trade & hospitality,Production & trades,Self-employed,5.36,3170,42.6,4.14,3.5
2021-Q1,Belgium,Flanders,Manufacturing,Managers,Permanent,12.65,4637,38.1,3.86,18.0
2021-Q2,Belgium,Flanders,Manufacturing,Managers,Permanent,12.98,4691,38.7,3.87,15.0
2021-Q3,Belgium,Flanders,Manufacturing,Managers,Permanent,13.52,4748,37.6,3.96,17.5
2021-Q4,Belgium,Flanders,Manufacturing,Managers,Permanent,13.52,4779,38.9,4.32,19.0
2022-Q1,Belgium,Flanders,Manufacturing,Managers,Permanent,12.86,4816,38.1,4.24,17.0
2022-Q2,Belgium,Flanders,Manufacturing,Managers,Permanent,13.51,4913,38.6,4.58,17.2
2022-Q3,Belgium,Flanders,Manufacturing,Managers,Permanent,14.27,5032,37.8,4.49,17.6
2022-Q4,Belgium,Flanders,Manufacturing,Managers,Permanent,13.0,5020,38.4,4.4,17.7
2023-Q1,Belgium,Flanders,Manufacturing,Managers,Permanent,13.53,5069,38.2,4.63,17.7
2023-Q2,Belgium,Flanders,Manufacturing,Managers,Permanent,13.49,5208,38.8,4.67,18.0
2023-Q3,Belgium,Flanders,Manufacturing,Managers,Permanent,13.88,5195,37.6,3.69,16.5
2023-Q4,Belgium,Flanders,Manufacturing,Managers,Permanent,13.41,5250,38.7,3.76,14.4
2024-Q1,Belgium,Flanders,Manufacturing,Managers,Permanent,13.54,5331,38.1,3.71,17.9
2024-Q2,Belgium,Flanders,Manufacturing,Managers,Permanent,13.48,5380,38.3,3.74,16.4
2024-Q3,Belgium,Flanders,Manufacturing,Managers,Permanent,13.61,5527,37.4,3.47,15.1
2024-Q4,Belgium,Flanders,Manufacturing,Managers,Permanent,13.9,5612,38.8,3.46,17.3
2025-Q1,Belgium,Flanders,Manufacturing,Managers,Permanent,13.13,5574,38.1,3.37,17.3
2025-Q2,Belgium,Flanders,Manufacturing,Managers,Permanent,13.72,5714,38.4,3.52,14.8
2025-Q3,Belgium,Flanders,Manufacturing,Managers,Permanent,14.36,5812,37.7,3.74,14.1
2025-Q4,Belgium,Flanders,Manufacturing,Managers,Permanent,13.49,5894,38.8,3.15,17.3
2021-Q1,Belgium,Flanders,Manufacturing,Managers,Self-employed,2.7,4784,42.2,4.23,22.9
2021-Q2,Belgium,Flanders,Manufacturing,Managers,Self-employed,2.87,4864,42.5,4.2,22.0
2021-Q3,Belgium,Flanders,Manufacturing,Managers,Self-employed,2.92,4926,41.9,3.49,21.5
2021-Q4,Belgium,Flanders,Manufacturing,Managers,Self-employed,2.85,4927,42.8,4.18,20.7
2022-Q1,Belgium,Flanders,Manufacturing,Managers,Self-employed,2.82,4988,42.2,4.53,19.5
2022-Q2,Belgium,Flanders,Manufacturing,Managers,Self-employed,2.9,5046,42.7,4.55,19.5
2022-Q3,Belgium,Flanders,Manufacturing,Managers,Self-employed,2.93,5163,42.0,4.63,19.6
2022-Q4,Belgium,Flanders,Manufacturing,Managers,Self-employed,2.83,5175,42.7,4.97,21.0
2023-Q1,Belgium,Flanders,Manufacturing,Managers,Self-employed,2.96,5200,42.4,4.23,18.8
2023-Q2,Belgium,Flanders,Manufacturing,Managers,Self-employed,2.9,5348,42.8,4.31,19.3
2023-Q3,Belgium,Flanders,Manufacturing,Managers,Self-employed,2.95,5392,42.0,4.3,17.9
2023-Q4,Belgium,Flanders,Manufacturing,Managers,Self-employed,2.94,5469,42.8,3.61,16.8
2024-Q1,Belgium,Flanders,Manufacturing,Managers,Self-employed,2.85,5576,42.2,4.24,18.0
2024-Q2,Belgium,Flanders,Manufacturing,Managers,Self-employed,3.02,5631,42.6,3.77,16.5
2024-Q3,Belgium,Flanders,Manufacturing,Managers,Self-employed,3.04,5634,41.8,4.09,18.6
2024-Q4,Belgium,Flanders,Manufacturing,Managers,Self-employed,3.06,5755,42.9,3.8,18.5
2025-Q1,Belgium,Flanders,Manufacturing,Managers,Self-employed,2.89,5791,42.5,3.12,18.2
2025-Q2,Belgium,Flanders,Manufacturing,Managers,Self-employed,2.98,5880,42.7,3.42,16.6
2025-Q3,Belgium,Flanders,Manufacturing,Managers,Self-employed,3.04,5975,42.0,3.67,20.1
2025-Q4,Belgium,Flanders,Manufacturing,Managers,Self-employed,2.96,5978,42.9,3.37,19.0
2021-Q1,Belgium,Flanders,Manufacturing,Professionals,Permanent,27.24,3936,37.7,4.08,17.6
2021-Q2,Belgium,Flanders,Manufacturing,Professionals,Permanent,28.38,4032,38.4,4.25,19.2
2021-Q3,Belgium,Flanders,Manufacturing,Professionals,Permanent,29.84,4107,37.3,3.8,20.1
2021-Q4,Belgium,Flanders,Manufacturing,Professionals,Permanent,27.87,4049,38.5,4.65,19.0
2022-Q1,Belgium,Flanders,Manufacturing,Professionals,Permanent,28.19,4181,37.8,4.4,18.2
2022-Q2,Belgium,Flanders,Manufacturing,Professionals,Permanent,29.97,4242,38.4,4.48,18.5
2022-Q3,Belgium,Flanders,Manufacturing,Professionals,Permanent,29.12,4274,37.5,4.69,18.3
2022-Q4,Belgium,Flanders,Manufacturing,Professionals,Permanent,29.39,4326,38.6,4.72,17.8
2023-Q1,Belgium,Flanders,Manufacturing,Professionals,Permanent,28.17,4386,37.9,4.36,19.1
2023-Q2,Belgium,Flanders,Manufacturing,Professionals,Permanent,29.47,4360,38.6,4.62,18.0
2023-Q3,Belgium,Flanders,Manufacturing,Professionals,Permanent,30.07,4488,37.6,4.21,19.2
2023-Q4,Belgium,Flanders,Manufacturing,Professionals,Permanent,29.52,4442,38.4,4.15,13.7
2024-Q1,Belgium,Flanders,Manufacturing,Professionals,Permanent,29.24,4578,37.9,3.9,16.2
2024-Q2,Belgium,Flanders,Manufacturing,Professionals,Permanent,29.84,4709,38.2,3.89,17.1
2024-Q3,Belgium,Flanders,Manufacturing,Professionals,Permanent,29.97,4724,37.7,3.95,16.6
2024-Q4,Belgium,Flanders,Manufacturing,Professionals,Permanent,29.63,4733,38.6,3.63,16.1
2025-Q1,Belgium,Flanders,Manufacturing,Professionals,Permanent,28.46,4857,38.3,3.8,15.8
2025-Q2,Belgium,Flanders,Manufacturing,Professionals,Permanent,31.05,4894,38.5,3.57,18.5
2025-Q3,Belgium,Flanders,Manufacturing,Professionals,Permanent,30.18,5010,37.3,3.68,16.1
2025-Q4,Belgium,Flanders,Manufacturing,Professionals,Permanent,29.29,4990,38.7,3.4,18.0
2021-Q1,Belgium,Flanders,Manufacturing,Professionals,Temporary,8.76,3297,34.3,3.59,21.0
2021-Q2,Belgium,Flanders,Manufacturing,Professionals,Temporary,9.07,3295,34.7,3.21,18.6
2021-Q3,Belgium,Flanders,Manufacturing,Professionals,Temporary,9.1,3293,34.1,3.84,18.5
2021-Q4,Belgium,Flanders,Manufacturing,Professionals,Temporary,8.89,3327,35.2,3.48,16.6
2022-Q1,Belgium,Flanders,Manufacturing,Professionals,Temporary,9.18,3391,34.5,3.32,17.5
2022-Q2,Belgium,Flanders,Manufacturing,Professionals,Temporary,9.54,3450,34.8,4.3,16.5
2022-Q3,Belgium,Flanders,Manufacturing,Professionals,Temporary,9.11,3483,34.4,4.01,17.7
2022-Q4,Belgium,Flanders,Manufacturing,Professionals,Temporary,9.05,3503,35.2,4.15,18.0
2023-Q1,Belgium,Flanders,Manufacturing,Professionals,Temporary,9.03,3577,34.2,4.13,15.6
2023-Q2,Belgium,Flanders,Manufacturing,Professionals,Temporary,8.83,3613,35.2,3.75,16.5
2023-Q3,Belgium,Flanders,Manufacturing,Professionals,Temporary,9.12,3632,34.4,3.3,16.1
2023-Q4,Belgium,Flanders,Manufacturing,Professionals,Temporary,8.94,3689,34.8,3.69,16.7
2024-Q1,Belgium,Flanders,Manufacturing,Professionals,Temporary,9.18,3766,34.4,3.67,14.0
2024-Q2,Belgium,Flanders,Manufacturing,Professionals,Temporary,9.33,3832,35.0,3.75,16.4
2024-Q3,Belgium,Flanders,Manufacturing,Professionals,Temporary,9.49,3830,33.9,3.85,15.3
2024-Q4,Belgium,Flanders,Manufacturing,Professionals,Temporary,9.03,3865,35.4,3.16,15.8
2025-Q1,Belgium,Flanders,Manufacturing,Professionals,Temporary,9.19,3923,34.8,3.68,16.4
2025-Q2,Belgium,Flanders,Manufacturing,Professionals,Temporary,9.4,3978,35.3,3.38,13.7
2025-Q3,Belgium,Flanders,Manufacturing,Professionals,Temporary,9.7,4028,34.0,3.09,15.8
2025-Q4,Belgium,Flanders,Manufacturing,Professionals,Temporary,9.21,4101,35.2,2.9,16.2
2021-Q1,Belgium,Flanders,Manufacturing,Professionals,Self-employed,7.05,4158,41.9,3.76,22.3
2021-Q2,Belgium,Flanders,Manufacturing,Professionals,Self-employed,6.96,4158,42.6,3.77,23.0
2021-Q3,Belgium,Flanders,Manufacturing,Professionals,Self-employed,6.9,4256,41.6,4.05,22.1
2021-Q4,Belgium,Flanders,Manufacturing,Professionals,Self-employed,7.02,4301,42.6,4.46,22.0
2022-Q1,Belgium,Flanders,Manufacturing,Professionals,Self-employed,6.79,4338,42.0,4.18,18.7
2022-Q2,Belgium,Flanders,Manufacturing,Professionals,Self-employed,7.26,4421,42.4,4.52,21.9
2022-Q3,Belgium,Flanders,Manufacturing,Professionals,Self-employed,7.32,4450,41.4,4.56,21.1
2022-Q4,Belgium,Flanders,Manufacturing,Professionals,Self-employed,7.02,4565,42.5,4.74,23.1
2023-Q1,Belgium,Flanders,Manufacturing,Professionals,Self-employed,6.88,4561,42.1,4.66,20.2
2023-Q2,Belgium,Flanders,Manufacturing,Professionals,Self-employed,7.09,4597,42.4,4.65,19.9
2023-Q3,Belgium,Flanders,Manufacturing,Professionals,Self-employed,7.09,4716,41.5,4.6,20.2
2023-Q4,Belgium,Flanders,Manufacturing,Professionals,Self-employed,7.07,4781,43.2,4.2,19.0
2024-Q1,Belgium,Flanders,Manufacturing,Professionals,Self-employed,6.99,4827,42.0,4.14,18.3
2024-Q2,Belgium,Flanders,Manufacturing,Professionals,Self-employed,7.23,4851,42.6,3.86,18.9
2024-Q3,Belgium,Flanders,Manufacturing,Professionals,Self-employed,7.37,4897,41.9,3.86,19.3
2024-Q4,Belgium,Flanders,Manufacturing,Professionals,Self-employed,7.03,4985,42.6,3.67,18.7
2025-Q1,Belgium,Flanders,Manufacturing,Professionals,Self-employed,6.96,5021,42.1,3.64,20.2
2025-Q2,Belgium,Flanders,Manufacturing,Professionals,Self-employed,7.19,5107,42.5,3.8,19.8
2025-Q3,Belgium,Flanders,Manufacturing,Professionals,Self-employed,7.3,5264,41.5,3.65,18.8
2025-Q4,Belgium,Flanders,Manufacturing,Professionals,Self-employed,6.99,5247,42.7,3.53,20.3
2021-Q1,Belgium,Flanders,Manufacturing,Technicians,Permanent,29.4,3358,38.2,4.25,14.8
2021-Q2,Belgium,Flanders,Manufacturing,Technicians,Permanent,29.8,3417,38.5,4.15,12.8
2021-Q3,Belgium,Flanders,Manufacturing,Technicians,Permanent,30.7,3390,37.7,4.08,13.4
2021-Q4,Belgium,Flanders,Manufacturing,Technicians,Permanent,29.42,3527,38.9,4.33,14.3
2022-Q1,Belgium,Flanders,Manufacturing,Technicians,Permanent,28.01,3564,37.9,4.31,12.9
2022-Q2,Belgium,Flanders,Manufacturing,Technicians,Permanent,30.02,3571,38.3,4.86,14.1
2022-Q3,Belgium,Flanders,Manufacturing,Technicians,Permanent,30.58,3669,37.7,4.67,13.0
2022-Q4,Belgium,Flanders,Manufacturing,Technicians,Permanent,30.36,3719,38.8,4.48,13.0
2023-Q1,Belgium,Flanders,Manufacturing,Technicians,Permanent,29.62,3775,38.0,4.97,12.9
2023-Q2,Belgium,Flanders,Manufacturing,Technicians,Permanent,30.17,3799,38.6,4.51,11.6
2023-Q3,Belgium,Flanders,Manufacturing,Technicians,Permanent,29.74,3846,37.5,4.14,10.9
2023-Q4,Belgium,Flanders,Manufacturing,Technicians,Permanent,29.84,3872,38.8,4.89,14.9
2024-Q1,Belgium,Flanders,Manufacturing,Technicians,Permanent,29.05,3930,38.0,4.13,12.2
2024-Q2,Belgium,Flanders,Manufacturing,Technicians,Permanent,30.57,3910,38.8,3.88,11.9
2024-Q3,Belgium,Flanders,Manufacturing,Technicians,Permanent,31.04,4030,37.9,3.84,12.6
2024-Q4,Belgium,Flanders,Manufacturing,Technicians,Permanent,30.63,4108,39.0,3.37,11.8
2025-Q1,Belgium,Flanders,Manufacturing,Technicians,Permanent,29.09,4082,38.1,4.14,12.7
2025-Q2,Belgium,Flanders,Manufacturing,Technicians,Permanent,30.35,4225,38.6,3.95,13.6
2025-Q3,Belgium,Flanders,Manufacturing,Technicians,Permanent,32.03,4201,37.7,3.36,11.3
2025-Q4,Belgium,Flanders,Manufacturing,Technicians,Permanent,29.84,4310,38.8,3.89,11.7
2021-Q1,Belgium,Flanders,Manufacturing,Technicians,Temporary,7.66,2764,33.8,3.9,14.4
2021-Q2,Belgium,Flanders,Manufacturing,Technicians,Temporary,7.71,2806,34.6,3.97,13.7
2021-Q3,Belgium,Flanders,Manufacturing,Technicians,Temporary,7.85,2850,33.9,4.21,13.0
2021-Q4,Belgium,Flanders,Manufacturing,Technicians,Temporary,7.62,2894,34.8,4.03,12.8
2022-Q1,Belgium,Flanders,Manufacturing,Technicians,Temporary,7.69,2917,33.7,4.32,10.5
2022-Q2,Belgium,Flanders,Manufacturing,Technicians,Temporary,8.02,2974,34.6,4.73,12.3
2022-Q3,Belgium,Flanders,Manufacturing,Technicians,Temporary,7.99,3013,33.6,4.7,12.2
2022-Q4,Belgium,Flanders,Manufacturing,Technicians,Temporary,7.85,2983,34.7,4.8,12.5
2023-Q1,Belgium,Flanders,Manufacturing,Technicians,Temporary,7.69,3065,34.0,4.7,13.1
2023-Q2,Belgium,Flanders,Manufacturing,Technicians,Temporary,7.99,3113,34.5,4.25,11.2
2023-Q3,Belgium,Flanders,Manufacturing,Technicians,Temporary,7.67,3165,33.7,4.71,11.6
2023-Q4,Belgium,Flanders,Manufacturing,Technicians,Temporary,7.83,3118,34.9,4.23,11.2
2024-Q1,Belgium,Flanders,Manufacturing,Technicians,Temporary,7.56,3239,33.8,4.38,12.5
2024-Q2,Belgium,Flanders,Manufacturing,Technicians,Temporary,8.33,3254,34.3,4.19,11.2
2024-Q3,Belgium,Flanders,Manufacturing,Technicians,Temporary,8.19,3311,33.3,3.85,12.6
2024-Q4,Belgium,Flanders,Manufacturing,Technicians,Temporary,8.15,3295,34.7,3.9,11.6
2025-Q1,Belgium,Flanders,Manufacturing,Technicians,Temporary,7.79,3342,33.8,3.48,9.8
2025-Q2,Belgium,Flanders,Manufacturing,Technicians,Temporary,8.01,3401,34.6,3.69,13.0
2025-Q3,Belgium,Flanders,Manufacturing,Technicians,Temporary,8.08,3434,33.8,3.8,11.4
2025-Q4,Belgium,Flanders,Manufacturing,Technicians,Temporary,7.94,3521,34.6,3.57,12.4
2021-Q1,Belgium,Flanders,Manufacturing,Production & trades,Permanent,38.02,2969,38.1,4.53,3.2
2021-Q2,Belgium,Flanders,Manufacturing,Production & trades,Permanent,38.8,3013,38.2,4.16,7.3
2021-Q3,Belgium,Flanders,Manufacturing,Production & trades,Permanent,38.09,3090,37.6,4.73,4.5
2021-Q4,Belgium,Flanders,Manufacturing,Production & trades,Permanent,38.55,3057,38.7,4.46,3.4
2022-Q1,Belgium,Flanders,Manufacturing,Production & trades,Permanent,37.09,3104,37.8,4.42,5.2
2022-Q2,Belgium,Flanders,Manufacturing,Production & trades,Permanent,38.46,3159,38.3,4.52,3.8
2022-Q3,Belgium,Flanders,Manufacturing,Production & trades,Permanent,39.56,3192,37.0,5.1,4.0
2022-Q4,Belgium,Flanders,Manufacturing,Production & trades,Permanent,39.76,3285,38.9,5.13,3.2
2023-Q1,Belgium,Flanders,Manufacturing,Production & trades,Permanent,37.84,3321,38.1,5.01,4.6
2023-Q2,Belgium,Flanders,Manufacturing,Production & trades,Permanent,40.43,3352,38.7,4.95,3.6
2023-Q3,Belgium,Flanders,Manufacturing,Production & trades,Permanent,40.92,3329,37.8,4.99,3.9
2023-Q4,Belgium,Flanders,Manufacturing,Production & trades,Permanent,37.58,3442,38.8,5.18,4.8
2024-Q1,Belgium,Flanders,Manufacturing,Production & trades,Permanent,39.86,3457,38.0,4.35,3.7
2024-Q2,Belgium,Flanders,Manufacturing,Production & trades,Permanent,40.29,3510,38.4,4.17,4.7
2024-Q3,Belgium,Flanders,Manufacturing,Production & trades,Permanent,40.72,3520,37.5,4.59,4.3
2024-Q4,Belgium,Flanders,Manufacturing,Production & trades,Permanent,38.55,3566,38.4,4.06,3.6
2025-Q1,Belgium,Flanders,Manufacturing,Production & trades,Permanent,39.44,3571,38.5,3.84,3.7
2025-Q2,Belgium,Flanders,Manufacturing,Production & trades,Permanent,42.05,3697,38.8,4.31,4.5
2025-Q3,Belgium,Flanders,Manufacturing,Production & trades,Permanent,40.71,3687,37.5,3.74,4.3
2025-Q4,Belgium,Flanders,Manufacturing,Production & trades,Permanent,39.02,3733,38.5,4.16,5.3
2021-Q1,Belgium,Flanders,Manufacturing,Production & trades,Temporary,11.18,2443,33.9,4.23,3.6
2021-Q2,Belgium,Flanders,Manufacturing,Production & trades,Temporary,11.65,2451,34.7,4.14,4.1
2021-Q3,Belgium,Flanders,Manufacturing,Production & trades,Temporary,11.84,2416,33.7,4.44,5.1
2021-Q4,Belgium,Flanders,Manufacturing,Production & trades,Temporary,11.28,2499,34.7,4.41,5.0
2022-Q1,Belgium,Flanders,Manufacturing,Production & trades,Temporary,11.36,2480,34.1,4.05,4.2
2022-Q2,Belgium,Flanders,Manufacturing,Production & trades,Temporary,11.69,2576,34.8,4.4,5.1
2022-Q3,Belgium,Flanders,Manufacturing,Production & trades,Temporary,11.98,2591,33.6,4.38,5.3
2022-Q4,Belgium,Flanders,Manufacturing,Production & trades,Temporary,11.7,2640,35.2,3.85,2.9
2023-Q1,Belgium,Flanders,Manufacturing,Production & trades,Temporary,11.62,2646,34.3,4.67,0.1
2023-Q2,Belgium,Flanders,Manufacturing,Production & trades,Temporary,11.79,2658,34.5,4.88,4.4
2023-Q3,Belgium,Flanders,Manufacturing,Production & trades,Temporary,12.02,2765,33.4,4.13,3.4
2023-Q4,Belgium,Flanders,Manufacturing,Production & trades,Temporary,11.4,2746,34.9,4.11,2.9
2024-Q1,Belgium,Flanders,Manufacturing,Production & trades,Temporary,11.73,2802,34.2,4.03,3.2
2024-Q2,Belgium,Flanders,Manufacturing,Production & trades,Temporary,11.93,2819,34.6,4.04,5.7
2024-Q3,Belgium,Flanders,Manufacturing,Production & trades,Temporary,11.78,2855,34.0,4.23,2.9
2024-Q4,Belgium,Flanders,Manufacturing,Production & trades,Temporary,12.03,2875,34.9,2.99,4.6
2025-Q1,Belgium,Flanders,Manufacturing,Production & trades,Temporary,11.49,2941,34.2,3.21,5.7
2025-Q2,Belgium,Flanders,Manufacturing,Production & trades,Temporary,12.03,2961,34.6,3.92,3.5
2025-Q3,Belgium,Flanders,Manufacturing,Production & trades,Temporary,12.38,3001,33.5,3.78,5.7
2025-Q4,Belgium,Flanders,Manufacturing,Production & trades,Temporary,11.95,3039,34.9,3.64,3.5
2021-Q1,Belgium,Flanders,Manufacturing,Production & trades,Self-employed,8.29,2969,42.2,4.44,6.8
2021-Q2,Belgium,Flanders,Manufacturing,Production & trades,Self-employed,8.47,3056,42.6,5.05,5.3
2021-Q3,Belgium,Flanders,Manufacturing,Production & trades,Self-employed,8.69,3075,41.7,4.26,8.5
2021-Q4,Belgium,Flanders,Manufacturing,Production & trades,Self-employed,8.52,3134,43.1,4.9,5.5
2022-Q1,Belgium,Flanders,Manufacturing,Production & trades,Self-employed,8.42,3145,42.1,4.62,6.6
2022-Q2,Belgium,Flanders,Manufacturing,Production & trades,Self-employed,8.71,3233,42.8,5.13,6.0
2022-Q3,Belgium,Flanders,Manufacturing,Production & trades,Self-employed,8.48,3214,41.9,5.39,6.8
2022-Q4,Belgium,Flanders,Manufacturing,Production & trades,Self-employed,8.41,3285,42.6,5.33,3.9
2023-Q1,Belgium,Flanders,Manufacturing,Production & trades,Self-employed,8.66,3344,42.0,5.36,4.6
2023-Q2,Belgium,Flanders,Manufacturing,Production & trades,Self-employed,8.55,3335,42.6,5.92,5.0
2023-Q3,Belgium,Flanders,Manufacturing,Production & trades,Self-employed,8.78,3420,41.7,4.72,3.3
2023-Q4,Belgium,Flanders,Manufacturing,Production & trades,Self-employed,8.45,3421,42.8,4.5,5.1
2024-Q1,Belgium,Flanders,Manufacturing,Production & trades,Self-employed,8.64,3483,42.5,4.29,4.6
2024-Q2,Belgium,Flanders,Manufacturing,Production & trades,Self-employed,8.86,3544,42.6,3.93,5.4
2024-Q3,Belgium,Flanders,Manufacturing,Production & trades,Self-employed,8.98,3571,42.0,4.55,4.9
2024-Q4,Belgium,Flanders,Manufacturing,Production & trades,Self-employed,8.76,3618,43.1,3.86,4.2
2025-Q1,Belgium,Flanders,Manufacturing,Production & trades,Self-employed,8.84,3703,42.3,3.85,6.4
2025-Q2,Belgium,Flanders,Manufacturing,Production & trades,Self-employed,8.51,3725,42.8,4.02,6.3
2025-Q3,Belgium,Flanders,Manufacturing,Production & trades,Self-employed,8.83,3748,41.6,4.18,5.0
2025-Q4,Belgium,Flanders,Manufacturing,Production & trades,Self-employed,8.57,3793,43.2,3.76,3.0
2021-Q1,Belgium,Flanders,Construction,Managers,Permanent,7.93,4236,38.5,4.95,7.4
2021-Q2,Belgium,Flanders,Construction,Managers,Permanent,8.21,4353,39.1,5.25,9.2
2021-Q3,Belgium,Flanders,Construction,Managers,Permanent,8.24,4292,38.3,5.03,10.8
2021-Q4,Belgium,Flanders,Construction,Managers,Permanent,8.11,4360,39.3,5.29,9.0
2022-Q1,Belgium,Flanders,Construction,Managers,Permanent,8.14,4467,38.3,5.35,10.3
2022-Q2,Belgium,Flanders,Construction,Managers,Permanent,8.02,4460,39.0,6.39,8.4
2022-Q3,Belgium,Flanders,Construction,Managers,Permanent,8.51,4574,38.2,6.21,8.5
2022-Q4,Belgium,Flanders,Construction,Managers,Permanent,8.18,4617,39.1,5.88,8.6
2023-Q1,Belgium,Flanders,Construction,Managers,Permanent,8.0,4730,38.4,6.52,6.7
2023-Q2,Belgium,Flanders,Construction,Managers,Permanent,8.0,4710,38.9,6.47,6.1
2023-Q3,Belgium,Flanders,Construction,Managers,Permanent,8.51,4746,38.4,5.6,6.3
2023-Q4,Belgium,Flanders,Construction,Managers,Permanent,8.12,4907,39.1,5.56,9.5
2024-Q1,Belgium,Flanders,Construction,Managers,Permanent,8.36,4865,38.7,5.12,6.1
2024-Q2,Belgium,Flanders,Construction,Managers,Permanent,8.26,4979,39.0,4.97,7.5
2024-Q3,Belgium,Flanders,Construction,Managers,Permanent,8.47,5075,38.2,5.3,6.5
2024-Q4,Belgium,Flanders,Construction,Managers,Permanent,8.24,5130,39.1,5.33,9.3
2025-Q1,Belgium,Flanders,Construction,Managers,Permanent,8.29,5150,38.3,4.85,8.4
2025-Q2,Belgium,Flanders,Construction,Managers,Permanent,8.51,5210,38.9,4.72,8.6
2025-Q3,Belgium,Flanders,Construction,Managers,Permanent,8.41,5325,38.0,4.54,7.6
2025-Q4,Belgium,Flanders,Construction,Managers,Permanent,8.19,5350,38.9,4.27,10.2
2021-Q1,Belgium,Flanders,Construction,Managers,Self-employed,1.82,4813,42.3,5.35,10.7
2021-Q2,Belgium,Flanders,Construction,Managers,Self-employed,1.86,4906,43.0,4.48,11.4
2021-Q3,Belgium,Flanders,Construction,Managers,Self-employed,1.85,5024,41.9,4.96,9.0
2021-Q4,Belgium,Flanders,Construction,Managers,Self-employed,1.84,5010,43.2,5.37,9.0
2022-Q1,Belgium,Flanders,Construction,Managers,Self-employed,1.82,5102,42.3,5.71,10.5
2022-Q2,Belgium,Flanders,Construction,Managers,Self-employed,1.83,5140,43.1,5.56,12.8
2022-Q3,Belgium,Flanders,Construction,Managers,Self-employed,1.89,5273,42.0,5.21,10.6
2022-Q4,Belgium,Flanders,Construction,Managers,Self-employed,1.8,5221,43.1,6.11,10.5
2023-Q1,Belgium,Flanders,Construction,Managers,Self-employed,1.82,5353,42.4,5.41,9.5
2023-Q2,Belgium,Flanders,Construction,Managers,Self-employed,1.93,5393,42.9,5.13,7.7
2023-Q3,Belgium,Flanders,Construction,Managers,Self-employed,1.93,5470,42.1,5.36,8.2
2023-Q4,Belgium,Flanders,Construction,Managers,Self-employed,1.87,5503,43.1,4.98,7.9
2024-Q1,Belgium,Flanders,Construction,Managers,Self-employed,1.87,5590,42.5,4.69,10.9
2024-Q2,Belgium,Flanders,Construction,Managers,Self-employed,1.96,5666,42.9,4.73,8.5
2024-Q3,Belgium,Flanders,Construction,Managers,Self-employed,1.92,5794,42.1,4.85,9.4
2024-Q4,Belgium,Flanders,Construction,Managers,Self-employed,1.91,5836,43.2,4.93,10.2
2025-Q1,Belgium,Flanders,Construction,Managers,Self-employed,1.87,5893,42.5,4.05,10.5
2025-Q2,Belgium,Flanders,Construction,Managers,Self-employed,1.92,5921,43.2,4.13,10.2
2025-Q3,Belgium,Flanders,Construction,Managers,Self-employed,1.92,6018,42.1,4.57,9.4
2025-Q4,Belgium,Flanders,Construction,Managers,Self-employed,1.85,6139,43.1,4.65,9.4
2021-Q1,Belgium,Flanders,Construction,Technicians,Permanent,18.87,3181,38.7,4.94,7.4
2021-Q2,Belgium,Flanders,Construction,Technicians,Permanent,18.86,3230,38.9,4.45,7.6
2021-Q3,Belgium,Flanders,Construction,Technicians,Permanent,19.43,3302,37.8,4.6,5.4
2021-Q4,Belgium,Flanders,Construction,Technicians,Permanent,18.87,3342,39.1,4.75,10.1
2022-Q1,Belgium,Flanders,Construction,Technicians,Permanent,19.21,3361,38.2,4.7,4.4
2022-Q2,Belgium,Flanders,Construction,Technicians,Permanent,19.26,3395,38.5,5.92,8.5
2022-Q3,Belgium,Flanders,Construction,Technicians,Permanent,19.58,3432,38.2,5.96,6.3
2022-Q4,Belgium,Flanders,Construction,Technicians,Permanent,18.6,3522,39.2,5.41,6.4
2023-Q1,Belgium,Flanders,Construction,Technicians,Permanent,19.04,3479,38.3,5.27,4.3
2023-Q2,Belgium,Flanders,Construction,Technicians,Permanent,19.1,3612,38.7,5.62,6.7
2023-Q3,Belgium,Flanders,Construction,Technicians,Permanent,20.29,3612,37.9,5.2,4.9
2023-Q4,Belgium,Flanders,Construction,Technicians,Permanent,19.59,3624,39.4,4.61,7.8
2024-Q1,Belgium,Flanders,Construction,Technicians,Permanent,19.18,3724,38.0,4.91,5.1
2024-Q2,Belgium,Flanders,Construction,Technicians,Permanent,19.84,3749,38.8,5.06,6.0
2024-Q3,Belgium,Flanders,Construction,Technicians,Permanent,19.88,3761,37.9,4.22,5.4
2024-Q4,Belgium,Flanders,Construction,Technicians,Permanent,18.89,3840,38.9,4.37,6.2
2025-Q1,Belgium,Flanders,Construction,Technicians,Permanent,20.04,3942,38.5,3.87,5.4
2025-Q2,Belgium,Flanders,Construction,Technicians,Permanent,20.23,3932,39.1,4.46,6.1
2025-Q3,Belgium,Flanders,Construction,Technicians,Permanent,19.41,3988,38.1,3.63,6.5
2025-Q4,Belgium,Flanders,Construction,Technicians,Permanent,19.31,4097,39.1,4.07,3.3
2021-Q1,Belgium,Flanders,Construction,Technicians,Temporary,5.14,2731,34.6,4.84,4.2
2021-Q2,Belgium,Flanders,Construction,Technicians,Temporary,5.32,2744,35.1,5.15,7.9
2021-Q3,Belgium,Flanders,Construction,Technicians,Temporary,5.38,2798,34.2,5.42,7.0
2021-Q4,Belgium,Flanders,Construction,Technicians,Temporary,5.32,2851,35.1,5.61,6.5
2022-Q1,Belgium,Flanders,Construction,Technicians,Temporary,5.25,2885,34.7,5.82,9.0
2022-Q2,Belgium,Flanders,Construction,Technicians,Temporary,5.4,2846,35.2,6.26,5.6
2022-Q3,Belgium,Flanders,Construction,Technicians,Temporary,5.56,2973,34.2,5.93,6.4
2022-Q4,Belgium,Flanders,Construction,Technicians,Temporary,5.48,2943,35.1,5.72,6.2
2023-Q1,Belgium,Flanders,Construction,Technicians,Temporary,5.36,3048,34.3,5.85,8.0
2023-Q2,Belgium,Flanders,Construction,Technicians,Temporary,5.43,3083,35.2,5.67,5.6
2023-Q3,Belgium,Flanders,Construction,Technicians,Temporary,5.59,3098,34.3,5.79,5.9
2023-Q4,Belgium,Flanders,Construction,Technicians,Temporary,5.42,3128,35.1,5.35,4.3
2024-Q1,Belgium,Flanders,Construction,Technicians,Temporary,5.41,3205,34.3,5.65,4.9
2024-Q2,Belgium,Flanders,Construction,Technicians,Temporary,5.74,3196,35.3,5.08,6.5
2024-Q3,Belgium,Flanders,Construction,Technicians,Temporary,5.51,3273,34.0,4.92,5.1
2024-Q4,Belgium,Flanders,Construction,Technicians,Temporary,5.56,3291,35.3,5.03,6.9
2025-Q1,Belgium,Flanders,Construction,Technicians,Temporary,5.55,3341,34.4,5.42,7.1
2025-Q2,Belgium,Flanders,Construction,Technicians,Temporary,5.74,3433,34.8,4.66,5.0
2025-Q3,Belgium,Flanders,Construction,Technicians,Temporary,5.76,3426,34.0,4.36,5.6
2025-Q4,Belgium,Flanders,Construction,Technicians,Temporary,5.64,3487,35.2,4.53,5.0
2021-Q1,Belgium,Flanders,Construction,Production & trades,Permanent,26.74,2863,38.6,3.77,1.6
2021-Q2,Belgium,Flanders,Construction,Production & trades,Permanent,26.24,2861,39.2,4.07,3.8
2021-Q3,Belgium,Flanders,Construction,Production & trades,Permanent,27.61,2881,38.1,4.72,1.0
2021-Q4,Belgium,Flanders,Construction,Production & trades,Permanent,26.58,2908,39.3,4.46,1.3
2022-Q1,Belgium,Flanders,Construction,Production & trades,Permanent,26.01,3000,38.9,5.16,4.2
2022-Q2,Belgium,Flanders,Construction,Production & trades,Permanent,27.87,3032,39.3,5.39,2.0
2022-Q3,Belgium,Flanders,Construction,Production & trades,Permanent,27.27,3050,38.0,4.63,1.9
2022-Q4,Belgium,Flanders,Construction,Production & trades,Permanent,25.87,3106,39.4,5.14,2.5
2023-Q1,Belgium,Flanders,Construction,Production & trades,Permanent,26.56,3121,38.4,5.18,3.1
2023-Q2,Belgium,Flanders,Construction,Production & trades,Permanent,27.38,3208,39.1,5.17,1.4
2023-Q3,Belgium,Flanders,Construction,Production & trades,Permanent,27.58,3189,38.2,4.98,3.4
2023-Q4,Belgium,Flanders,Construction,Production & trades,Permanent,27.35,3237,39.6,4.71,0
2024-Q1,Belgium,Flanders,Construction,Production & trades,Permanent,27.15,3292,38.8,4.4,3.3
2024-Q2,Belgium,Flanders,Construction,Production & trades,Permanent,27.63,3321,38.8,4.0,2.9
2024-Q3,Belgium,Flanders,Construction,Production & trades,Permanent,29.0,3341,37.9,4.08,0.8
2024-Q4,Belgium,Flanders,Construction,Production & trades,Permanent,26.72,3427,39.1,4.38,2.1
2025-Q1,Belgium,Flanders,Construction,Production & trades,Permanent,27.93,3455,38.5,4.44,1.9
2025-Q2,Belgium,Flanders,Construction,Production & trades,Permanent,27.9,3543,39.1,3.96,2.6
2025-Q3,Belgium,Flanders,Construction,Production & trades,Permanent,28.17,3472,38.0,4.17,1.6
2025-Q4,Belgium,Flanders,Construction,Production & trades,Permanent,27.44,3580,39.3,4.14,2.1
2021-Q1,Belgium,Flanders,Construction,Production & trades,Temporary,8.14,2243,35.0,4.68,2.7
2021-Q2,Belgium,Flanders,Construction,Production & trades,Temporary,8.62,2231,35.5,4.72,0.3
2021-Q3,Belgium,Flanders,Construction,Production & trades,Temporary,8.54,2278,34.6,5.05,0.7
2021-Q4,Belgium,Flanders,Construction,Production & trades,Temporary,8.25,2274,35.9,5.06,2.4
2022-Q1,Belgium,Flanders,Construction,Production & trades,Temporary,8.32,2319,34.6,5.11,2.1
2022-Q2,Belgium,Flanders,Construction,Production & trades,Temporary,8.36,2362,35.4,5.85,1.4
2022-Q3,Belgium,Flanders,Construction,Production & trades,Temporary,8.41,2383,34.3,5.92,1.7
2022-Q4,Belgium,Flanders,Construction,Production & trades,Temporary,8.46,2428,35.5,5.13,1.6
2023-Q1,Belgium,Flanders,Construction,Production & trades,Temporary,7.94,2403,35.1,5.18,3.2
2023-Q2,Belgium,Flanders,Construction,Production & trades,Temporary,8.69,2459,35.5,5.35,0
2023-Q3,Belgium,Flanders,Construction,Production & trades,Temporary,8.68,2509,34.7,5.49,3.0
2023-Q4,Belgium,Flanders,Construction,Production & trades,Temporary,8.12,2531,35.9,5.19,2.6
2024-Q1,Belgium,Flanders,Construction,Production & trades,Temporary,8.58,2545,35.2,5.02,2.5
2024-Q2,Belgium,Flanders,Construction,Production & trades,Temporary,8.41,2596,35.6,4.62,2.2
2024-Q3,Belgium,Flanders,Construction,Production & trades,Temporary,8.71,2655,34.6,4.61,0.9
2024-Q4,Belgium,Flanders,Construction,Production & trades,Temporary,8.43,2680,35.7,4.25,2.0
2025-Q1,Belgium,Flanders,Construction,Production & trades,Temporary,8.5,2688,35.3,4.45,0.9
2025-Q2,Belgium,Flanders,Construction,Production & trades,Temporary,8.37,2707,35.4,3.79,0
2025-Q3,Belgium,Flanders,Construction,Production & trades,Temporary,8.45,2750,34.2,4.09,0.8
2025-Q4,Belgium,Flanders,Construction,Production & trades,Temporary,8.17,2801,35.7,4.62,1.8
2021-Q1,Belgium,Flanders,Construction,Production & trades,Self-employed,5.57,3065,42.5,4.56,4.8
2021-Q2,Belgium,Flanders,Construction,Production & trades,Self-employed,5.52,3152,42.8,5.22,3.8
2021-Q3,Belgium,Flanders,Construction,Production & trades,Self-employed,5.8,3150,42.1,5.42,2.2
2021-Q4,Belgium,Flanders,Construction,Production & trades,Self-employed,5.43,3169,43.0,5.41,3.7
2022-Q1,Belgium,Flanders,Construction,Production & trades,Self-employed,5.55,3267,42.3,5.27,0
2022-Q2,Belgium,Flanders,Construction,Production & trades,Self-employed,5.7,3330,42.8,5.43,4.4
2022-Q3,Belgium,Flanders,Construction,Production & trades,Self-employed,5.67,3328,42.0,5.47,5.1
2022-Q4,Belgium,Flanders,Construction,Production & trades,Self-employed,5.71,3337,43.1,5.79,2.9
2023-Q1,Belgium,Flanders,Construction,Production & trades,Self-employed,5.55,3395,42.4,5.2,1.8
2023-Q2,Belgium,Flanders,Construction,Production & trades,Self-employed,5.74,3446,43.0,5.51,1.5
2023-Q3,Belgium,Flanders,Construction,Production & trades,Self-employed,5.85,3500,42.2,5.29,1.6
2023-Q4,Belgium,Flanders,Construction,Production & trades,Self-employed,5.75,3548,43.0,5.68,3.6
2024-Q1,Belgium,Flanders,Construction,Production & trades,Self-employed,5.52,3574,42.2,5.03,2.5
2024-Q2,Belgium,Flanders,Construction,Production & trades,Self-employed,5.71,3575,42.8,4.58,3.0
2024-Q3,Belgium,Flanders,Construction,Production & trades,Self-employed,5.81,3673,42.3,5.19,2.6
2024-Q4,Belgium,Flanders,Construction,Production & trades,Self-employed,5.67,3682,43.1,4.62,2.5
2025-Q1,Belgium,Flanders,Construction,Production & trades,Self-employed,5.82,3775,42.3,4.55,2.6
2025-Q2,Belgium,Flanders,Construction,Production & trades,Self-employed,5.72,3824,42.6,4.67,3.9
2025-Q3,Belgium,Flanders,Construction,Production & trades,Self-employed,5.69,3828,42.3,4.3,2.1
2025-Q4,Belgium,Flanders,Construction,Production & trades,Self-employed,5.76,3862,43.0,4.05,1.4
2021-Q1,Belgium,Flanders,ICT,Managers,Permanent,7.13,5575,36.5,5.97,89.1
2021-Q2,Belgium,Flanders,ICT,Managers,Permanent,7.13,5669,36.7,5.83,86.1
2021-Q3,Belgium,Flanders,ICT,Managers,Permanent,7.11,5653,36.2,6.07,86.2
2021-Q4,Belgium,Flanders,ICT,Managers,Permanent,7.09,5684,37.1,6.69,83.8
2022-Q1,Belgium,Flanders,ICT,Managers,Permanent,7.15,5815,36.2,6.19,83.5
2022-Q2,Belgium,Flanders,ICT,Managers,Permanent,7.37,5808,36.6,6.82,83.3
2022-Q3,Belgium,Flanders,ICT,Managers,Permanent,7.56,5951,35.8,5.91,83.1
2022-Q4,Belgium,Flanders,ICT,Managers,Permanent,7.34,6019,37.1,7.14,81.7
2023-Q1,Belgium,Flanders,ICT,Managers,Permanent,7.24,6068,36.3,6.69,81.3
2023-Q2,Belgium,Flanders,ICT,Managers,Permanent,7.49,6226,36.9,6.55,76.6
2023-Q3,Belgium,Flanders,ICT,Managers,Permanent,7.43,6173,35.6,6.96,78.3
2023-Q4,Belgium,Flanders,ICT,Managers,Permanent,7.24,6340,36.9,5.63,76.9
2024-Q1,Belgium,Flanders,ICT,Managers,Permanent,7.37,6446,36.5,6.18,74.3
2024-Q2,Belgium,Flanders,ICT,Managers,Permanent,7.8,6530,36.9,5.84,75.6
2024-Q3,Belgium,Flanders,ICT,Managers,Permanent,7.9,6544,36.0,6.27,76.6
2024-Q4,Belgium,Flanders,ICT,Managers,Permanent,7.75,6671,36.9,5.44,76.9
2025-Q1,Belgium,Flanders,ICT,Managers,Permanent,7.48,6739,36.4,5.59,75.8
2025-Q2,Belgium,Flanders,ICT,Managers,Permanent,7.9,6880,36.9,5.83,75.3
2025-Q3,Belgium,Flanders,ICT,Managers,Permanent,8.02,6875,36.0,4.93,78.8
2025-Q4,Belgium,Flanders,ICT,Managers,Permanent,7.9,7034,36.9,5.26,75.7
2021-Q1,Belgium,Flanders,ICT,Managers,Self-employed,1.6,6118,40.4,5.02,92
2021-Q2,Belgium,Flanders,ICT,Managers,Self-employed,1.65,6164,41.2,5.18,92
2021-Q3,Belgium,Flanders,ICT,Managers,Self-employed,1.64,6275,40.3,4.9,92
2021-Q4,Belgium,Flanders,ICT,Managers,Self-employed,1.58,6339,41.1,5.16,92
2022-Q1,Belgium,Flanders,ICT,Managers,Self-employed,1.6,6383,40.7,5.46,92
2022-Q2,Belgium,Flanders,ICT,Managers,Self-employed,1.68,6511,41.0,5.55,92
2022-Q3,Belgium,Flanders,ICT,Managers,Self-employed,1.62,6593,40.1,5.79,92
2022-Q4,Belgium,Flanders,ICT,Managers,Self-employed,1.7,6632,41.1,6.4,92
2023-Q1,Belgium,Flanders,ICT,Managers,Self-employed,1.68,6670,40.4,6.2,90.5
2023-Q2,Belgium,Flanders,ICT,Managers,Self-employed,1.71,6817,41.3,5.35,90.6
2023-Q3,Belgium,Flanders,ICT,Managers,Self-employed,1.63,6883,40.1,5.47,88.9
2023-Q4,Belgium,Flanders,ICT,Managers,Self-employed,1.68,6907,41.3,4.83,86.8
2024-Q1,Belgium,Flanders,ICT,Managers,Self-employed,1.69,7035,40.7,5.9,84.1
2024-Q2,Belgium,Flanders,ICT,Managers,Self-employed,1.65,7151,41.4,4.9,85.4
2024-Q3,Belgium,Flanders,ICT,Managers,Self-employed,1.77,7247,40.1,4.39,89.1
2024-Q4,Belgium,Flanders,ICT,Managers,Self-employed,1.74,7456,41.5,4.28,88.9
2025-Q1,Belgium,Flanders,ICT,Managers,Self-employed,1.7,7436,40.7,4.14,86.3
2025-Q2,Belgium,Flanders,ICT,Managers,Self-employed,1.72,7502,41.2,4.58,88.3
2025-Q3,Belgium,Flanders,ICT,Managers,Self-employed,1.76,7551,40.5,4.61,90.7
2025-Q4,Belgium,Flanders,ICT,Managers,Self-employed,1.71,7721,41.6,4.73,88.8
2021-Q1,Belgium,Flanders,ICT,Professionals,Permanent,17.23,4893,36.6,5.26,92
2021-Q2,Belgium,Flanders,ICT,Professionals,Permanent,17.52,4931,37.3,5.7,90.9
2021-Q3,Belgium,Flanders,ICT,Professionals,Permanent,17.93,4970,36.2,5.85,90.2
2021-Q4,Belgium,Flanders,ICT,Professionals,Permanent,17.99,5011,37.2,5.08,90.4
2022-Q1,Belgium,Flanders,ICT,Professionals,Permanent,17.71,5121,36.5,5.65,91.4
2022-Q2,Belgium,Flanders,ICT,Professionals,Permanent,17.82,5211,36.9,6.38,84.8
2022-Q3,Belgium,Flanders,ICT,Professionals,Permanent,18.06,5225,36.1,6.11,87.8
2022-Q4,Belgium,Flanders,ICT,Professionals,Permanent,18.26,5277,37.1,7.08,84.3
2023-Q1,Belgium,Flanders,ICT,Professionals,Permanent,18.02,5375,36.6,6.22,84.9
2023-Q2,Belgium,Flanders,ICT,Professionals,Permanent,19.0,5512,37.0,5.69,84.7
2023-Q3,Belgium,Flanders,ICT,Professionals,Permanent,18.99,5553,35.7,5.49,83.2
2023-Q4,Belgium,Flanders,ICT,Professionals,Permanent,18.94,5589,37.4,5.61,79.9
2024-Q1,Belgium,Flanders,ICT,Professionals,Permanent,19.11,5635,36.3,5.45,80.4
2024-Q2,Belgium,Flanders,ICT,Professionals,Permanent,19.13,5765,37.0,5.08,79.6
2024-Q3,Belgium,Flanders,ICT,Professionals,Permanent,19.25,5710,35.9,5.08,80.7
2024-Q4,Belgium,Flanders,ICT,Professionals,Permanent,18.76,5912,37.1,5.41,81.2
2025-Q1,Belgium,Flanders,ICT,Professionals,Permanent,19.27,5878,36.4,4.63,80.7
2025-Q2,Belgium,Flanders,ICT,Professionals,Permanent,19.19,6018,36.8,4.57,82.3
2025-Q3,Belgium,Flanders,ICT,Professionals,Permanent,19.18,6155,36.0,4.82,80.8
2025-Q4,Belgium,Flanders,ICT,Professionals,Permanent,19.65,6228,37.1,4.78,83.6
2021-Q1,Belgium,Flanders,ICT,Professionals,Temporary,5.53,3685,32.4,5.04,86.3
2021-Q2,Belgium,Flanders,ICT,Professionals,Temporary,5.65,3694,32.8,5.54,84.1
2021-Q3,Belgium,Flanders,ICT,Professionals,Temporary,5.75,3796,32.1,5.21,82.7
2021-Q4,Belgium,Flanders,ICT,Professionals,Temporary,5.7,3795,32.9,6.03,82.9
2022-Q1,Belgium,Flanders,ICT,Professionals,Temporary,5.58,3884,32.6,5.79,82.4
2022-Q2,Belgium,Flanders,ICT,Professionals,Temporary,5.62,3960,33.2,5.98,81.7
2022-Q3,Belgium,Flanders,ICT,Professionals,Temporary,5.91,3993,32.4,6.35,79.0
2022-Q4,Belgium,Flanders,ICT,Professionals,Temporary,5.74,4018,33.4,7.1,77.5
2023-Q1,Belgium,Flanders,ICT,Professionals,Temporary,5.48,4105,32.5,6.77,78.6
2023-Q2,Belgium,Flanders,ICT,Professionals,Temporary,5.97,4195,33.1,5.86,76.0
2023-Q3,Belgium,Flanders,ICT,Professionals,Temporary,5.93,4171,32.0,5.3,74.3
2023-Q4,Belgium,Flanders,ICT,Professionals,Temporary,5.78,4249,33.1,5.66,72.3
2024-Q1,Belgium,Flanders,ICT,Professionals,Temporary,5.79,4325,32.7,5.41,73.9
2024-Q2,Belgium,Flanders,ICT,Professionals,Temporary,5.92,4323,33.0,5.05,73.4
2024-Q3,Belgium,Flanders,ICT,Professionals,Temporary,6.08,4411,32.1,4.63,73.0
2024-Q4,Belgium,Flanders,ICT,Professionals,Temporary,5.87,4478,33.3,5.16,74.1
2025-Q1,Belgium,Flanders,ICT,Professionals,Temporary,5.77,4494,32.4,5.47,75.7
2025-Q2,Belgium,Flanders,ICT,Professionals,Temporary,6.06,4614,33.2,4.4,75.6
2025-Q3,Belgium,Flanders,ICT,Professionals,Temporary,6.16,4672,32.2,4.79,73.6
2025-Q4,Belgium,Flanders,ICT,Professionals,Temporary,6.23,4699,33.5,5.2,73.1
2021-Q1,Belgium,Flanders,ICT,Professionals,Self-employed,4.4,5227,41.1,4.89,92
2021-Q2,Belgium,Flanders,ICT,Professionals,Self-employed,4.43,5249,41.9,5.64,92
2021-Q3,Belgium,Flanders,ICT,Professionals,Self-employed,4.65,5352,40.7,5.52,92
2021-Q4,Belgium,Flanders,ICT,Professionals,Self-employed,4.35,5433,41.6,5.41,92
2022-Q1,Belgium,Flanders,ICT,Professionals,Self-employed,4.35,5491,41.0,6.18,92
2022-Q2,Belgium,Flanders,ICT,Professionals,Self-employed,4.58,5529,41.5,6.67,92
2022-Q3,Belgium,Flanders,ICT,Professionals,Self-employed,4.61,5671,41.1,6.09,92
2022-Q4,Belgium,Flanders,ICT,Professionals,Self-employed,4.44,5659,41.7,6.11,92
2023-Q1,Belgium,Flanders,ICT,Professionals,Self-employed,4.48,5847,41.2,6.07,92
2023-Q2,Belgium,Flanders,ICT,Professionals,Self-employed,4.74,5878,41.4,6.07,92
2023-Q3,Belgium,Flanders,ICT,Professionals,Self-employed,4.6,6005,40.8,5.79,92
2023-Q4,Belgium,Flanders,ICT,Professionals,Self-employed,4.6,6055,41.7,5.96,90.8
2024-Q1,Belgium,Flanders,ICT,Professionals,Self-employed,4.56,6164,40.9,5.56,91.1
2024-Q2,Belgium,Flanders,ICT,Professionals,Self-employed,4.83,6223,41.5,5.79,91.6
2024-Q3,Belgium,Flanders,ICT,Professionals,Self-employed,4.86,6194,40.9,5.23,92.0
2024-Q4,Belgium,Flanders,ICT,Professionals,Self-employed,4.68,6260,41.6,4.26,92
2025-Q1,Belgium,Flanders,ICT,Professionals,Self-employed,4.7,6419,41.1,4.68,92
2025-Q2,Belgium,Flanders,ICT,Professionals,Self-employed,4.92,6547,41.5,5.37,91.2
2025-Q3,Belgium,Flanders,ICT,Professionals,Self-employed,4.86,6539,40.9,4.35,92
2025-Q4,Belgium,Flanders,ICT,Professionals,Self-employed,4.77,6563,41.7,4.38,92
2021-Q1,Belgium,Flanders,ICT,Technicians,Permanent,15.05,3846,36.9,4.79,70.0
2021-Q2,Belgium,Flanders,ICT,Technicians,Permanent,15.79,3948,37.6,4.94,70.6
2021-Q3,Belgium,Flanders,ICT,Technicians,Permanent,15.76,3898,36.5,5.05,67.2
2021-Q4,Belgium,Flanders,ICT,Technicians,Permanent,15.18,4039,37.6,5.36,65.2
2022-Q1,Belgium,Flanders,ICT,Technicians,Permanent,15.46,4106,37.0,5.84,66.3
2022-Q2,Belgium,Flanders,ICT,Technicians,Permanent,16.29,4173,37.5,5.83,64.3
2022-Q3,Belgium,Flanders,ICT,Technicians,Permanent,15.62,4181,36.4,5.76,63.8
2022-Q4,Belgium,Flanders,ICT,Technicians,Permanent,16.3,4182,37.8,5.25,62.9
2023-Q1,Belgium,Flanders,ICT,Technicians,Permanent,15.78,4275,36.9,5.59,60.9
2023-Q2,Belgium,Flanders,ICT,Technicians,Permanent,16.69,4308,37.5,5.71,60.5
2023-Q3,Belgium,Flanders,ICT,Technicians,Permanent,17.15,4388,36.5,4.92,60.0
2023-Q4,Belgium,Flanders,ICT,Technicians,Permanent,16.2,4485,37.8,5.35,57.6
2024-Q1,Belgium,Flanders,ICT,Technicians,Permanent,15.64,4502,36.7,5.48,57.9
2024-Q2,Belgium,Flanders,ICT,Technicians,Permanent,17.01,4579,37.7,5.12,59.6
2024-Q3,Belgium,Flanders,ICT,Technicians,Permanent,17.42,4584,36.1,5.2,58.1
2024-Q4,Belgium,Flanders,ICT,Technicians,Permanent,15.91,4672,37.7,4.47,60.3
2025-Q1,Belgium,Flanders,ICT,Technicians,Permanent,16.04,4803,36.8,4.37,60.7
2025-Q2,Belgium,Flanders,ICT,Technicians,Permanent,16.92,4721,37.0,4.52,60.2
2025-Q3,Belgium,Flanders,ICT,Technicians,Permanent,17.37,4890,36.4,4.53,59.0
2025-Q4,Belgium,Flanders,ICT,Technicians,Permanent,16.71,4894,37.5,4.1,61.0
2021-Q1,Belgium,Flanders,ICT,Technicians,Temporary,4.12,3340,33.1,5.9,62.4
2021-Q2,Belgium,Flanders,ICT,Technicians,Temporary,4.15,3348,33.7,5.38,63.3
2021-Q3,Belgium,Flanders,ICT,Technicians,Temporary,4.16,3399,32.5,5.95,60.3
2021-Q4,Belgium,Flanders,ICT,Technicians,Temporary,4.21,3465,34.2,6.22,62.1
2022-Q1,Belgium,Flanders,ICT,Technicians,Temporary,4.22,3484,33.2,6.48,62.4
2022-Q2,Belgium,Flanders,ICT,Technicians,Temporary,4.32,3517,33.7,7.34,60.3
2022-Q3,Belgium,Flanders,ICT,Technicians,Temporary,4.48,3621,32.5,6.95,61.1
2022-Q4,Belgium,Flanders,ICT,Technicians,Temporary,4.24,3569,33.6,6.93,57.5
2023-Q1,Belgium,Flanders,ICT,Technicians,Temporary,4.24,3644,33.2,6.66,56.9
2023-Q2,Belgium,Flanders,ICT,Technicians,Temporary,4.43,3727,33.5,7.32,55.7
2023-Q3,Belgium,Flanders,ICT,Technicians,Temporary,4.52,3779,32.8,6.22,55.5
2023-Q4,Belgium,Flanders,ICT,Technicians,Temporary,4.44,3841,34.0,6.14,55.3
2024-Q1,Belgium,Flanders,ICT,Technicians,Temporary,4.35,3838,33.1,5.39,53.3
2024-Q2,Belgium,Flanders,ICT,Technicians,Temporary,4.47,3900,33.7,5.92,53.8
2024-Q3,Belgium,Flanders,ICT,Technicians,Temporary,4.65,3975,32.7,6.04,57.1
2024-Q4,Belgium,Flanders,ICT,Technicians,Temporary,4.54,3988,33.7,6.12,55.9
2025-Q1,Belgium,Flanders,ICT,Technicians,Temporary,4.51,4103,33.1,5.2,54.8
2025-Q2,Belgium,Flanders,ICT,Technicians,Temporary,4.5,4126,33.8,5.74,56.3
2025-Q3,Belgium,Flanders,ICT,Technicians,Temporary,4.77,4155,32.5,5.49,54.3
2025-Q4,Belgium,Flanders,ICT,Technicians,Temporary,4.77,4214,33.8,5.31,55.0
2021-Q1,Belgium,Flanders,Public services,Managers,Permanent,13.62,4481,35.6,2.63,43.2
2021-Q2,Belgium,Flanders,Public services,Managers,Permanent,13.91,4503,36.1,2.77,40.1
2021-Q3,Belgium,Flanders,Public services,Managers,Permanent,14.28,4618,35.1,2.55,41.4
2021-Q4,Belgium,Flanders,Public services,Managers,Permanent,13.9,4597,36.8,2.57,39.8
2022-Q1,Belgium,Flanders,Public services,Managers,Permanent,13.7,4746,35.6,2.98,39.0
2022-Q2,Belgium,Flanders,Public services,Managers,Permanent,14.43,4767,35.9,3.1,36.1
2022-Q3,Belgium,Flanders,Public services,Managers,Permanent,14.34,4835,35.1,3.0,37.4
2022-Q4,Belgium,Flanders,Public services,Managers,Permanent,14.06,4909,36.6,2.9,39.6
2023-Q1,Belgium,Flanders,Public services,Managers,Permanent,13.76,4968,35.8,2.82,38.3
2023-Q2,Belgium,Flanders,Public services,Managers,Permanent,14.28,5055,36.2,3.05,34.9
2023-Q3,Belgium,Flanders,Public services,Managers,Permanent,13.79,5053,35.5,2.62,37.0
2023-Q4,Belgium,Flanders,Public services,Managers,Permanent,14.27,5092,36.5,3.04,34.4
2024-Q1,Belgium,Flanders,Public services,Managers,Permanent,13.76,5176,35.6,2.93,35.5
2024-Q2,Belgium,Flanders,Public services,Managers,Permanent,14.52,5285,36.1,2.53,37.6
2024-Q3,Belgium,Flanders,Public services,Managers,Permanent,14.35,5342,35.2,2.4,33.8
2024-Q4,Belgium,Flanders,Public services,Managers,Permanent,14.36,5378,36.5,2.22,37.5
2025-Q1,Belgium,Flanders,Public services,Managers,Permanent,13.98,5400,35.7,2.48,34.9
2025-Q2,Belgium,Flanders,Public services,Managers,Permanent,15.06,5479,36.3,2.33,37.1
2025-Q3,Belgium,Flanders,Public services,Managers,Permanent,14.93,5626,35.6,2.44,35.1
2025-Q4,Belgium,Flanders,Public services,Managers,Permanent,14.56,5757,36.4,2.22,36.3
2021-Q1,Belgium,Flanders,Public services,Managers,Self-employed,2.63,4944,40.2,2.85,46.5
2021-Q2,Belgium,Flanders,Public services,Managers,Self-employed,2.69,5048,41.0,2.8,45.7
2021-Q3,Belgium,Flanders,Public services,Managers,Self-employed,2.74,5007,40.0,2.62,47.4
2021-Q4,Belgium,Flanders,Public services,Managers,Self-employed,2.64,5131,41.1,2.86,44.1
2022-Q1,Belgium,Flanders,Public services,Managers,Self-employed,2.64,5220,40.5,3.03,46.1
2022-Q2,Belgium,Flanders,Public services,Managers,Self-employed,2.74,5347,40.9,3.26,44.7
2022-Q3,Belgium,Flanders,Public services,Managers,Self-employed,2.73,5289,39.8,3.52,43.3
2022-Q4,Belgium,Flanders,Public services,Managers,Self-employed,2.77,5333,40.8,3.22,44.1
2023-Q1,Belgium,Flanders,Public services,Managers,Self-employed,2.67,5459,40.1,3.24,43.4
2023-Q2,Belgium,Flanders,Public services,Managers,Self-employed,2.78,5510,40.7,3.19,42.1
2023-Q3,Belgium,Flanders,Public services,Managers,Self-employed,2.71,5616,40.2,2.9,40.0
2023-Q4,Belgium,Flanders,Public services,Managers,Self-employed,2.81,5669,41.1,2.89,39.5
2024-Q1,Belgium,Flanders,Public services,Managers,Self-employed,2.63,5670,40.4,2.95,37.5
2024-Q2,Belgium,Flanders,Public services,Managers,Self-employed,2.84,5857,40.9,2.87,40.5
2024-Q3,Belgium,Flanders,Public services,Managers,Self-employed,2.79,5839,40.2,2.72,38.9
2024-Q4,Belgium,Flanders,Public services,Managers,Self-employed,2.69,5975,41.1,2.62,41.1
2025-Q1,Belgium,Flanders,Public services,Managers,Self-employed,2.77,6061,40.7,2.32,39.5
2025-Q2,Belgium,Flanders,Public services,Managers,Self-employed,2.66,6189,40.5,2.58,42.6
2025-Q3,Belgium,Flanders,Public services,Managers,Self-employed,2.91,6158,39.8,2.52,43.3
2025-Q4,Belgium,Flanders,Public services,Managers,Self-employed,2.77,6326,40.8,2.57,41.7
2021-Q1,Belgium,Flanders,Public services,Professionals,Permanent,32.51,3908,35.5,2.1,45.2
2021-Q2,Belgium,Flanders,Public services,Professionals,Permanent,34.26,4014,36.2,2.61,42.0
2021-Q3,Belgium,Flanders,Public services,Professionals,Permanent,34.04,3957,35.4,2.88,43.3
2021-Q4,Belgium,Flanders,Public services,Professionals,Permanent,35.22,4114,36.3,2.59,42.1
2022-Q1,Belgium,Flanders,Public services,Professionals,Permanent,32.89,4175,35.4,2.5,41.2
2022-Q2,Belgium,Flanders,Public services,Professionals,Permanent,33.5,4166,35.8,2.92,41.1
2022-Q3,Belgium,Flanders,Public services,Professionals,Permanent,34.72,4256,35.2,2.95,39.5
2022-Q4,Belgium,Flanders,Public services,Professionals,Permanent,32.45,4261,36.1,2.9,42.1
2023-Q1,Belgium,Flanders,Public services,Professionals,Permanent,32.9,4411,35.2,2.72,38.1
2023-Q2,Belgium,Flanders,Public services,Professionals,Permanent,34.77,4429,36.0,2.73,37.4
2023-Q3,Belgium,Flanders,Public services,Professionals,Permanent,35.48,4471,35.1,2.76,37.6
2023-Q4,Belgium,Flanders,Public services,Professionals,Permanent,33.12,4484,36.2,2.78,37.4
2024-Q1,Belgium,Flanders,Public services,Professionals,Permanent,33.56,4573,35.4,2.69,37.0
2024-Q2,Belgium,Flanders,Public services,Professionals,Permanent,35.27,4626,36.0,2.45,36.7
2024-Q3,Belgium,Flanders,Public services,Professionals,Permanent,34.79,4681,35.5,2.15,35.0
2024-Q4,Belgium,Flanders,Public services,Professionals,Permanent,34.59,4700,36.4,2.28,35.6
2025-Q1,Belgium,Flanders,Public services,Professionals,Permanent,33.68,4872,35.7,2.23,37.8
2025-Q2,Belgium,Flanders,Public services,Professionals,Permanent,34.46,4882,35.8,2.32,39.5
2025-Q3,Belgium,Flanders,Public services,Professionals,Permanent,35.43,4930,35.0,2.14,35.4
2025-Q4,Belgium,Flanders,Public services,Professionals,Permanent,34.78,5064,36.1,1.81,38.1
2021-Q1,Belgium,Flanders,Public services,Professionals,Temporary,8.25,3131,32.5,2.56,39.9
2021-Q2,Belgium,Flanders,Public services,Professionals,Temporary,8.52,3237,32.8,2.94,39.0
2021-Q3,Belgium,Flanders,Public services,Professionals,Temporary,8.53,3243,32.0,3.11,39.6
2021-Q4,Belgium,Flanders,Public services,Professionals,Temporary,8.35,3312,33.2,2.57,38.3
2022-Q1,Belgium,Flanders,Public services,Professionals,Temporary,8.06,3317,32.4,2.9,39.1
2022-Q2,Belgium,Flanders,Public services,Professionals,Temporary,8.37,3318,32.8,3.24,36.7
2022-Q3,Belgium,Flanders,Public services,Professionals,Temporary,8.72,3419,31.9,3.31,36.6
2022-Q4,Belgium,Flanders,Public services,Professionals,Temporary,8.32,3453,33.0,3.36,34.6
2023-Q1,Belgium,Flanders,Public services,Professionals,Temporary,8.23,3475,32.2,3.49,36.8
2023-Q2,Belgium,Flanders,Public services,Professionals,Temporary,8.5,3553,32.8,3.07,34.8
2023-Q3,Belgium,Flanders,Public services,Professionals,Temporary,8.9,3548,31.7,3.08,35.4
2023-Q4,Belgium,Flanders,Public services,Professionals,Temporary,8.65,3597,33.1,2.93,35.3
2024-Q1,Belgium,Flanders,Public services,Professionals,Temporary,8.38,3664,32.5,2.68,34.6
2024-Q2,Belgium,Flanders,Public services,Professionals,Temporary,9.05,3693,32.8,2.58,32.8
2024-Q3,Belgium,Flanders,Public services,Professionals,Temporary,8.8,3768,31.8,2.46,34.6
2024-Q4,Belgium,Flanders,Public services,Professionals,Temporary,8.81,3800,33.0,2.46,33.4
2025-Q1,Belgium,Flanders,Public services,Professionals,Temporary,8.54,3884,32.5,2.64,34.0
2025-Q2,Belgium,Flanders,Public services,Professionals,Temporary,8.34,3876,33.2,2.48,35.0
2025-Q3,Belgium,Flanders,Public services,Professionals,Temporary,9.12,3929,32.2,2.3,35.2
2025-Q4,Belgium,Flanders,Public services,Professionals,Temporary,8.76,3999,33.3,2.34,35.3
2021-Q1,Belgium,Flanders,Public services,Professionals,Self-employed,6.43,4411,40.0,2.33,50.4
2021-Q2,Belgium,Flanders,Public services,Professionals,Self-employed,6.58,4483,40.5,2.51,50.2
2021-Q3,Belgium,Flanders,Public services,Professionals,Self-employed,6.71,4497,39.6,2.72,49.7
2021-Q4,Belgium,Flanders,Public services,Professionals,Self-employed,6.52,4532,40.5,2.52,46.7
2022-Q1,Belgium,Flanders,Public services,Professionals,Self-employed,6.59,4625,40.0,2.64,46.9
2022-Q2,Belgium,Flanders,Public services,Professionals,Self-employed,6.65,4732,40.3,3.14,45.6
2022-Q3,Belgium,Flanders,Public services,Professionals,Self-employed,6.9,4774,39.6,3.0,47.5
2022-Q4,Belgium,Flanders,Public services,Professionals,Self-employed,6.63,4868,40.6,3.01,47.6
2023-Q1,Belgium,Flanders,Public services,Professionals,Self-employed,6.41,4905,39.8,3.41,43.1
2023-Q2,Belgium,Flanders,Public services,Professionals,Self-employed,6.85,4898,40.3,2.77,46.2
2023-Q3,Belgium,Flanders,Public services,Professionals,Self-employed,6.7,5033,39.7,3.08,44.3
2023-Q4,Belgium,Flanders,Public services,Professionals,Self-employed,6.7,5111,40.4,2.62,39.8
2024-Q1,Belgium,Flanders,Public services,Professionals,Self-employed,6.54,5139,39.8,2.67,40.3
2024-Q2,Belgium,Flanders,Public services,Professionals,Self-employed,6.94,5198,40.5,2.73,42.0
2024-Q3,Belgium,Flanders,Public services,Professionals,Self-employed,6.76,5265,39.3,2.52,43.2
2024-Q4,Belgium,Flanders,Public services,Professionals,Self-employed,6.91,5331,40.4,2.65,43.5
2025-Q1,Belgium,Flanders,Public services,Professionals,Self-employed,6.81,5440,39.5,2.58,42.1
2025-Q2,Belgium,Flanders,Public services,Professionals,Self-employed,6.89,5514,40.5,2.36,41.4
2025-Q3,Belgium,Flanders,Public services,Professionals,Self-employed,6.93,5532,39.6,2.37,42.6
2025-Q4,Belgium,Flanders,Public services,Professionals,Self-employed,6.84,5576,40.6,2.6,43.0
2021-Q1,Belgium,Flanders,Public services,Clerical & service,Permanent,30.1,2713,36.4,2.36,27.6
2021-Q2,Belgium,Flanders,Public services,Clerical & service,Permanent,30.64,2721,36.9,2.42,27.7
2021-Q3,Belgium,Flanders,Public services,Clerical & service,Permanent,31.26,2866,36.1,2.57,27.7
2021-Q4,Belgium,Flanders,Public services,Clerical & service,Permanent,31.09,2899,36.9,2.66,26.2
2022-Q1,Belgium,Flanders,Public services,Clerical & service,Permanent,30.13,2903,36.6,2.8,27.9
2022-Q2,Belgium,Flanders,Public services,Clerical & service,Permanent,30.89,2910,36.9,2.64,23.1
2022-Q3,Belgium,Flanders,Public services,Clerical & service,Permanent,30.98,2941,36.1,3.04,25.3
2022-Q4,Belgium,Flanders,Public services,Clerical & service,Permanent,30.93,3026,36.7,2.94,24.3
2023-Q1,Belgium,Flanders,Public services,Clerical & service,Permanent,29.8,3027,36.5,2.88,25.9
2023-Q2,Belgium,Flanders,Public services,Clerical & service,Permanent,31.41,3037,36.7,2.85,25.0
2023-Q3,Belgium,Flanders,Public services,Clerical & service,Permanent,31.03,3110,36.2,2.59,24.1
2023-Q4,Belgium,Flanders,Public services,Clerical & service,Permanent,30.47,3125,37.1,2.71,23.2
2024-Q1,Belgium,Flanders,Public services,Clerical & service,Permanent,31.65,3134,36.6,2.5,21.3
2024-Q2,Belgium,Flanders,Public services,Clerical & service,Permanent,31.87,3227,36.8,2.4,24.4
2024-Q3,Belgium,Flanders,Public services,Clerical & service,Permanent,32.3,3242,35.9,2.42,23.6
2024-Q4,Belgium,Flanders,Public services,Clerical & service,Permanent,31.62,3301,37.0,2.05,24.8
2025-Q1,Belgium,Flanders,Public services,Clerical & service,Permanent,31.65,3339,36.3,2.26,21.6
2025-Q2,Belgium,Flanders,Public services,Clerical & service,Permanent,31.46,3398,36.9,2.32,21.8
2025-Q3,Belgium,Flanders,Public services,Clerical & service,Permanent,33.64,3420,36.1,2.3,25.6
2025-Q4,Belgium,Flanders,Public services,Clerical & service,Permanent,31.94,3479,37.0,2.18,24.5
2021-Q1,Belgium,Flanders,Public services,Clerical & service,Temporary,8.87,2040,33.0,1.87,26.0
2021-Q2,Belgium,Flanders,Public services,Clerical & service,Temporary,9.01,2063,33.2,2.21,25.2
2021-Q3,Belgium,Flanders,Public services,Clerical & service,Temporary,9.44,2117,32.5,2.25,25.5
2021-Q4,Belgium,Flanders,Public services,Clerical & service,Temporary,8.8,2142,33.2,2.28,24.8
2022-Q1,Belgium,Flanders,Public services,Clerical & service,Temporary,8.66,2153,32.9,2.62,22.9
2022-Q2,Belgium,Flanders,Public services,Clerical & service,Temporary,8.76,2172,33.4,2.78,24.7
2022-Q3,Belgium,Flanders,Public services,Clerical & service,Temporary,9.15,2193,32.2,2.51,21.8
2022-Q4,Belgium,Flanders,Public services,Clerical & service,Temporary,8.88,2254,33.3,3.0,23.2
2023-Q1,Belgium,Flanders,Public services,Clerical & service,Temporary,8.93,2233,32.6,3.02,21.6
2023-Q2,Belgium,Flanders,Public services,Clerical & service,Temporary,9.08,2265,33.4,2.72,22.8
2023-Q3,Belgium,Flanders,Public services,Clerical & service,Temporary,9.48,2318,32.1,2.5,20.6
2023-Q4,Belgium,Flanders,Public services,Clerical & service,Temporary,8.91,2376,32.9,2.43,20.4
2024-Q1,Belgium,Flanders,Public services,Clerical & service,Temporary,8.85,2383,32.8,2.24,20.5
2024-Q2,Belgium,Flanders,Public services,Clerical & service,Temporary,9.27,2409,32.9,2.27,21.4
2024-Q3,Belgium,Flanders,Public services,Clerical & service,Temporary,9.51,2444,32.1,2.14,23.4
2024-Q4,Belgium,Flanders,Public services,Clerical & service,Temporary,9.25,2445,33.4,2.23,22.0
2025-Q1,Belgium,Flanders,Public services,Clerical & service,Temporary,9.26,2470,32.8,2.42,22.0
2025-Q2,Belgium,Flanders,Public services,Clerical & service,Temporary,9.22,2557,33.3,2.15,24.7
2025-Q3,Belgium,Flanders,Public services,Clerical & service,Temporary,9.42,2563,32.1,2.16,22.7
2025-Q4,Belgium,Flanders,Public services,Clerical & service,Temporary,9.05,2649,33.2,2.34,23.2
2021-Q1,Belgium,Flanders,Trade & hospitality,Managers,Permanent,14.96,3768,37.6,4.54,12.6
2021-Q2,Belgium,Flanders,Trade & hospitality,Managers,Permanent,15.34,3826,38.3,4.48,12.6
2021-Q3,Belgium,Flanders,Trade & hospitality,Managers,Permanent,15.48,3807,36.8,5.19,15.7
2021-Q4,Belgium,Flanders,Trade & hospitality,Managers,Permanent,15.75,3904,38.3,5.14,13.2
2022-Q1,Belgium,Flanders,Trade & hospitality,Managers,Permanent,14.87,3971,37.8,5.08,12.9
2022-Q2,Belgium,Flanders,Trade & hospitality,Managers,Permanent,15.39,4022,37.9,5.09,12.7
2022-Q3,Belgium,Flanders,Trade & hospitality,Managers,Permanent,15.89,4043,37.3,5.37,13.1
2022-Q4,Belgium,Flanders,Trade & hospitality,Managers,Permanent,15.99,4101,38.3,5.78,12.4
2023-Q1,Belgium,Flanders,Trade & hospitality,Managers,Permanent,15.45,4169,37.5,5.66,11.6
2023-Q2,Belgium,Flanders,Trade & hospitality,Managers,Permanent,15.6,4195,38.5,5.17,13.3
2023-Q3,Belgium,Flanders,Trade & hospitality,Managers,Permanent,15.98,4273,37.3,5.26,13.5
2023-Q4,Belgium,Flanders,Trade & hospitality,Managers,Permanent,15.95,4327,38.3,5.08,14.4
2024-Q1,Belgium,Flanders,Trade & hospitality,Managers,Permanent,15.63,4316,37.5,5.03,11.6
2024-Q2,Belgium,Flanders,Trade & hospitality,Managers,Permanent,16.1,4425,38.0,4.73,12.4
2024-Q3,Belgium,Flanders,Trade & hospitality,Managers,Permanent,16.36,4455,37.3,4.6,11.3
2024-Q4,Belgium,Flanders,Trade & hospitality,Managers,Permanent,16.02,4520,38.6,4.64,13.6
2025-Q1,Belgium,Flanders,Trade & hospitality,Managers,Permanent,15.61,4603,37.6,4.39,10.9
2025-Q2,Belgium,Flanders,Trade & hospitality,Managers,Permanent,16.6,4626,37.9,4.46,12.4
2025-Q3,Belgium,Flanders,Trade & hospitality,Managers,Permanent,16.99,4686,37.4,4.12,12.6
2025-Q4,Belgium,Flanders,Trade & hospitality,Managers,Permanent,16.34,4707,38.5,4.65,13.9
2021-Q1,Belgium,Flanders,Trade & hospitality,Managers,Self-employed,3.34,4308,42.2,4.84,15.3
2021-Q2,Belgium,Flanders,Trade & hospitality,Managers,Self-employed,3.47,4341,42.9,5.36,14.9
2021-Q3,Belgium,Flanders,Trade & hospitality,Managers,Self-employed,3.53,4436,42.1,5.39,15.6
2021-Q4,Belgium,Flanders,Trade & hospitality,Managers,Self-employed,3.42,4454,43.2,5.2,14.9
2022-Q1,Belgium,Flanders,Trade & hospitality,Managers,Self-employed,3.43,4555,42.5,5.62,15.7
2022-Q2,Belgium,Flanders,Trade & hospitality,Managers,Self-employed,3.52,4595,43.0,6.04,13.5
2022-Q3,Belgium,Flanders,Trade & hospitality,Managers,Self-employed,3.62,4620,42.1,6.44,15.6
2022-Q4,Belgium,Flanders,Trade & hospitality,Managers,Self-employed,3.47,4646,43.1,5.88,17.4
2023-Q1,Belgium,Flanders,Trade & hospitality,Managers,Self-employed,3.42,4750,42.5,6.52,16.4
2023-Q2,Belgium,Flanders,Trade & hospitality,Managers,Self-employed,3.56,4781,42.9,5.47,17.0
2023-Q3,Belgium,Flanders,Trade & hospitality,Managers,Self-employed,3.61,4753,42.1,5.31,14.3
2023-Q4,Belgium,Flanders,Trade & hospitality,Managers,Self-employed,3.62,4870,43.4,5.57,15.6
2024-Q1,Belgium,Flanders,Trade & hospitality,Managers,Self-employed,3.49,4966,42.4,5.13,13.8
2024-Q2,Belgium,Flanders,Trade & hospitality,Managers,Self-employed,3.68,5090,42.9,5.03,11.7
2024-Q3,Belgium,Flanders,Trade & hospitality,Managers,Self-employed,3.6,5086,42.0,4.94,13.3
2024-Q4,Belgium,Flanders,Trade & hospitality,Managers,Self-employed,3.57,5212,43.3,4.99,15.7
2025-Q1,Belgium,Flanders,Trade & hospitality,Managers,Self-employed,3.49,5227,42.2,5.0,13.9
2025-Q2,Belgium,Flanders,Trade & hospitality,Managers,Self-employed,3.78,5300,42.8,5.14,14.4
2025-Q3,Belgium,Flanders,Trade & hospitality,Managers,Self-employed,3.66,5349,41.8,5.03,14.1
2025-Q4,Belgium,Flanders,Trade & hospitality,Managers,Self-employed,3.52,5432,42.7,3.9,12.9
2021-Q1,Belgium,Flanders,Trade & hospitality,Clerical & service,Permanent,33.47,2171,37.2,4.02,11.6
2021-Q2,Belgium,Flanders,Trade & hospitality,Clerical & service,Permanent,33.61,2209,37.3,4.49,10.6
2021-Q3,Belgium,Flanders,Trade & hospitality,Clerical & service,Permanent,34.28,2185,36.8,4.56,7.9
2021-Q4,Belgium,Flanders,Trade & hospitality,Clerical & service,Permanent,34.6,2227,37.8,4.83,10.2
2022-Q1,Belgium,Flanders,Trade & hospitality,Clerical & service,Permanent,33.65,2259,36.5,5.44,7.9
2022-Q2,Belgium,Flanders,Trade & hospitality,Clerical & service,Permanent,35.19,2321,37.4,4.68,7.5
2022-Q3,Belgium,Flanders,Trade & hospitality,Clerical & service,Permanent,35.84,2284,36.4,4.9,12.7
2022-Q4,Belgium,Flanders,Trade & hospitality,Clerical & service,Permanent,34.48,2351,37.6,5.15,8.3
2023-Q1,Belgium,Flanders,Trade & hospitality,Clerical & service,Permanent,34.39,2397,37.1,4.79,7.4
2023-Q2,Belgium,Flanders,Trade & hospitality,Clerical & service,Permanent,35.95,2415,37.2,4.74,10.7
2023-Q3,Belgium,Flanders,Trade & hospitality,Clerical & service,Permanent,35.17,2421,36.7,4.97,9.2
2023-Q4,Belgium,Flanders,Trade & hospitality,Clerical & service,Permanent,35.74,2472,37.7,4.42,9.6
2024-Q1,Belgium,Flanders,Trade & hospitality,Clerical & service,Permanent,34.96,2523,37.0,4.1,7.8
2024-Q2,Belgium,Flanders,Trade & hospitality,Clerical & service,Permanent,36.39,2515,37.5,4.37,9.0
2024-Q3,Belgium,Flanders,Trade & hospitality,Clerical & service,Permanent,37.69,2531,36.3,4.14,7.8
2024-Q4,Belgium,Flanders,Trade & hospitality,Clerical & service,Permanent,34.62,2626,37.5,4.08,9.2
2025-Q1,Belgium,Flanders,Trade & hospitality,Clerical & service,Permanent,36.3,2613,37.0,4.0,7.6
2025-Q2,Belgium,Flanders,Trade & hospitality,Clerical & service,Permanent,36.11,2667,37.4,4.26,7.4
2025-Q3,Belgium,Flanders,Trade & hospitality,Clerical & service,Permanent,37.03,2683,36.6,4.04,7.7
2025-Q4,Belgium,Flanders,Trade & hospitality,Clerical & service,Permanent,36.45,2707,37.7,3.85,9.2
2021-Q1,Belgium,Flanders,Trade & hospitality,Clerical & service,Temporary,11.04,1823,34.1,4.65,9.3
2021-Q2,Belgium,Flanders,Trade & hospitality,Clerical & service,Temporary,11.5,1869,34.7,5.1,6.1
2021-Q3,Belgium,Flanders,Trade & hospitality,Clerical & service,Temporary,11.7,1868,34.3,5.1,8.9
2021-Q4,Belgium,Flanders,Trade & hospitality,Clerical & service,Temporary,11.62,1881,35.0,5.16,8.7
2022-Q1,Belgium,Flanders,Trade & hospitality,Clerical & service,Temporary,11.58,1895,34.2,5.6,8.6
2022-Q2,Belgium,Flanders,Trade & hospitality,Clerical & service,Temporary,11.56,1937,34.8,5.63,8.7
2022-Q3,Belgium,Flanders,Trade & hospitality,Clerical & service,Temporary,11.85,1958,34.0,6.28,7.2
2022-Q4,Belgium,Flanders,Trade & hospitality,Clerical & service,Temporary,11.77,1963,35.0,5.82,9.7
2023-Q1,Belgium,Flanders,Trade & hospitality,Clerical & service,Temporary,11.82,2003,34.3,5.66,7.0
2023-Q2,Belgium,Flanders,Trade & hospitality,Clerical & service,Temporary,11.89,2026,34.5,5.63,8.7
2023-Q3,Belgium,Flanders,Trade & hospitality,Clerical & service,Temporary,12.24,2072,34.1,5.82,7.4
2023-Q4,Belgium,Flanders,Trade & hospitality,Clerical & service,Temporary,12.14,2074,35.1,5.57,8.8
2024-Q1,Belgium,Flanders,Trade & hospitality,Clerical & service,Temporary,11.63,2085,34.4,5.56,8.8
2024-Q2,Belgium,Flanders,Trade & hospitality,Clerical & service,Temporary,11.85,2111,34.9,4.65,7.5
2024-Q3,Belgium,Flanders,Trade & hospitality,Clerical & service,Temporary,11.97,2171,33.9,4.21,9.2
2024-Q4,Belgium,Flanders,Trade & hospitality,Clerical & service,Temporary,12.08,2216,35.1,4.46,9.5
2025-Q1,Belgium,Flanders,Trade & hospitality,Clerical & service,Temporary,12.01,2247,34.5,4.46,6.8
2025-Q2,Belgium,Flanders,Trade & hospitality,Clerical & service,Temporary,12.17,2234,34.9,4.67,9.7
2025-Q3,Belgium,Flanders,Trade & hospitality,Clerical & service,Temporary,12.63,2261,33.9,4.45,6.7
2025-Q4,Belgium,Flanders,Trade & hospitality,Clerical & service,Temporary,12.26,2329,35.1,4.69,6.1
2021-Q1,Belgium,Flanders,Trade & hospitality,Production & trades,Permanent,39.56,2370,37.9,4.82,4.3
2021-Q2,Belgium,Flanders,Trade & hospitality,Production & trades,Permanent,39.52,2412,38.2,5.01,2.5
2021-Q3,Belgium,Flanders,Trade & hospitality,Production & trades,Permanent,39.85,2429,37.3,5.43,2.7
2021-Q4,Belgium,Flanders,Trade & hospitality,Production & trades,Permanent,40.41,2471,38.8,4.85,3.3
2022-Q1,Belgium,Flanders,Trade & hospitality,Production & trades,Permanent,37.21,2483,37.9,5.54,6.0
2022-Q2,Belgium,Flanders,Trade & hospitality,Production & trades,Permanent,41.31,2516,38.4,5.68,1.8
2022-Q3,Belgium,Flanders,Trade & hospitality,Production & trades,Permanent,40.23,2582,37.3,4.55,3.2
2022-Q4,Belgium,Flanders,Trade & hospitality,Production & trades,Permanent,39.72,2575,38.2,5.37,3.1
2023-Q1,Belgium,Flanders,Trade & hospitality,Production & trades,Permanent,40.06,2635,37.7,5.52,3.9
2023-Q2,Belgium,Flanders,Trade & hospitality,Production & trades,Permanent,40.59,2651,38.3,5.02,4.8
2023-Q3,Belgium,Flanders,Trade & hospitality,Production & trades,Permanent,39.86,2691,37.3,5.92,2.9
2023-Q4,Belgium,Flanders,Trade & hospitality,Production & trades,Permanent,41.14,2691,38.6,5.42,2.6
2024-Q1,Belgium,Flanders,Trade & hospitality,Production & trades,Permanent,40.55,2797,37.5,5.06,4.2
2024-Q2,Belgium,Flanders,Trade & hospitality,Production & trades,Permanent,40.39,2803,38.4,5.14,4.4
2024-Q3,Belgium,Flanders,Trade & hospitality,Production & trades,Permanent,41.89,2842,37.4,4.57,1.8
2024-Q4,Belgium,Flanders,Trade & hospitality,Production & trades,Permanent,41.32,2851,38.7,4.78,2.3
2025-Q1,Belgium,Flanders,Trade & hospitality,Production & trades,Permanent,40.37,2910,37.7,3.89,0.9
2025-Q2,Belgium,Flanders,Trade & hospitality,Production & trades,Permanent,42.24,2951,38.4,4.66,3.5
2025-Q3,Belgium,Flanders,Trade & hospitality,Production & trades,Permanent,41.47,2954,37.3,4.75,2.7
2025-Q4,Belgium,Flanders,Trade & hospitality,Production & trades,Permanent,41.59,3001,38.3,4.72,4.6
2021-Q1,Belgium,Flanders,Trade & hospitality,Production & trades,Temporary,12.78,1968,33.9,4.7,4.9
2021-Q2,Belgium,Flanders,Trade & hospitality,Production & trades,Temporary,12.45,1939,34.4,4.55,1.4
2021-Q3,Belgium,Flanders,Trade & hospitality,Production & trades,Temporary,13.74,1994,33.6,5.28,2.1
2021-Q4,Belgium,Flanders,Trade & hospitality,Production & trades,Temporary,12.98,2007,34.8,5.25,3.8
2022-Q1,Belgium,Flanders,Trade & hospitality,Production & trades,Temporary,12.83,2029,33.9,5.05,6.1
2022-Q2,Belgium,Flanders,Trade & hospitality,Production & trades,Temporary,13.59,2055,34.3,5.35,3.6
2022-Q3,Belgium,Flanders,Trade & hospitality,Production & trades,Temporary,13.38,2103,33.7,5.59,2.4
2022-Q4,Belgium,Flanders,Trade & hospitality,Production & trades,Temporary,12.89,2101,35.0,5.56,0.5
2023-Q1,Belgium,Flanders,Trade & hospitality,Production & trades,Temporary,13.48,2141,33.9,5.49,2.9
2023-Q2,Belgium,Flanders,Trade & hospitality,Production & trades,Temporary,13.34,2163,34.3,5.71,5.3
2023-Q3,Belgium,Flanders,Trade & hospitality,Production & trades,Temporary,13.41,2183,33.6,4.56,3.7
2023-Q4,Belgium,Flanders,Trade & hospitality,Production & trades,Temporary,13.18,2236,34.7,4.78,3.6
2024-Q1,Belgium,Flanders,Trade & hospitality,Production & trades,Temporary,13.52,2248,34.2,4.89,3.1
2024-Q2,Belgium,Flanders,Trade & hospitality,Production & trades,Temporary,13.83,2267,34.6,4.34,1.3
2024-Q3,Belgium,Flanders,Trade & hospitality,Production & trades,Temporary,14.15,2292,33.9,4.6,2.7
2024-Q4,Belgium,Flanders,Trade & hospitality,Production & trades,Temporary,13.67,2364,34.8,4.38,3.7
2025-Q1,Belgium,Flanders,Trade & hospitality,Production & trades,Temporary,13.32,2385,33.8,4.16,1.7
2025-Q2,Belgium,Flanders,Trade & hospitality,Production & trades,Temporary,13.99,2388,34.7,4.14,2.9
2025-Q3,Belgium,Flanders,Trade & hospitality,Production & trades,Temporary,14.3,2418,33.5,4.42,3.1
2025-Q4,Belgium,Flanders,Trade & hospitality,Production & trades,Temporary,13.56,2456,34.6,4.44,2.2
2021-Q1,Belgium,Flanders,Trade & hospitality,Production & trades,Self-employed,9.43,2488,42.3,5.08,4.8
2021-Q2,Belgium,Flanders,Trade & hospitality,Production & trades,Self-employed,9.81,2515,43.2,4.92,4.1
2021-Q3,Belgium,Flanders,Trade & hospitality,Production & trades,Self-employed,9.99,2533,41.7,5.05,2.0
2021-Q4,Belgium,Flanders,Trade & hospitality,Production & trades,Self-employed,9.31,2589,42.8,4.5,4.2
2022-Q1,Belgium,Flanders,Trade & hospitality,Production & trades,Self-employed,9.67,2585,42.2,5.6,5.4
2022-Q2,Belgium,Flanders,Trade & hospitality,Production & trades,Self-employed,9.83,2651,42.5,5.74,3.0
2022-Q3,Belgium,Flanders,Trade & hospitality,Production & trades,Self-employed,9.82,2668,42.0,5.57,2.8
2022-Q4,Belgium,Flanders,Trade & hospitality,Production & trades,Self-employed,9.7,2730,42.8,5.87,2.9
2023-Q1,Belgium,Flanders,Trade & hospitality,Production & trades,Self-employed,9.96,2779,42.1,5.5,3.8
2023-Q2,Belgium,Flanders,Trade & hospitality,Production & trades,Self-employed,10.23,2789,42.6,5.67,6.5
2023-Q3,Belgium,Flanders,Trade & hospitality,Production & trades,Self-employed,10.01,2794,41.9,5.51,2.9
2023-Q4,Belgium,Flanders,Trade & hospitality,Production & trades,Self-employed,9.81,2841,43.2,4.89,3.4
2024-Q1,Belgium,Flanders,Trade & hospitality,Production & trades,Self-employed,10.15,2863,42.1,5.49,2.9
2024-Q2,Belgium,Flanders,Trade & hospitality,Production & trades,Self-employed,9.99,2903,42.6,5.23,2.6
2024-Q3,Belgium,Flanders,Trade & hospitality,Production & trades,Self-employed,10.27,2946,42.0,5.0,3.7
2024-Q4,Belgium,Flanders,Trade & hospitality,Production & trades,Self-employed,10.23,2981,43.3,5.22,2.4
2025-Q1,Belgium,Flanders,Trade & hospitality,Production & trades,Self-employed,9.78,3076,42.3,4.6,5.5
2025-Q2,Belgium,Flanders,Trade & hospitality,Production & trades,Self-employed,10.34,3065,42.4,4.95,3.3
2025-Q3,Belgium,Flanders,Trade & hospitality,Production & trades,Self-employed,10.29,3089,41.5,4.75,3.8
2025-Q4,Belgium,Flanders,Trade & hospitality,Production & trades,Self-employed,10.19,3133,43.0,4.54,4.4
2021-Q1,Belgium,Wallonia,Manufacturing,Managers,Permanent,8.67,4726,38.0,3.13,17.8
2021-Q2,Belgium,Wallonia,Manufacturing,Managers,Permanent,8.82,4801,39.0,3.55,18.8
2021-Q3,Belgium,Wallonia,Manufacturing,Managers,Permanent,9.11,4804,38.0,3.55,16.7
2021-Q4,Belgium,Wallonia,Manufacturing,Managers,Permanent,9.31,4888,39.4,4.25,15.7
2022-Q1,Belgium,Wallonia,Manufacturing,Managers,Permanent,9.02,4987,38.5,4.15,14.6
2022-Q2,Belgium,Wallonia,Manufacturing,Managers,Permanent,9.21,5040,39.0,4.48,14.9
2022-Q3,Belgium,Wallonia,Manufacturing,Managers,Permanent,9.4,5097,38.1,4.09,17.1
2022-Q4,Belgium,Wallonia,Manufacturing,Managers,Permanent,9.02,5227,39.0,3.99,16.8
2023-Q1,Belgium,Wallonia,Manufacturing,Managers,Permanent,8.86,5276,38.5,4.69,18.0
2023-Q2,Belgium,Wallonia,Manufacturing,Managers,Permanent,8.85,5301,38.7,3.77,17.0
2023-Q3,Belgium,Wallonia,Manufacturing,Managers,Permanent,9.2,5352,37.8,3.85,18.0
2023-Q4,Belgium,Wallonia,Manufacturing,Managers,Permanent,9.23,5391,38.6,4.12,17.5
2024-Q1,Belgium,Wallonia,Manufacturing,Managers,Permanent,8.81,5481,38.3,3.7,15.1
2024-Q2,Belgium,Wallonia,Manufacturing,Managers,Permanent,9.42,5534,39.1,3.45,15.4
2024-Q3,Belgium,Wallonia,Manufacturing,Managers,Permanent,9.58,5547,38.1,3.43,17.5
2024-Q4,Belgium,Wallonia,Manufacturing,Managers,Permanent,9.13,5688,39.1,3.31,15.4
2025-Q1,Belgium,Wallonia,Manufacturing,Managers,Permanent,9.02,5832,38.6,3.51,17.0
2025-Q2,Belgium,Wallonia,Manufacturing,Managers,Permanent,9.13,5755,38.8,3.35,16.5
2025-Q3,Belgium,Wallonia,Manufacturing,Managers,Permanent,9.52,5891,37.9,2.9,16.5
2025-Q4,Belgium,Wallonia,Manufacturing,Managers,Permanent,9.09,5956,39.0,3.46,17.0
2021-Q1,Belgium,Wallonia,Manufacturing,Managers,Self-employed,1.93,4915,42.6,4.3,17.9
2021-Q2,Belgium,Wallonia,Manufacturing,Managers,Self-employed,1.98,4925,42.5,3.92,20.6
2021-Q3,Belgium,Wallonia,Manufacturing,Managers,Self-employed,2.03,4923,41.6,4.36,20.1
2021-Q4,Belgium,Wallonia,Manufacturing,Managers,Self-employed,1.98,4964,43.0,4.25,20.1
2022-Q1,Belgium,Wallonia,Manufacturing,Managers,Self-employed,1.96,5056,42.3,4.62,21.2
2022-Q2,Belgium,Wallonia,Manufacturing,Managers,Self-employed,2.01,5097,42.8,4.26,21.8
2022-Q3,Belgium,Wallonia,Manufacturing,Managers,Self-employed,2.03,5201,41.5,4.91,20.7
2022-Q4,Belgium,Wallonia,Manufacturing,Managers,Self-employed,1.95,5297,42.9,4.24,19.6
2023-Q1,Belgium,Wallonia,Manufacturing,Managers,Self-employed,1.98,5429,42.3,4.44,21.5
2023-Q2,Belgium,Wallonia,Manufacturing,Managers,Self-employed,2.03,5396,43.1,4.36,18.5
2023-Q3,Belgium,Wallonia,Manufacturing,Managers,Self-employed,2.05,5403,41.9,4.55,20.3
2023-Q4,Belgium,Wallonia,Manufacturing,Managers,Self-employed,2.05,5564,43.2,3.95,18.8
2024-Q1,Belgium,Wallonia,Manufacturing,Managers,Self-employed,2.01,5644,42.1,3.9,20.3
2024-Q2,Belgium,Wallonia,Manufacturing,Managers,Self-employed,2.05,5682,43.0,3.8,19.6
2024-Q3,Belgium,Wallonia,Manufacturing,Managers,Self-employed,2.1,5792,41.7,3.72,15.4
2024-Q4,Belgium,Wallonia,Manufacturing,Managers,Self-employed,2.08,5869,43.1,3.58,20.6
2025-Q1,Belgium,Wallonia,Manufacturing,Managers,Self-employed,2.02,5872,42.3,3.49,19.3
2025-Q2,Belgium,Wallonia,Manufacturing,Managers,Self-employed,2.05,5904,42.8,3.73,18.1
2025-Q3,Belgium,Wallonia,Manufacturing,Managers,Self-employed,2.07,6097,42.0,3.12,17.7
2025-Q4,Belgium,Wallonia,Manufacturing,Managers,Self-employed,2.07,6113,42.8,3.11,17.5
2021-Q1,Belgium,Wallonia,Manufacturing,Professionals,Permanent,18.99,4150,37.5,3.87,19.2
2021-Q2,Belgium,Wallonia,Manufacturing,Professionals,Permanent,20.2,4224,38.1,4.3,18.7
2021-Q3,Belgium,Wallonia,Manufacturing,Professionals,Permanent,19.99,4305,37.3,3.88,19.1
2021-Q4,Belgium,Wallonia,Manufacturing,Professionals,Permanent,19.58,4363,38.4,3.97,17.7
2022-Q1,Belgium,Wallonia,Manufacturing,Professionals,Permanent,19.85,4406,37.8,4.6,17.1
2022-Q2,Belgium,Wallonia,Manufacturing,Professionals,Permanent,20.05,4436,38.2,4.16,18.4
2022-Q3,Belgium,Wallonia,Manufacturing,Professionals,Permanent,19.63,4520,37.4,4.57,17.1
2022-Q4,Belgium,Wallonia,Manufacturing,Professionals,Permanent,20.63,4562,38.5,4.43,17.2
2023-Q1,Belgium,Wallonia,Manufacturing,Professionals,Permanent,18.94,4616,37.6,4.55,17.3
2023-Q2,Belgium,Wallonia,Manufacturing,Professionals,Permanent,20.46,4706,38.5,4.56,17.8
2023-Q3,Belgium,Wallonia,Manufacturing,Professionals,Permanent,20.04,4755,37.4,4.03,18.0
2023-Q4,Belgium,Wallonia,Manufacturing,Professionals,Permanent,20.7,4766,38.4,4.45,18.7
2024-Q1,Belgium,Wallonia,Manufacturing,Professionals,Permanent,19.65,4868,37.9,4.1,16.0
2024-Q2,Belgium,Wallonia,Manufacturing,Professionals,Permanent,20.48,4897,37.8,4.01,18.9
2024-Q3,Belgium,Wallonia,Manufacturing,Professionals,Permanent,21.04,4989,37.5,4.21,15.9
2024-Q4,Belgium,Wallonia,Manufacturing,Professionals,Permanent,19.94,4998,38.3,3.88,14.5
2025-Q1,Belgium,Wallonia,Manufacturing,Professionals,Permanent,20.07,5064,37.7,3.8,15.0
2025-Q2,Belgium,Wallonia,Manufacturing,Professionals,Permanent,20.18,5252,38.3,3.94,17.4
2025-Q3,Belgium,Wallonia,Manufacturing,Professionals,Permanent,21.29,5245,37.2,3.88,17.9
2025-Q4,Belgium,Wallonia,Manufacturing,Professionals,Permanent,21.09,5326,38.4,3.66,16.0
2021-Q1,Belgium,Wallonia,Manufacturing,Professionals,Temporary,6.2,3257,33.8,4.04,14.4
2021-Q2,Belgium,Wallonia,Manufacturing,Professionals,Temporary,6.57,3364,34.4,4.2,17.0
2021-Q3,Belgium,Wallonia,Manufacturing,Professionals,Temporary,6.34,3392,33.4,4.26,17.1
2021-Q4,Belgium,Wallonia,Manufacturing,Professionals,Temporary,6.2,3430,34.1,4.43,16.7
2022-Q1,Belgium,Wallonia,Manufacturing,Professionals,Temporary,6.07,3457,33.8,4.02,18.0
2022-Q2,Belgium,Wallonia,Manufacturing,Professionals,Temporary,6.31,3509,34.4,4.56,17.2
2022-Q3,Belgium,Wallonia,Manufacturing,Professionals,Temporary,6.46,3598,33.1,4.79,17.3
2022-Q4,Belgium,Wallonia,Manufacturing,Professionals,Temporary,6.28,3604,34.4,4.81,16.3
2023-Q1,Belgium,Wallonia,Manufacturing,Professionals,Temporary,6.17,3674,33.9,4.57,16.5
2023-Q2,Belgium,Wallonia,Manufacturing,Professionals,Temporary,6.27,3649,34.0,4.45,16.4
2023-Q3,Belgium,Wallonia,Manufacturing,Professionals,Temporary,6.33,3688,33.2,4.4,14.6
2023-Q4,Belgium,Wallonia,Manufacturing,Professionals,Temporary,6.39,3776,34.5,4.24,16.0
2024-Q1,Belgium,Wallonia,Manufacturing,Professionals,Temporary,6.55,3896,33.7,4.0,14.6
2024-Q2,Belgium,Wallonia,Manufacturing,Professionals,Temporary,6.56,3909,34.5,4.36,16.6
2024-Q3,Belgium,Wallonia,Manufacturing,Professionals,Temporary,6.58,3941,33.5,3.78,15.4
2024-Q4,Belgium,Wallonia,Manufacturing,Professionals,Temporary,6.45,3988,34.4,3.97,15.0
2025-Q1,Belgium,Wallonia,Manufacturing,Professionals,Temporary,6.37,4019,33.8,3.91,16.1
2025-Q2,Belgium,Wallonia,Manufacturing,Professionals,Temporary,6.47,4093,34.5,3.94,15.0
2025-Q3,Belgium,Wallonia,Manufacturing,Professionals,Temporary,6.69,4087,33.3,4.01,14.9
2025-Q4,Belgium,Wallonia,Manufacturing,Professionals,Temporary,6.52,4211,34.6,3.39,15.9
2021-Q1,Belgium,Wallonia,Manufacturing,Professionals,Self-employed,4.95,4487,42.2,3.84,22.6
2021-Q2,Belgium,Wallonia,Manufacturing,Professionals,Self-employed,4.95,4455,42.6,3.52,21.7
2021-Q3,Belgium,Wallonia,Manufacturing,Professionals,Self-employed,5.26,4616,41.8,3.85,24.3
2021-Q4,Belgium,Wallonia,Manufacturing,Professionals,Self-employed,5.22,4638,43.1,4.05,22.0
2022-Q1,Belgium,Wallonia,Manufacturing,Professionals,Self-employed,5.05,4679,42.5,3.88,20.8
2022-Q2,Belgium,Wallonia,Manufacturing,Professionals,Self-employed,5.16,4745,42.8,4.31,20.7
2022-Q3,Belgium,Wallonia,Manufacturing,Professionals,Self-employed,5.15,4780,42.0,4.73,20.9
2022-Q4,Belgium,Wallonia,Manufacturing,Professionals,Self-employed,5.01,4892,43.2,4.16,20.3
2023-Q1,Belgium,Wallonia,Manufacturing,Professionals,Self-employed,5.02,4971,42.2,4.37,19.9
2023-Q2,Belgium,Wallonia,Manufacturing,Professionals,Self-employed,5.31,4983,42.9,4.47,19.9
2023-Q3,Belgium,Wallonia,Manufacturing,Professionals,Self-employed,5.26,5030,42.1,3.87,20.2
2023-Q4,Belgium,Wallonia,Manufacturing,Professionals,Self-employed,4.99,5121,43.0,3.52,20.0
2024-Q1,Belgium,Wallonia,Manufacturing,Professionals,Self-employed,4.98,5101,42.3,3.98,19.3
2024-Q2,Belgium,Wallonia,Manufacturing,Professionals,Self-employed,5.22,5271,43.0,3.98,20.2
2024-Q3,Belgium,Wallonia,Manufacturing,Professionals,Self-employed,5.23,5331,42.0,3.63,19.9
2024-Q4,Belgium,Wallonia,Manufacturing,Professionals,Self-employed,5.08,5410,43.1,3.62,18.3
2025-Q1,Belgium,Wallonia,Manufacturing,Professionals,Self-employed,5.11,5366,42.4,3.54,18.5
2025-Q2,Belgium,Wallonia,Manufacturing,Professionals,Self-employed,5.32,5517,43.3,3.21,19.5
2025-Q3,Belgium,Wallonia,Manufacturing,Professionals,Self-employed,5.39,5592,42.1,3.38,19.4
2025-Q4,Belgium,Wallonia,Manufacturing,Professionals,Self-employed,5.16,5676,43.1,3.4,20.2
2021-Q1,Belgium,Wallonia,Manufacturing,Technicians,Permanent,19.42,3302,37.6,3.82,17.3
2021-Q2,Belgium,Wallonia,Manufacturing,Technicians,Permanent,19.92,3296,38.0,4.07,13.7
2021-Q3,Belgium,Wallonia,Manufacturing,Technicians,Permanent,20.17,3383,37.3,4.5,13.1
2021-Q4,Belgium,Wallonia,Manufacturing,Technicians,Permanent,19.3,3330,38.0,4.25,11.9
2022-Q1,Belgium,Wallonia,Manufacturing,Technicians,Permanent,18.79,3438,37.6,3.78,10.1
2022-Q2,Belgium,Wallonia,Manufacturing,Technicians,Permanent,19.93,3493,37.9,4.8,11.6
2022-Q3,Belgium,Wallonia,Manufacturing,Technicians,Permanent,19.6,3540,36.8,4.76,13.6
2022-Q4,Belgium,Wallonia,Manufacturing,Technicians,Permanent,19.39,3565,38.3,4.31,13.6
2023-Q1,Belgium,Wallonia,Manufacturing,Technicians,Permanent,19.26,3658,37.4,5.08,11.8
2023-Q2,Belgium,Wallonia,Manufacturing,Technicians,Permanent,20.05,3674,38.0,4.38,12.0
2023-Q3,Belgium,Wallonia,Manufacturing,Technicians,Permanent,20.04,3716,36.8,4.57,14.8
2023-Q4,Belgium,Wallonia,Manufacturing,Technicians,Permanent,19.7,3784,38.1,4.48,9.9
2024-Q1,Belgium,Wallonia,Manufacturing,Technicians,Permanent,19.79,3810,37.5,3.77,11.1
2024-Q2,Belgium,Wallonia,Manufacturing,Technicians,Permanent,19.56,3832,37.8,4.07,11.1
2024-Q3,Belgium,Wallonia,Manufacturing,Technicians,Permanent,20.83,3867,37.2,4.31,12.8
2024-Q4,Belgium,Wallonia,Manufacturing,Technicians,Permanent,19.67,3952,38.5,3.6,11.8
2025-Q1,Belgium,Wallonia,Manufacturing,Technicians,Permanent,19.51,4015,37.6,3.43,11.4
2025-Q2,Belgium,Wallonia,Manufacturing,Technicians,Permanent,20.65,4055,37.9,3.74,13.3
2025-Q3,Belgium,Wallonia,Manufacturing,Technicians,Permanent,20.08,4106,36.9,3.9,12.5
2025-Q4,Belgium,Wallonia,Manufacturing,Technicians,Permanent,20.57,4136,37.9,3.3,10.6
2021-Q1,Belgium,Wallonia,Manufacturing,Technicians,Temporary,5.07,2743,34.2,4.11,14.1
2021-Q2,Belgium,Wallonia,Manufacturing,Technicians,Temporary,5.19,2764,34.7,3.71,13.8
2021-Q3,Belgium,Wallonia,Manufacturing,Technicians,Temporary,5.42,2772,34.1,4.24,14.5
2021-Q4,Belgium,Wallonia,Manufacturing,Technicians,Temporary,5.13,2830,34.9,4.33,12.0
2022-Q1,Belgium,Wallonia,Manufacturing,Technicians,Temporary,5.18,2805,34.4,4.41,13.1
2022-Q2,Belgium,Wallonia,Manufacturing,Technicians,Temporary,5.19,2876,35.0,4.2,12.2
2022-Q3,Belgium,Wallonia,Manufacturing,Technicians,Temporary,5.53,2932,33.9,4.3,12.4
2022-Q4,Belgium,Wallonia,Manufacturing,Technicians,Temporary,5.22,2936,34.8,4.4,12.6
2023-Q1,Belgium,Wallonia,Manufacturing,Technicians,Temporary,5.23,3036,34.4,4.31,11.5
2023-Q2,Belgium,Wallonia,Manufacturing,Technicians,Temporary,5.38,3043,34.7,4.71,12.7
2023-Q3,Belgium,Wallonia,Manufacturing,Technicians,Temporary,5.39,3099,33.9,4.54,12.0
2023-Q4,Belgium,Wallonia,Manufacturing,Technicians,Temporary,5.34,3108,35.2,4.13,10.3
2024-Q1,Belgium,Wallonia,Manufacturing,Technicians,Temporary,5.34,3210,34.5,3.92,10.2
2024-Q2,Belgium,Wallonia,Manufacturing,Technicians,Temporary,5.41,3243,34.6,3.98,13.0
2024-Q3,Belgium,Wallonia,Manufacturing,Technicians,Temporary,5.35,3241,34.2,3.97,12.1
2024-Q4,Belgium,Wallonia,Manufacturing,Technicians,Temporary,5.4,3281,35.0,3.71,10.8
2025-Q1,Belgium,Wallonia,Manufacturing,Technicians,Temporary,5.32,3275,34.6,3.45,11.2
2025-Q2,Belgium,Wallonia,Manufacturing,Technicians,Temporary,5.66,3331,34.8,3.86,12.2
2025-Q3,Belgium,Wallonia,Manufacturing,Technicians,Temporary,5.61,3401,33.8,3.55,12.2
2025-Q4,Belgium,Wallonia,Manufacturing,Technicians,Temporary,5.37,3435,34.9,3.18,11.2
2021-Q1,Belgium,Wallonia,Manufacturing,Production & trades,Permanent,26.49,2831,38.0,4.03,5.6
2021-Q2,Belgium,Wallonia,Manufacturing,Production & trades,Permanent,27.66,2889,38.3,3.85,5.8
2021-Q3,Belgium,Wallonia,Manufacturing,Production & trades,Permanent,27.8,2859,37.1,4.12,6.1
2021-Q4,Belgium,Wallonia,Manufacturing,Production & trades,Permanent,27.86,2919,38.6,4.02,5.5
2022-Q1,Belgium,Wallonia,Manufacturing,Production & trades,Permanent,27.71,2952,37.8,3.93,3.3
2022-Q2,Belgium,Wallonia,Manufacturing,Production & trades,Permanent,27.81,3031,38.4,4.43,5.6
2022-Q3,Belgium,Wallonia,Manufacturing,Production & trades,Permanent,29.0,3077,37.4,3.93,4.3
2022-Q4,Belgium,Wallonia,Manufacturing,Production & trades,Permanent,27.97,3046,38.4,5.09,3.0
2023-Q1,Belgium,Wallonia,Manufacturing,Production & trades,Permanent,27.79,3146,37.9,4.89,2.6
2023-Q2,Belgium,Wallonia,Manufacturing,Production & trades,Permanent,27.85,3150,38.4,4.82,3.6
2023-Q3,Belgium,Wallonia,Manufacturing,Production & trades,Permanent,28.4,3204,37.5,4.54,3.2
2023-Q4,Belgium,Wallonia,Manufacturing,Production & trades,Permanent,26.41,3249,38.4,3.74,4.1
2024-Q1,Belgium,Wallonia,Manufacturing,Production & trades,Permanent,28.5,3254,37.8,3.95,4.9
2024-Q2,Belgium,Wallonia,Manufacturing,Production & trades,Permanent,28.96,3336,38.4,4.1,2.3
2024-Q3,Belgium,Wallonia,Manufacturing,Production & trades,Permanent,28.19,3399,37.4,4.19,3.0
2024-Q4,Belgium,Wallonia,Manufacturing,Production & trades,Permanent,28.22,3429,38.4,3.48,3.5
2025-Q1,Belgium,Wallonia,Manufacturing,Production & trades,Permanent,27.07,3423,37.5,3.69,3.5
2025-Q2,Belgium,Wallonia,Manufacturing,Production & trades,Permanent,28.42,3481,38.3,3.42,4.1
2025-Q3,Belgium,Wallonia,Manufacturing,Production & trades,Permanent,28.39,3562,37.0,3.27,6.0
2025-Q4,Belgium,Wallonia,Manufacturing,Production & trades,Permanent,27.89,3528,38.4,3.58,2.7
2021-Q1,Belgium,Wallonia,Manufacturing,Production & trades,Temporary,8.11,2296,34.5,3.53,4.0
2021-Q2,Belgium,Wallonia,Manufacturing,Production & trades,Temporary,8.24,2346,35.1,3.93,4.6
2021-Q3,Belgium,Wallonia,Manufacturing,Production & trades,Temporary,8.3,2353,34.7,3.8,4.9
2021-Q4,Belgium,Wallonia,Manufacturing,Production & trades,Temporary,8.58,2389,35.2,4.42,3.2
2022-Q1,Belgium,Wallonia,Manufacturing,Production & trades,Temporary,8.03,2395,34.3,4.29,5.6
2022-Q2,Belgium,Wallonia,Manufacturing,Production & trades,Temporary,8.55,2435,35.0,4.65,3.7
2022-Q3,Belgium,Wallonia,Manufacturing,Production & trades,Temporary,8.53,2477,34.4,5.09,3.2
2022-Q4,Belgium,Wallonia,Manufacturing,Production & trades,Temporary,8.4,2514,35.6,5.15,2.0
2023-Q1,Belgium,Wallonia,Manufacturing,Production & trades,Temporary,8.64,2562,34.6,4.81,4.2
2023-Q2,Belgium,Wallonia,Manufacturing,Production & trades,Temporary,8.74,2602,35.1,4.78,3.2
2023-Q3,Belgium,Wallonia,Manufacturing,Production & trades,Temporary,8.68,2595,34.2,4.58,4.3
2023-Q4,Belgium,Wallonia,Manufacturing,Production & trades,Temporary,8.29,2656,35.0,4.1,4.4
2024-Q1,Belgium,Wallonia,Manufacturing,Production & trades,Temporary,8.59,2685,34.6,4.15,2.1
2024-Q2,Belgium,Wallonia,Manufacturing,Production & trades,Temporary,8.77,2700,35.2,4.08,2.0
2024-Q3,Belgium,Wallonia,Manufacturing,Production & trades,Temporary,8.89,2779,34.4,4.14,2.5
2024-Q4,Belgium,Wallonia,Manufacturing,Production & trades,Temporary,8.66,2795,35.2,4.09,4.0
2025-Q1,Belgium,Wallonia,Manufacturing,Production & trades,Temporary,8.48,2814,34.3,3.66,3.9
2025-Q2,Belgium,Wallonia,Manufacturing,Production & trades,Temporary,8.64,2880,34.9,3.83,3.6
2025-Q3,Belgium,Wallonia,Manufacturing,Production & trades,Temporary,9.03,2857,34.4,3.74,3.4
2025-Q4,Belgium,Wallonia,Manufacturing,Production & trades,Temporary,8.54,2925,34.8,3.37,3.3
2021-Q1,Belgium,Wallonia,Manufacturing,Production & trades,Self-employed,5.82,3068,42.4,4.38,4.5
2021-Q2,Belgium,Wallonia,Manufacturing,Production & trades,Self-employed,6.03,3007,43.3,3.76,5.6
2021-Q3,Belgium,Wallonia,Manufacturing,Production & trades,Self-employed,6.06,3059,42.2,3.94,4.7
2021-Q4,Belgium,Wallonia,Manufacturing,Production & trades,Self-employed,5.9,3127,43.1,3.48,5.4
2022-Q1,Belgium,Wallonia,Manufacturing,Production & trades,Self-employed,5.87,3168,42.8,4.43,5.3
2022-Q2,Belgium,Wallonia,Manufacturing,Production & trades,Self-employed,6.08,3160,42.8,4.45,4.7
2022-Q3,Belgium,Wallonia,Manufacturing,Production & trades,Self-employed,6.26,3247,42.2,4.79,3.4
2022-Q4,Belgium,Wallonia,Manufacturing,Production & trades,Self-employed,6.1,3290,43.4,4.69,4.1
2023-Q1,Belgium,Wallonia,Manufacturing,Production & trades,Self-employed,6.09,3349,42.7,4.64,3.0
2023-Q2,Belgium,Wallonia,Manufacturing,Production & trades,Self-employed,6.31,3338,43.2,4.39,5.3
2023-Q3,Belgium,Wallonia,Manufacturing,Production & trades,Self-employed,6.12,3345,42.1,4.99,3.7
2023-Q4,Belgium,Wallonia,Manufacturing,Production & trades,Self-employed,6.17,3402,42.8,4.38,3.4
2024-Q1,Belgium,Wallonia,Manufacturing,Production & trades,Self-employed,6.13,3450,42.5,3.92,5.0
2024-Q2,Belgium,Wallonia,Manufacturing,Production & trades,Self-employed,6.38,3477,43.0,3.88,4.5
2024-Q3,Belgium,Wallonia,Manufacturing,Production & trades,Self-employed,6.51,3543,42.3,3.77,2.8
2024-Q4,Belgium,Wallonia,Manufacturing,Production & trades,Self-employed,6.14,3627,43.2,3.69,3.4
2025-Q1,Belgium,Wallonia,Manufacturing,Production & trades,Self-employed,5.99,3631,42.2,3.86,4.8
2025-Q2,Belgium,Wallonia,Manufacturing,Production & trades,Self-employed,6.27,3683,43.1,3.69,4.9
2025-Q3,Belgium,Wallonia,Manufacturing,Production & trades,Self-employed,6.37,3749,41.5,3.52,2.4
2025-Q4,Belgium,Wallonia,Manufacturing,Production & trades,Self-employed,6.18,3777,43.1,3.4,5.5
2021-Q1,Belgium,Wallonia,Construction,Managers,Permanent,6.29,4449,38.4,4.06,9.8
2021-Q2,Belgium,Wallonia,Construction,Managers,Permanent,6.73,4497,38.4,3.95,8.3
2021-Q3,Belgium,Wallonia,Construction,Managers,Permanent,6.49,4545,38.0,4.0,10.5
2021-Q4,Belgium,Wallonia,Construction,Managers,Permanent,6.39,4616,38.7,4.08,7.6
2022-Q1,Belgium,Wallonia,Construction,Managers,Permanent,6.21,4686,38.2,3.85,9.7
2022-Q2,Belgium,Wallonia,Construction,Managers,Permanent,6.42,4733,38.9,4.31,10.3
2022-Q3,Belgium,Wallonia,Construction,Managers,Permanent,6.62,4721,37.6,4.45,8.9
2022-Q4,Belgium,Wallonia,Construction,Managers,Permanent,6.48,4875,38.9,4.32,9.7
2023-Q1,Belgium,Wallonia,Construction,Managers,Permanent,6.39,4866,38.0,4.33,9.1
2023-Q2,Belgium,Wallonia,Construction,Managers,Permanent,6.59,4971,38.6,3.95,8.8
2023-Q3,Belgium,Wallonia,Construction,Managers,Permanent,6.58,5073,38.2,4.22,8.7
2023-Q4,Belgium,Wallonia,Construction,Managers,Permanent,6.58,5105,39.0,4.23,8.4
2024-Q1,Belgium,Wallonia,Construction,Managers,Permanent,6.56,5133,38.1,4.26,8.2
2024-Q2,Belgium,Wallonia,Construction,Managers,Permanent,6.44,5258,38.7,3.66,8.4
2024-Q3,Belgium,Wallonia,Construction,Managers,Permanent,6.71,5285,37.8,3.85,7.8
2024-Q4,Belgium,Wallonia,Construction,Managers,Permanent,6.47,5295,39.0,4.03,5.9
2025-Q1,Belgium,Wallonia,Construction,Managers,Permanent,6.59,5402,38.5,3.25,6.9
2025-Q2,Belgium,Wallonia,Construction,Managers,Permanent,6.55,5548,38.9,3.47,8.4
2025-Q3,Belgium,Wallonia,Construction,Managers,Permanent,6.89,5604,37.9,3.19,9.8
2025-Q4,Belgium,Wallonia,Construction,Managers,Permanent,6.66,5623,39.4,3.43,8.4
2021-Q1,Belgium,Wallonia,Construction,Managers,Self-employed,1.45,4716,42.1,5.42,11.2
2021-Q2,Belgium,Wallonia,Construction,Managers,Self-employed,1.47,4747,42.4,4.97,10.5
2021-Q3,Belgium,Wallonia,Construction,Managers,Self-employed,1.49,4788,42.2,4.82,7.9
2021-Q4,Belgium,Wallonia,Construction,Managers,Self-employed,1.47,4782,43.1,5.12,14.3
2022-Q1,Belgium,Wallonia,Construction,Managers,Self-employed,1.52,4931,42.0,5.82,12.3
2022-Q2,Belgium,Wallonia,Construction,Managers,Self-employed,1.5,5035,42.6,5.46,9.3
2022-Q3,Belgium,Wallonia,Construction,Managers,Self-employed,1.48,5035,41.9,5.72,9.6
2022-Q4,Belgium,Wallonia,Construction,Managers,Self-employed,1.49,5173,42.9,6.05,11.2
2023-Q1,Belgium,Wallonia,Construction,Managers,Self-employed,1.48,5149,42.3,5.42,9.9
2023-Q2,Belgium,Wallonia,Construction,Managers,Self-employed,1.52,5204,42.7,5.58,12.0
2023-Q3,Belgium,Wallonia,Construction,Managers,Self-employed,1.56,5250,41.9,6.18,8.8
2023-Q4,Belgium,Wallonia,Construction,Managers,Self-employed,1.47,5382,43.1,5.77,8.9
2024-Q1,Belgium,Wallonia,Construction,Managers,Self-employed,1.49,5397,42.6,4.83,8.8
2024-Q2,Belgium,Wallonia,Construction,Managers,Self-employed,1.48,5495,42.9,5.11,10.6
2024-Q3,Belgium,Wallonia,Construction,Managers,Self-employed,1.52,5576,41.8,5.21,6.3
2024-Q4,Belgium,Wallonia,Construction,Managers,Self-employed,1.51,5638,43.0,4.35,9.0
2025-Q1,Belgium,Wallonia,Construction,Managers,Self-employed,1.48,5852,42.1,4.12,9.2
2025-Q2,Belgium,Wallonia,Construction,Managers,Self-employed,1.48,5855,42.8,5.08,7.9
2025-Q3,Belgium,Wallonia,Construction,Managers,Self-employed,1.55,5883,42.0,4.44,7.9
2025-Q4,Belgium,Wallonia,Construction,Managers,Self-employed,1.5,5951,43.1,4.41,9.6
2021-Q1,Belgium,Wallonia,Construction,Technicians,Permanent,13.17,3214,38.0,5.05,6.3
2021-Q2,Belgium,Wallonia,Construction,Technicians,Permanent,13.45,3205,38.9,5.44,5.2
2021-Q3,Belgium,Wallonia,Construction,Technicians,Permanent,13.31,3225,37.8,4.55,7.9
2021-Q4,Belgium,Wallonia,Construction,Technicians,Permanent,13.26,3314,38.9,5.1,7.4
2022-Q1,Belgium,Wallonia,Construction,Technicians,Permanent,13.06,3287,37.9,5.33,8.3
2022-Q2,Belgium,Wallonia,Construction,Technicians,Permanent,13.28,3355,38.3,5.09,6.4
2022-Q3,Belgium,Wallonia,Construction,Technicians,Permanent,13.37,3365,37.6,6.07,6.2
2022-Q4,Belgium,Wallonia,Construction,Technicians,Permanent,13.59,3438,39.1,5.76,7.1
2023-Q1,Belgium,Wallonia,Construction,Technicians,Permanent,12.78,3482,38.2,6.19,6.9
2023-Q2,Belgium,Wallonia,Construction,Technicians,Permanent,13.03,3490,38.2,5.57,6.8
2023-Q3,Belgium,Wallonia,Construction,Technicians,Permanent,13.29,3513,37.9,4.98,5.2
2023-Q4,Belgium,Wallonia,Construction,Technicians,Permanent,13.32,3611,39.1,5.13,5.2
2024-Q1,Belgium,Wallonia,Construction,Technicians,Permanent,13.17,3661,37.9,5.39,6.3
2024-Q2,Belgium,Wallonia,Construction,Technicians,Permanent,13.64,3708,38.9,4.85,6.2
2024-Q3,Belgium,Wallonia,Construction,Technicians,Permanent,13.88,3765,37.6,4.54,6.5
2024-Q4,Belgium,Wallonia,Construction,Technicians,Permanent,13.33,3778,39.1,4.22,5.7
2025-Q1,Belgium,Wallonia,Construction,Technicians,Permanent,13.49,3835,37.9,4.44,6.6
2025-Q2,Belgium,Wallonia,Construction,Technicians,Permanent,13.32,3852,38.5,4.42,5.2
2025-Q3,Belgium,Wallonia,Construction,Technicians,Permanent,13.77,3949,37.6,4.54,6.9
2025-Q4,Belgium,Wallonia,Construction,Technicians,Permanent,13.9,4044,39.1,4.44,7.3
2021-Q1,Belgium,Wallonia,Construction,Technicians,Temporary,3.56,2708,34.4,4.26,7.2
2021-Q2,Belgium,Wallonia,Construction,Technicians,Temporary,3.51,2697,35.4,4.31,9.6
2021-Q3,Belgium,Wallonia,Construction,Technicians,Temporary,3.76,2789,34.3,4.23,6.6
2021-Q4,Belgium,Wallonia,Construction,Technicians,Temporary,3.57,2794,35.2,4.4,8.0
2022-Q1,Belgium,Wallonia,Construction,Technicians,Temporary,3.6,2842,34.8,4.84,4.1
2022-Q2,Belgium,Wallonia,Construction,Technicians,Temporary,3.58,2861,35.0,4.74,5.5
2022-Q3,Belgium,Wallonia,Construction,Technicians,Temporary,3.71,2871,34.5,5.13,6.7
2022-Q4,Belgium,Wallonia,Construction,Technicians,Temporary,3.64,2936,35.8,5.06,7.0
2023-Q1,Belgium,Wallonia,Construction,Technicians,Temporary,3.57,2939,34.9,4.78,5.0
2023-Q2,Belgium,Wallonia,Construction,Technicians,Temporary,3.67,3041,35.3,4.55,4.1
2023-Q3,Belgium,Wallonia,Construction,Technicians,Temporary,3.73,3048,34.2,4.18,4.8
2023-Q4,Belgium,Wallonia,Construction,Technicians,Temporary,3.62,3023,35.1,4.03,6.0
2024-Q1,Belgium,Wallonia,Construction,Technicians,Temporary,3.52,3128,34.9,4.84,6.6
2024-Q2,Belgium,Wallonia,Construction,Technicians,Temporary,3.8,3144,34.9,3.65,5.0
2024-Q3,Belgium,Wallonia,Construction,Technicians,Temporary,3.86,3181,34.3,3.91,5.7
2024-Q4,Belgium,Wallonia,Construction,Technicians,Temporary,3.59,3217,35.1,3.95,7.2
2025-Q1,Belgium,Wallonia,Construction,Technicians,Temporary,3.6,3283,34.3,3.69,4.6
2025-Q2,Belgium,Wallonia,Construction,Technicians,Temporary,3.62,3339,35.0,3.73,6.3
2025-Q3,Belgium,Wallonia,Construction,Technicians,Temporary,3.83,3359,34.5,3.66,7.7
2025-Q4,Belgium,Wallonia,Construction,Technicians,Temporary,3.77,3444,35.3,4.08,6.6
2021-Q1,Belgium,Wallonia,Construction,Production & trades,Permanent,16.17,2741,38.3,4.38,5.4
2021-Q2,Belgium,Wallonia,Construction,Production & trades,Permanent,16.81,2796,38.7,4.58,2.5
2021-Q3,Belgium,Wallonia,Construction,Production & trades,Permanent,17.12,2820,38.0,3.88,2.1
2021-Q4,Belgium,Wallonia,Construction,Production & trades,Permanent,16.75,2864,39.0,4.65,4.1
2022-Q1,Belgium,Wallonia,Construction,Production & trades,Permanent,16.01,2879,38.3,4.34,2.1
2022-Q2,Belgium,Wallonia,Construction,Production & trades,Permanent,16.9,2914,38.7,4.84,3.5
2022-Q3,Belgium,Wallonia,Construction,Production & trades,Permanent,17.46,2972,38.0,5.26,4.0
2022-Q4,Belgium,Wallonia,Construction,Production & trades,Permanent,16.8,2988,38.8,5.14,4.1
2023-Q1,Belgium,Wallonia,Construction,Production & trades,Permanent,16.42,3055,38.1,5.55,2.3
2023-Q2,Belgium,Wallonia,Construction,Production & trades,Permanent,16.88,3083,38.9,4.76,1.8
2023-Q3,Belgium,Wallonia,Construction,Production & trades,Permanent,17.15,3113,37.8,4.52,0.1
2023-Q4,Belgium,Wallonia,Construction,Production & trades,Permanent,17.19,3141,39.0,4.4,1.7
2024-Q1,Belgium,Wallonia,Construction,Production & trades,Permanent,17.16,3143,38.4,4.91,1.1
2024-Q2,Belgium,Wallonia,Construction,Production & trades,Permanent,17.18,3219,38.6,4.65,2.1
2024-Q3,Belgium,Wallonia,Construction,Production & trades,Permanent,17.57,3295,37.9,4.16,2.0
2024-Q4,Belgium,Wallonia,Construction,Production & trades,Permanent,17.18,3278,39.1,4.02,3.1
2025-Q1,Belgium,Wallonia,Construction,Production & trades,Permanent,16.79,3363,38.1,3.97,2.7
2025-Q2,Belgium,Wallonia,Construction,Production & trades,Permanent,17.39,3419,38.6,4.0,2.0
2025-Q3,Belgium,Wallonia,Construction,Production & trades,Permanent,17.88,3491,37.7,4.2,3.9
2025-Q4,Belgium,Wallonia,Construction,Production & trades,Permanent,17.09,3457,38.7,3.46,1.4
2021-Q1,Belgium,Wallonia,Construction,Production & trades,Temporary,5.07,2246,34.7,4.42,3.4
2021-Q2,Belgium,Wallonia,Construction,Production & trades,Temporary,5.1,2269,35.4,5.41,1.9
2021-Q3,Belgium,Wallonia,Construction,Production & trades,Temporary,5.19,2303,34.4,4.84,1.8
2021-Q4,Belgium,Wallonia,Construction,Production & trades,Temporary,4.98,2276,35.8,4.51,1.5
2022-Q1,Belgium,Wallonia,Construction,Production & trades,Temporary,5.08,2341,34.8,4.87,0
2022-Q2,Belgium,Wallonia,Construction,Production & trades,Temporary,5.09,2365,35.3,4.79,2.6
2022-Q3,Belgium,Wallonia,Construction,Production & trades,Temporary,5.32,2387,34.4,5.59,1.2
2022-Q4,Belgium,Wallonia,Construction,Production & trades,Temporary,5.21,2432,35.5,5.13,1.3
2023-Q1,Belgium,Wallonia,Construction,Production & trades,Temporary,5.37,2474,34.8,5.46,3.2
2023-Q2,Belgium,Wallonia,Construction,Production & trades,Temporary,5.29,2470,35.4,5.19,0.7
2023-Q3,Belgium,Wallonia,Construction,Production & trades,Temporary,5.35,2548,34.4,5.04,3.6
2023-Q4,Belgium,Wallonia,Construction,Production & trades,Temporary,5.17,2554,35.5,5.26,0
2024-Q1,Belgium,Wallonia,Construction,Production & trades,Temporary,5.32,2600,34.7,4.6,0.6
2024-Q2,Belgium,Wallonia,Construction,Production & trades,Temporary,5.3,2580,35.1,3.95,3.1
2024-Q3,Belgium,Wallonia,Construction,Production & trades,Temporary,5.36,2694,34.7,4.43,2.3
2024-Q4,Belgium,Wallonia,Construction,Production & trades,Temporary,5.21,2661,35.6,5.11,0
2025-Q1,Belgium,Wallonia,Construction,Production & trades,Temporary,5.21,2731,35.1,4.34,0.3
2025-Q2,Belgium,Wallonia,Construction,Production & trades,Temporary,5.28,2785,35.2,4.1,2.6
2025-Q3,Belgium,Wallonia,Construction,Production & trades,Temporary,5.43,2797,34.5,4.03,2.3
2025-Q4,Belgium,Wallonia,Construction,Production & trades,Temporary,5.28,2833,35.5,3.82,1.9
2021-Q1,Belgium,Wallonia,Construction,Production & trades,Self-employed,4.32,2983,42.3,3.87,2.8
2021-Q2,Belgium,Wallonia,Construction,Production & trades,Self-employed,4.45,3025,42.6,4.0,1.7
2021-Q3,Belgium,Wallonia,Construction,Production & trades,Self-employed,4.58,3056,41.9,4.29,1.6
2021-Q4,Belgium,Wallonia,Construction,Production & trades,Self-employed,4.29,3111,43.1,4.11,1.4
2022-Q1,Belgium,Wallonia,Construction,Production & trades,Self-employed,4.26,3105,42.5,4.55,3.8
2022-Q2,Belgium,Wallonia,Construction,Production & trades,Self-employed,4.68,3132,43.0,4.11,1.0
2022-Q3,Belgium,Wallonia,Construction,Production & trades,Self-employed,4.56,3227,42.1,4.56,4.1
2022-Q4,Belgium,Wallonia,Construction,Production & trades,Self-employed,4.41,3256,43.0,5.22,3.6
2023-Q1,Belgium,Wallonia,Construction,Production & trades,Self-employed,4.35,3296,42.5,4.33,0.5
2023-Q2,Belgium,Wallonia,Construction,Production & trades,Self-employed,4.47,3334,42.8,4.72,3.4
2023-Q3,Belgium,Wallonia,Construction,Production & trades,Self-employed,4.43,3415,42.0,4.71,1.1
2023-Q4,Belgium,Wallonia,Construction,Production & trades,Self-employed,4.44,3456,43.3,4.53,2.1
2024-Q1,Belgium,Wallonia,Construction,Production & trades,Self-employed,4.47,3470,42.7,3.95,3.7
2024-Q2,Belgium,Wallonia,Construction,Production & trades,Self-employed,4.55,3533,43.1,3.81,3.1
2024-Q3,Belgium,Wallonia,Construction,Production & trades,Self-employed,4.58,3598,41.9,4.29,2.8
2024-Q4,Belgium,Wallonia,Construction,Production & trades,Self-employed,4.42,3650,43.3,4.02,2.1
2025-Q1,Belgium,Wallonia,Construction,Production & trades,Self-employed,4.39,3677,42.3,3.89,2.8
2025-Q2,Belgium,Wallonia,Construction,Production & trades,Self-employed,4.52,3729,42.9,3.58,1.9
2025-Q3,Belgium,Wallonia,Construction,Production & trades,Self-employed,4.67,3708,41.8,3.83,3.8
2025-Q4,Belgium,Wallonia,Construction,Production & trades,Self-employed,4.44,3831,43.4,3.48,2.1
2021-Q1,Belgium,Wallonia,Public services,Managers,Permanent,8.04,4341,36.0,2.53,39.9
2021-Q2,Belgium,Wallonia,Public services,Managers,Permanent,8.03,4441,36.0,2.33,39.5
2021-Q3,Belgium,Wallonia,Public services,Managers,Permanent,8.11,4497,35.4,2.78,42.3
2021-Q4,Belgium,Wallonia,Public services,Managers,Permanent,8.05,4594,36.2,2.72,37.6
2022-Q1,Belgium,Wallonia,Public services,Managers,Permanent,7.84,4619,35.6,2.57,39.8
2022-Q2,Belgium,Wallonia,Public services,Managers,Permanent,7.88,4631,36.5,2.89,38.3
2022-Q3,Belgium,Wallonia,Public services,Managers,Permanent,8.01,4706,35.5,3.28,36.7
2022-Q4,Belgium,Wallonia,Public services,Managers,Permanent,8.09,4798,36.2,3.22,36.5
2023-Q1,Belgium,Wallonia,Public services,Managers,Permanent,7.85,4898,35.8,3.03,36.3
2023-Q2,Belgium,Wallonia,Public services,Managers,Permanent,8.07,4871,36.1,2.75,34.3
2023-Q3,Belgium,Wallonia,Public services,Managers,Permanent,8.04,4976,35.2,2.88,37.8
2023-Q4,Belgium,Wallonia,Public services,Managers,Permanent,7.94,5035,36.6,3.05,35.2
2024-Q1,Belgium,Wallonia,Public services,Managers,Permanent,7.89,5080,35.9,2.47,34.1
2024-Q2,Belgium,Wallonia,Public services,Managers,Permanent,8.34,5168,36.0,2.34,35.3
2024-Q3,Belgium,Wallonia,Public services,Managers,Permanent,8.2,5258,35.5,2.53,33.3
2024-Q4,Belgium,Wallonia,Public services,Managers,Permanent,8.07,5231,36.8,2.52,35.4
2025-Q1,Belgium,Wallonia,Public services,Managers,Permanent,7.94,5331,35.8,2.28,36.1
2025-Q2,Belgium,Wallonia,Public services,Managers,Permanent,8.12,5448,36.0,2.55,35.4
2025-Q3,Belgium,Wallonia,Public services,Managers,Permanent,8.43,5434,35.5,2.26,36.0
2025-Q4,Belgium,Wallonia,Public services,Managers,Permanent,8.6,5581,36.3,2.38,36.2
2021-Q1,Belgium,Wallonia,Public services,Managers,Self-employed,1.89,4700,40.0,2.48,47.8
2021-Q2,Belgium,Wallonia,Public services,Managers,Self-employed,1.99,4817,40.9,2.28,45.5
2021-Q3,Belgium,Wallonia,Public services,Managers,Self-employed,1.98,4866,39.8,2.34,45.0
2021-Q4,Belgium,Wallonia,Public services,Managers,Self-employed,1.99,4925,40.6,2.32,47.1
2022-Q1,Belgium,Wallonia,Public services,Managers,Self-employed,2.01,4995,40.4,2.45,43.0
2022-Q2,Belgium,Wallonia,Public services,Managers,Self-employed,2.06,4977,40.4,2.64,43.8
2022-Q3,Belgium,Wallonia,Public services,Managers,Self-employed,1.98,5143,39.6,2.73,42.8
2022-Q4,Belgium,Wallonia,Public services,Managers,Self-employed,2.03,5198,40.7,2.65,44.2
2023-Q1,Belgium,Wallonia,Public services,Managers,Self-employed,2.03,5265,40.0,2.84,42.0
2023-Q2,Belgium,Wallonia,Public services,Managers,Self-employed,2.06,5310,40.5,2.71,43.4
2023-Q3,Belgium,Wallonia,Public services,Managers,Self-employed,2.08,5360,39.7,2.39,39.9
2023-Q4,Belgium,Wallonia,Public services,Managers,Self-employed,2.01,5474,40.8,2.18,38.5
2024-Q1,Belgium,Wallonia,Public services,Managers,Self-employed,1.99,5491,40.0,2.57,39.4
2024-Q2,Belgium,Wallonia,Public services,Managers,Self-employed,2.04,5522,40.3,2.54,40.6
2024-Q3,Belgium,Wallonia,Public services,Managers,Self-employed,2.12,5610,40.1,2.29,40.2
2024-Q4,Belgium,Wallonia,Public services,Managers,Self-employed,2.05,5740,40.7,2.23,39.8
2025-Q1,Belgium,Wallonia,Public services,Managers,Self-employed,2.04,5795,40.4,2.19,41.2
2025-Q2,Belgium,Wallonia,Public services,Managers,Self-employed,2.15,5919,40.3,2.09,40.2
2025-Q3,Belgium,Wallonia,Public services,Managers,Self-employed,2.13,6020,39.7,1.84,38.8
2025-Q4,Belgium,Wallonia,Public services,Managers,Self-employed,2.05,5961,40.9,2.2,41.0
2021-Q1,Belgium,Wallonia,Public services,Professionals,Permanent,18.37,3901,35.8,2.79,41.5
2021-Q2,Belgium,Wallonia,Public services,Professionals,Permanent,18.64,3950,36.6,2.93,41.1
2021-Q3,Belgium,Wallonia,Public services,Professionals,Permanent,19.1,4001,35.6,2.62,43.2
2021-Q4,Belgium,Wallonia,Public services,Professionals,Permanent,17.78,4117,36.2,3.05,42.0
2022-Q1,Belgium,Wallonia,Public services,Professionals,Permanent,18.31,4129,35.8,3.18,41.3
2022-Q2,Belgium,Wallonia,Public services,Professionals,Permanent,18.98,4208,36.5,3.3,40.2
2022-Q3,Belgium,Wallonia,Public services,Professionals,Permanent,19.27,4206,35.8,3.35,39.1
2022-Q4,Belgium,Wallonia,Public services,Professionals,Permanent,18.46,4248,36.6,3.45,39.2
2023-Q1,Belgium,Wallonia,Public services,Professionals,Permanent,18.92,4337,35.7,3.53,40.3
2023-Q2,Belgium,Wallonia,Public services,Professionals,Permanent,18.96,4441,36.6,3.27,38.1
2023-Q3,Belgium,Wallonia,Public services,Professionals,Permanent,19.28,4427,35.7,3.19,36.5
2023-Q4,Belgium,Wallonia,Public services,Professionals,Permanent,18.69,4528,36.6,3.4,36.1
2024-Q1,Belgium,Wallonia,Public services,Professionals,Permanent,17.94,4543,36.1,2.99,36.1
2024-Q2,Belgium,Wallonia,Public services,Professionals,Permanent,19.04,4567,36.6,2.66,36.6
2024-Q3,Belgium,Wallonia,Public services,Professionals,Permanent,19.35,4614,35.4,2.75,34.8
2024-Q4,Belgium,Wallonia,Public services,Professionals,Permanent,18.87,4687,36.5,2.69,37.7
2025-Q1,Belgium,Wallonia,Public services,Professionals,Permanent,18.32,4747,35.5,2.95,37.3
2025-Q2,Belgium,Wallonia,Public services,Professionals,Permanent,18.91,4844,36.1,2.61,37.6
2025-Q3,Belgium,Wallonia,Public services,Professionals,Permanent,19.41,4927,35.6,2.64,36.8
2025-Q4,Belgium,Wallonia,Public services,Professionals,Permanent,19.18,5006,36.9,2.71,38.4
2021-Q1,Belgium,Wallonia,Public services,Professionals,Temporary,5.92,3369,31.8,2.62,40.5
2021-Q2,Belgium,Wallonia,Public services,Professionals,Temporary,6.02,3394,31.9,2.83,39.5
2021-Q3,Belgium,Wallonia,Public services,Professionals,Temporary,6.3,3511,31.0,3.02,36.6
2021-Q4,Belgium,Wallonia,Public services,Professionals,Temporary,6.02,3505,32.5,3.23,38.5
2022-Q1,Belgium,Wallonia,Public services,Professionals,Temporary,6.02,3540,31.6,2.79,36.9
2022-Q2,Belgium,Wallonia,Public services,Professionals,Temporary,6.23,3717,32.3,3.21,34.8
2022-Q3,Belgium,Wallonia,Public services,Professionals,Temporary,6.29,3685,31.1,3.2,38.1
2022-Q4,Belgium,Wallonia,Public services,Professionals,Temporary,6.16,3721,32.2,3.54,37.1
2023-Q1,Belgium,Wallonia,Public services,Professionals,Temporary,6.09,3700,31.7,3.01,36.9
2023-Q2,Belgium,Wallonia,Public services,Professionals,Temporary,6.39,3828,32.2,3.14,34.8
2023-Q3,Belgium,Wallonia,Public services,Professionals,Temporary,6.27,3824,31.3,3.0,34.0
2023-Q4,Belgium,Wallonia,Public services,Professionals,Temporary,6.17,3817,32.4,2.66,34.0
2024-Q1,Belgium,Wallonia,Public services,Professionals,Temporary,6.27,3981,31.6,2.77,32.2
2024-Q2,Belgium,Wallonia,Public services,Professionals,Temporary,6.61,4014,32.0,2.65,34.6
2024-Q3,Belgium,Wallonia,Public services,Professionals,Temporary,6.64,4034,31.1,2.49,34.6
2024-Q4,Belgium,Wallonia,Public services,Professionals,Temporary,6.31,4102,32.4,2.59,34.3
2025-Q1,Belgium,Wallonia,Public services,Professionals,Temporary,6.42,4151,31.7,2.59,35.8
2025-Q2,Belgium,Wallonia,Public services,Professionals,Temporary,6.52,4205,32.3,2.58,32.8
2025-Q3,Belgium,Wallonia,Public services,Professionals,Temporary,6.56,4208,31.2,2.64,36.3
2025-Q4,Belgium,Wallonia,Public services,Professionals,Temporary,6.38,4325,32.6,2.58,35.8
2021-Q1,Belgium,Wallonia,Public services,Professionals,Self-employed,4.71,4262,39.9,2.62,48.7
2021-Q2,Belgium,Wallonia,Public services,Professionals,Self-employed,5.02,4288,40.6,2.77,48.4
2021-Q3,Belgium,Wallonia,Public services,Professionals,Self-employed,4.9,4348,39.8,2.59,47.6
2021-Q4,Belgium,Wallonia,Public services,Professionals,Self-employed,5.1,4459,40.9,2.86,47.0
2022-Q1,Belgium,Wallonia,Public services,Professionals,Self-employed,4.93,4395,40.1,3.14,47.2
2022-Q2,Belgium,Wallonia,Public services,Professionals,Self-employed,4.97,4534,40.6,2.98,47.9
2022-Q3,Belgium,Wallonia,Public services,Professionals,Self-employed,5.16,4601,39.8,3.1,47.4
2022-Q4,Belgium,Wallonia,Public services,Professionals,Self-employed,4.89,4727,40.8,2.9,44.9
2023-Q1,Belgium,Wallonia,Public services,Professionals,Self-employed,4.85,4742,39.8,3.25,45.3
2023-Q2,Belgium,Wallonia,Public services,Professionals,Self-employed,5.03,4709,40.8,2.94,40.6
2023-Q3,Belgium,Wallonia,Public services,Professionals,Self-employed,5.05,4901,39.7,2.92,41.1
2023-Q4,Belgium,Wallonia,Public services,Professionals,Self-employed,5.03,4910,40.9,2.89,41.2
2024-Q1,Belgium,Wallonia,Public services,Professionals,Self-employed,4.86,4907,39.6,2.55,43.1
2024-Q2,Belgium,Wallonia,Public services,Professionals,Self-employed,5.18,4968,40.8,2.48,43.5
2024-Q3,Belgium,Wallonia,Public services,Professionals,Self-employed,5.13,5101,39.6,2.22,43.7
2024-Q4,Belgium,Wallonia,Public services,Professionals,Self-employed,4.98,5172,41.1,2.36,43.7
2025-Q1,Belgium,Wallonia,Public services,Professionals,Self-employed,4.99,5205,40.1,2.72,41.0
2025-Q2,Belgium,Wallonia,Public services,Professionals,Self-employed,5.24,5331,40.9,2.51,42.7
2025-Q3,Belgium,Wallonia,Public services,Professionals,Self-employed,5.21,5260,39.8,2.22,44.1
2025-Q4,Belgium,Wallonia,Public services,Professionals,Self-employed,5.05,5452,40.9,2.51,40.7
2021-Q1,Belgium,Wallonia,Public services,Clerical & service,Permanent,23.26,2610,35.5,2.48,26.4
2021-Q2,Belgium,Wallonia,Public services,Clerical & service,Permanent,23.98,2652,36.5,2.62,27.0
2021-Q3,Belgium,Wallonia,Public services,Clerical & service,Permanent,24.24,2678,35.1,2.54,27.4
2021-Q4,Belgium,Wallonia,Public services,Clerical & service,Permanent,24.38,2720,36.6,2.71,27.2
2022-Q1,Belgium,Wallonia,Public services,Clerical & service,Permanent,23.7,2723,35.8,2.88,24.9
2022-Q2,Belgium,Wallonia,Public services,Clerical & service,Permanent,25.02,2780,36.0,2.75,26.7
2022-Q3,Belgium,Wallonia,Public services,Clerical & service,Permanent,23.57,2794,35.3,3.07,24.7
2022-Q4,Belgium,Wallonia,Public services,Clerical & service,Permanent,24.98,2823,36.1,3.02,23.7
2023-Q1,Belgium,Wallonia,Public services,Clerical & service,Permanent,24.12,2874,35.3,3.06,26.0
2023-Q2,Belgium,Wallonia,Public services,Clerical & service,Permanent,24.0,2890,35.8,2.93,24.7
2023-Q3,Belgium,Wallonia,Public services,Clerical & service,Permanent,24.85,2913,35.7,3.12,25.8
2023-Q4,Belgium,Wallonia,Public services,Clerical & service,Permanent,24.15,2984,36.2,2.54,21.7
2024-Q1,Belgium,Wallonia,Public services,Clerical & service,Permanent,24.09,3015,35.9,2.87,24.1
2024-Q2,Belgium,Wallonia,Public services,Clerical & service,Permanent,24.89,3060,36.1,2.6,20.7
2024-Q3,Belgium,Wallonia,Public services,Clerical & service,Permanent,25.41,3081,35.3,2.61,21.9
2024-Q4,Belgium,Wallonia,Public services,Clerical & service,Permanent,24.6,3107,36.8,2.5,26.4
2025-Q1,Belgium,Wallonia,Public services,Clerical & service,Permanent,23.68,3151,35.5,2.5,23.7
2025-Q2,Belgium,Wallonia,Public services,Clerical & service,Permanent,24.68,3193,36.2,2.63,24.5
2025-Q3,Belgium,Wallonia,Public services,Clerical & service,Permanent,25.47,3203,35.5,2.08,24.0
2025-Q4,Belgium,Wallonia,Public services,Clerical & service,Permanent,24.98,3247,36.4,2.26,23.3
2021-Q1,Belgium,Wallonia,Public services,Clerical & service,Temporary,6.42,2189,32.4,2.79,24.2
2021-Q2,Belgium,Wallonia,Public services,Clerical & service,Temporary,6.45,2217,32.9,2.71,25.3
2021-Q3,Belgium,Wallonia,Public services,Clerical & service,Temporary,6.63,2246,31.8,3.31,23.4
2021-Q4,Belgium,Wallonia,Public services,Clerical & service,Temporary,6.41,2296,32.8,2.95,25.1
2022-Q1,Belgium,Wallonia,Public services,Clerical & service,Temporary,6.39,2310,32.2,3.07,22.2
2022-Q2,Belgium,Wallonia,Public services,Clerical & service,Temporary,6.52,2293,32.8,3.07,21.7
2022-Q3,Belgium,Wallonia,Public services,Clerical & service,Temporary,6.47,2356,31.7,3.13,20.6
2022-Q4,Belgium,Wallonia,Public services,Clerical & service,Temporary,6.52,2338,33.0,3.16,22.3
2023-Q1,Belgium,Wallonia,Public services,Clerical & service,Temporary,6.43,2402,32.2,3.21,20.6
2023-Q2,Belgium,Wallonia,Public services,Clerical & service,Temporary,6.73,2411,32.6,3.14,21.5
2023-Q3,Belgium,Wallonia,Public services,Clerical & service,Temporary,6.81,2472,31.6,3.19,23.4
2023-Q4,Belgium,Wallonia,Public services,Clerical & service,Temporary,6.19,2490,32.8,3.13,21.4
2024-Q1,Belgium,Wallonia,Public services,Clerical & service,Temporary,6.28,2547,32.1,2.9,17.7
2024-Q2,Belgium,Wallonia,Public services,Clerical & service,Temporary,6.61,2577,33.0,2.51,20.1
2024-Q3,Belgium,Wallonia,Public services,Clerical & service,Temporary,6.9,2577,31.6,2.47,20.5
2024-Q4,Belgium,Wallonia,Public services,Clerical & service,Temporary,6.74,2616,33.0,2.62,22.4
2025-Q1,Belgium,Wallonia,Public services,Clerical & service,Temporary,6.49,2649,32.3,2.59,22.2
2025-Q2,Belgium,Wallonia,Public services,Clerical & service,Temporary,6.7,2658,32.6,2.49,20.1
2025-Q3,Belgium,Wallonia,Public services,Clerical & service,Temporary,6.63,2718,31.6,2.43,21.8
2025-Q4,Belgium,Wallonia,Public services,Clerical & service,Temporary,6.78,2767,33.0,2.56,23.9
2021-Q1,Belgium,Wallonia,Trade & hospitality,Managers,Permanent,8.96,3627,38.4,4.75,16.4
2021-Q2,Belgium,Wallonia,Trade & hospitality,Managers,Permanent,9.3,3670,38.4,5.02,13.1
2021-Q3,Belgium,Wallonia,Trade & hospitality,Managers,Permanent,9.17,3691,37.8,5.19,13.4
2021-Q4,Belgium,Wallonia,Trade & hospitality,Managers,Permanent,9.18,3731,38.9,5.81,11.2
2022-Q1,Belgium,Wallonia,Trade & hospitality,Managers,Permanent,9.06,3785,38.0,5.37,16.7
2022-Q2,Belgium,Wallonia,Trade & hospitality,Managers,Permanent,9.36,3835,38.6,6.34,12.3
2022-Q3,Belgium,Wallonia,Trade & hospitality,Managers,Permanent,9.44,3947,38.0,6.41,14.6
2022-Q4,Belgium,Wallonia,Trade & hospitality,Managers,Permanent,9.23,3902,39.0,6.59,13.2
2023-Q1,Belgium,Wallonia,Trade & hospitality,Managers,Permanent,9.01,3967,38.4,5.88,12.6
2023-Q2,Belgium,Wallonia,Trade & hospitality,Managers,Permanent,9.32,3977,38.8,5.69,12.3
2023-Q3,Belgium,Wallonia,Trade & hospitality,Managers,Permanent,9.31,4111,37.6,5.14,12.2
2023-Q4,Belgium,Wallonia,Trade & hospitality,Managers,Permanent,9.31,4166,38.6,5.58,12.7
2024-Q1,Belgium,Wallonia,Trade & hospitality,Managers,Permanent,9.27,4189,38.0,4.96,12.0
2024-Q2,Belgium,Wallonia,Trade & hospitality,Managers,Permanent,9.52,4204,38.5,4.65,13.6
2024-Q3,Belgium,Wallonia,Trade & hospitality,Managers,Permanent,9.79,4298,37.7,5.28,13.0
2024-Q4,Belgium,Wallonia,Trade & hospitality,Managers,Permanent,9.45,4295,38.9,4.83,14.8
2025-Q1,Belgium,Wallonia,Trade & hospitality,Managers,Permanent,9.33,4325,38.1,4.57,10.1
2025-Q2,Belgium,Wallonia,Trade & hospitality,Managers,Permanent,9.42,4453,38.6,4.64,14.5
2025-Q3,Belgium,Wallonia,Trade & hospitality,Managers,Permanent,9.78,4508,37.7,4.35,12.5
2025-Q4,Belgium,Wallonia,Trade & hospitality,Managers,Permanent,9.55,4555,38.8,4.63,14.1
2021-Q1,Belgium,Wallonia,Trade & hospitality,Managers,Self-employed,2.67,3788,42.0,4.56,16.8
2021-Q2,Belgium,Wallonia,Trade & hospitality,Managers,Self-employed,2.66,3911,42.2,4.96,17.5
2021-Q3,Belgium,Wallonia,Trade & hospitality,Managers,Self-employed,2.61,3901,41.4,4.86,18.4
2021-Q4,Belgium,Wallonia,Trade & hospitality,Managers,Self-employed,2.54,3981,42.5,5.09,17.3
2022-Q1,Belgium,Wallonia,Trade & hospitality,Managers,Self-employed,2.63,4006,42.1,5.54,18.0
2022-Q2,Belgium,Wallonia,Trade & hospitality,Managers,Self-employed,2.57,4109,42.2,5.36,13.7
2022-Q3,Belgium,Wallonia,Trade & hospitality,Managers,Self-employed,2.64,4095,41.2,6.29,17.1
2022-Q4,Belgium,Wallonia,Trade & hospitality,Managers,Self-employed,2.54,4146,42.4,5.66,14.1
2023-Q1,Belgium,Wallonia,Trade & hospitality,Managers,Self-employed,2.53,4265,41.7,5.77,13.3
2023-Q2,Belgium,Wallonia,Trade & hospitality,Managers,Self-employed,2.64,4249,42.1,4.87,13.0
2023-Q3,Belgium,Wallonia,Trade & hospitality,Managers,Self-employed,2.78,4321,40.7,4.7,16.7
2023-Q4,Belgium,Wallonia,Trade & hospitality,Managers,Self-employed,2.58,4398,42.5,5.03,16.2
2024-Q1,Belgium,Wallonia,Trade & hospitality,Managers,Self-employed,2.67,4417,41.8,4.88,13.4
2024-Q2,Belgium,Wallonia,Trade & hospitality,Managers,Self-employed,2.76,4409,42.3,4.64,14.6
2024-Q3,Belgium,Wallonia,Trade & hospitality,Managers,Self-employed,2.66,4539,41.8,4.66,13.0
2024-Q4,Belgium,Wallonia,Trade & hospitality,Managers,Self-employed,2.61,4561,42.5,4.52,15.2
2025-Q1,Belgium,Wallonia,Trade & hospitality,Managers,Self-employed,2.71,4654,41.5,5.02,14.6
2025-Q2,Belgium,Wallonia,Trade & hospitality,Managers,Self-employed,2.68,4708,42.2,4.25,14.5
2025-Q3,Belgium,Wallonia,Trade & hospitality,Managers,Self-employed,2.74,4851,41.2,4.26,15.1
2025-Q4,Belgium,Wallonia,Trade & hospitality,Managers,Self-employed,2.71,4904,42.4,3.96,15.0
2021-Q1,Belgium,Wallonia,Trade & hospitality,Clerical & service,Permanent,26.88,2180,37.7,5.38,6.6
2021-Q2,Belgium,Wallonia,Trade & hospitality,Clerical & service,Permanent,26.96,2232,38.3,5.81,8.1
2021-Q3,Belgium,Wallonia,Trade & hospitality,Clerical & service,Permanent,27.36,2240,37.4,5.16,12.3
2021-Q4,Belgium,Wallonia,Trade & hospitality,Clerical & service,Permanent,26.57,2271,38.4,6.0,10.2
2022-Q1,Belgium,Wallonia,Trade & hospitality,Clerical & service,Permanent,25.72,2319,38.0,6.77,7.5
2022-Q2,Belgium,Wallonia,Trade & hospitality,Clerical & service,Permanent,27.49,2309,38.6,6.47,9.1
2022-Q3,Belgium,Wallonia,Trade & hospitality,Clerical & service,Permanent,27.82,2354,37.6,6.6,9.2
2022-Q4,Belgium,Wallonia,Trade & hospitality,Clerical & service,Permanent,27.22,2413,38.3,6.86,7.1
2023-Q1,Belgium,Wallonia,Trade & hospitality,Clerical & service,Permanent,27.76,2415,37.8,6.27,8.0
2023-Q2,Belgium,Wallonia,Trade & hospitality,Clerical & service,Permanent,27.59,2446,38.2,7.12,8.9
2023-Q3,Belgium,Wallonia,Trade & hospitality,Clerical & service,Permanent,28.96,2435,37.1,5.83,7.8
2023-Q4,Belgium,Wallonia,Trade & hospitality,Clerical & service,Permanent,27.36,2501,38.8,6.38,7.7
2024-Q1,Belgium,Wallonia,Trade & hospitality,Clerical & service,Permanent,27.25,2553,37.7,5.61,8.2
2024-Q2,Belgium,Wallonia,Trade & hospitality,Clerical & service,Permanent,27.99,2580,38.6,5.23,9.3
2024-Q3,Belgium,Wallonia,Trade & hospitality,Clerical & service,Permanent,28.35,2572,37.1,5.49,8.1
2024-Q4,Belgium,Wallonia,Trade & hospitality,Clerical & service,Permanent,27.08,2676,38.4,5.29,8.1
2025-Q1,Belgium,Wallonia,Trade & hospitality,Clerical & service,Permanent,27.2,2666,37.8,5.22,8.4
2025-Q2,Belgium,Wallonia,Trade & hospitality,Clerical & service,Permanent,28.72,2694,38.3,4.76,5.8
2025-Q3,Belgium,Wallonia,Trade & hospitality,Clerical & service,Permanent,28.43,2740,37.3,4.38,7.2
2025-Q4,Belgium,Wallonia,Trade & hospitality,Clerical & service,Permanent,27.82,2766,38.7,5.51,8.5
2021-Q1,Belgium,Wallonia,Trade & hospitality,Clerical & service,Temporary,7.66,1762,34.3,5.41,9.3
2021-Q2,Belgium,Wallonia,Trade & hospitality,Clerical & service,Temporary,7.95,1785,34.8,5.02,8.8
2021-Q3,Belgium,Wallonia,Trade & hospitality,Clerical & service,Temporary,7.54,1828,34.3,5.61,6.3
2021-Q4,Belgium,Wallonia,Trade & hospitality,Clerical & service,Temporary,7.68,1858,35.2,5.54,9.0
2022-Q1,Belgium,Wallonia,Trade & hospitality,Clerical & service,Temporary,7.21,1874,34.1,6.04,6.7
2022-Q2,Belgium,Wallonia,Trade & hospitality,Clerical & service,Temporary,7.96,1870,34.8,5.75,8.1
2022-Q3,Belgium,Wallonia,Trade & hospitality,Clerical & service,Temporary,7.86,1935,34.1,6.31,9.0
2022-Q4,Belgium,Wallonia,Trade & hospitality,Clerical & service,Temporary,7.56,1904,34.8,6.33,8.3
2023-Q1,Belgium,Wallonia,Trade & hospitality,Clerical & service,Temporary,7.79,1954,34.3,6.02,5.2
2023-Q2,Belgium,Wallonia,Trade & hospitality,Clerical & service,Temporary,7.84,1979,34.7,6.85,9.4
2023-Q3,Belgium,Wallonia,Trade & hospitality,Clerical & service,Temporary,8.2,2005,33.6,5.53,7.0
2023-Q4,Belgium,Wallonia,Trade & hospitality,Clerical & service,Temporary,7.66,2028,35.1,5.15,9.3
2024-Q1,Belgium,Wallonia,Trade & hospitality,Clerical & service,Temporary,7.74,2042,34.2,5.39,8.3
2024-Q2,Belgium,Wallonia,Trade & hospitality,Clerical & service,Temporary,8.08,2063,34.9,5.53,9.4
2024-Q3,Belgium,Wallonia,Trade & hospitality,Clerical & service,Temporary,8.27,2111,33.9,5.39,7.4
2024-Q4,Belgium,Wallonia,Trade & hospitality,Clerical & service,Temporary,8.0,2168,34.9,4.82,6.7
2025-Q1,Belgium,Wallonia,Trade & hospitality,Clerical & service,Temporary,7.89,2139,33.5,5.17,9.2
2025-Q2,Belgium,Wallonia,Trade & hospitality,Clerical & service,Temporary,8.08,2176,34.5,5.1,8.7
2025-Q3,Belgium,Wallonia,Trade & hospitality,Clerical & service,Temporary,8.1,2235,34.0,4.89,8.1
2025-Q4,Belgium,Wallonia,Trade & hospitality,Clerical & service,Temporary,8.15,2249,35.1,4.66,6.9
2021-Q1,Belgium,Wallonia,Trade & hospitality,Production & trades,Permanent,28.52,2200,37.7,4.2,4.9
2021-Q2,Belgium,Wallonia,Trade & hospitality,Production & trades,Permanent,30.52,2242,38.0,3.78,3.7
2021-Q3,Belgium,Wallonia,Trade & hospitality,Production & trades,Permanent,29.93,2261,37.5,4.17,3.2
2021-Q4,Belgium,Wallonia,Trade & hospitality,Production & trades,Permanent,28.61,2298,38.3,4.43,2.2
2022-Q1,Belgium,Wallonia,Trade & hospitality,Production & trades,Permanent,28.09,2332,37.3,4.84,3.6
2022-Q2,Belgium,Wallonia,Trade & hospitality,Production & trades,Permanent,30.1,2362,38.0,4.63,3.5
2022-Q3,Belgium,Wallonia,Trade & hospitality,Production & trades,Permanent,31.04,2377,37.0,4.09,4.2
2022-Q4,Belgium,Wallonia,Trade & hospitality,Production & trades,Permanent,29.26,2398,38.3,4.78,3.1
2023-Q1,Belgium,Wallonia,Trade & hospitality,Production & trades,Permanent,29.63,2438,37.9,4.56,2.7
2023-Q2,Belgium,Wallonia,Trade & hospitality,Production & trades,Permanent,28.99,2470,38.1,4.48,2.4
2023-Q3,Belgium,Wallonia,Trade & hospitality,Production & trades,Permanent,30.91,2497,37.1,4.6,1.9
2023-Q4,Belgium,Wallonia,Trade & hospitality,Production & trades,Permanent,30.42,2522,38.1,4.35,2.9
2024-Q1,Belgium,Wallonia,Trade & hospitality,Production & trades,Permanent,29.01,2611,37.6,3.88,3.1
2024-Q2,Belgium,Wallonia,Trade & hospitality,Production & trades,Permanent,30.54,2607,38.1,3.98,2.5
2024-Q3,Belgium,Wallonia,Trade & hospitality,Production & trades,Permanent,30.78,2656,37.3,3.75,4.4
2024-Q4,Belgium,Wallonia,Trade & hospitality,Production & trades,Permanent,31.48,2706,37.9,3.72,3.5
2025-Q1,Belgium,Wallonia,Trade & hospitality,Production & trades,Permanent,30.14,2702,37.6,3.84,1.2
2025-Q2,Belgium,Wallonia,Trade & hospitality,Production & trades,Permanent,31.7,2740,38.0,3.24,2.2
2025-Q3,Belgium,Wallonia,Trade & hospitality,Production & trades,Permanent,31.29,2809,37.3,3.67,4.3
2025-Q4,Belgium,Wallonia,Trade & hospitality,Production & trades,Permanent,30.85,2809,38.4,3.75,3.4
2021-Q1,Belgium,Wallonia,Trade & hospitality,Production & trades,Temporary,8.88,1899,34.7,4.91,3.9
2021-Q2,Belgium,Wallonia,Trade & hospitality,Production & trades,Temporary,9.03,1916,35.2,4.95,2.3
2021-Q3,Belgium,Wallonia,Trade & hospitality,Production & trades,Temporary,9.43,1928,34.0,4.9,3.4
2021-Q4,Belgium,Wallonia,Trade & hospitality,Production & trades,Temporary,9.18,1947,35.4,5.41,3.6
2022-Q1,Belgium,Wallonia,Trade & hospitality,Production & trades,Temporary,9.2,1978,34.3,5.55,2.9
2022-Q2,Belgium,Wallonia,Trade & hospitality,Production & trades,Temporary,9.3,2043,35.1,6.04,3.0
2022-Q3,Belgium,Wallonia,Trade & hospitality,Production & trades,Temporary,9.14,2052,33.8,6.23,2.2
2022-Q4,Belgium,Wallonia,Trade & hospitality,Production & trades,Temporary,9.14,2053,35.3,5.37,2.5
2023-Q1,Belgium,Wallonia,Trade & hospitality,Production & trades,Temporary,8.79,2078,34.3,5.93,6.5
2023-Q2,Belgium,Wallonia,Trade & hospitality,Production & trades,Temporary,9.62,2114,34.8,5.46,3.2
2023-Q3,Belgium,Wallonia,Trade & hospitality,Production & trades,Temporary,9.27,2141,34.2,5.0,1.7
2023-Q4,Belgium,Wallonia,Trade & hospitality,Production & trades,Temporary,9.19,2143,35.1,5.19,2.0
2024-Q1,Belgium,Wallonia,Trade & hospitality,Production & trades,Temporary,9.35,2183,34.6,4.88,3.2
2024-Q2,Belgium,Wallonia,Trade & hospitality,Production & trades,Temporary,9.56,2201,35.2,5.21,4.6
2024-Q3,Belgium,Wallonia,Trade & hospitality,Production & trades,Temporary,9.51,2248,34.3,4.39,2.5
2024-Q4,Belgium,Wallonia,Trade & hospitality,Production & trades,Temporary,9.16,2271,35.2,4.84,3.8
2025-Q1,Belgium,Wallonia,Trade & hospitality,Production & trades,Temporary,9.3,2262,34.8,4.73,5.2
2025-Q2,Belgium,Wallonia,Trade & hospitality,Production & trades,Temporary,9.47,2327,34.7,4.38,3.6
2025-Q3,Belgium,Wallonia,Trade & hospitality,Production & trades,Temporary,9.54,2365,34.3,4.73,2.3
2025-Q4,Belgium,Wallonia,Trade & hospitality,Production & trades,Temporary,9.75,2406,35.6,4.39,2.3
2021-Q1,Belgium,Wallonia,Trade & hospitality,Production & trades,Self-employed,5.51,2506,41.8,4.2,5.4
2021-Q2,Belgium,Wallonia,Trade & hospitality,Production & trades,Self-employed,5.56,2529,42.0,4.52,2.1
2021-Q3,Belgium,Wallonia,Trade & hospitality,Production & trades,Self-employed,5.73,2573,41.7,5.17,2.6
2021-Q4,Belgium,Wallonia,Trade & hospitality,Production & trades,Self-employed,5.83,2590,42.3,5.05,6.5
2022-Q1,Belgium,Wallonia,Trade & hospitality,Production & trades,Self-employed,5.59,2643,41.7,5.38,3.9
2022-Q2,Belgium,Wallonia,Trade & hospitality,Production & trades,Self-employed,5.72,2670,42.5,4.89,4.1
2022-Q3,Belgium,Wallonia,Trade & hospitality,Production & trades,Self-employed,5.88,2703,41.4,5.59,6.5
2022-Q4,Belgium,Wallonia,Trade & hospitality,Production & trades,Self-employed,5.76,2721,42.7,5.29,4.3
2023-Q1,Belgium,Wallonia,Trade & hospitality,Production & trades,Self-employed,5.62,2787,41.7,5.07,1.4
2023-Q2,Belgium,Wallonia,Trade & hospitality,Production & trades,Self-employed,5.76,2767,42.3,5.03,2.2
2023-Q3,Belgium,Wallonia,Trade & hospitality,Production & trades,Self-employed,5.8,2887,41.5,5.49,4.0
2023-Q4,Belgium,Wallonia,Trade & hospitality,Production & trades,Self-employed,5.58,2880,42.7,5.39,5.2
2024-Q1,Belgium,Wallonia,Trade & hospitality,Production & trades,Self-employed,5.77,2886,41.9,5.02,2.3
2024-Q2,Belgium,Wallonia,Trade & hospitality,Production & trades,Self-employed,5.77,2959,42.3,4.95,1.2
2024-Q3,Belgium,Wallonia,Trade & hospitality,Production & trades,Self-employed,5.84,2973,41.4,4.88,6.1
2024-Q4,Belgium,Wallonia,Trade & hospitality,Production & trades,Self-employed,5.81,3018,42.5,4.88,2.9
2025-Q1,Belgium,Wallonia,Trade & hospitality,Production & trades,Self-employed,5.77,3040,42.2,5.08,2.9
2025-Q2,Belgium,Wallonia,Trade & hospitality,Production & trades,Self-employed,6.14,3048,42.3,3.91,4.0
2025-Q3,Belgium,Wallonia,Trade & hospitality,Production & trades,Self-employed,6.25,3121,41.7,4.59,3.1
2025-Q4,Belgium,Wallonia,Trade & hospitality,Production & trades,Self-employed,5.93,3215,42.5,4.3,2.4
2021-Q1,Germany,Berlin,Finance,Managers,Permanent,8.71,6293,36.6,2.81,61.9
2021-Q2,Germany,Berlin,Finance,Managers,Permanent,8.95,6459,37.2,3.0,63.5
2021-Q3,Germany,Berlin,Finance,Managers,Permanent,8.92,6454,36.1,2.93,63.0
2021-Q4,Germany,Berlin,Finance,Managers,Permanent,8.69,6634,36.9,3.13,60.0
2022-Q1,Germany,Berlin,Finance,Managers,Permanent,8.64,6744,36.8,3.32,59.8
2022-Q2,Germany,Berlin,Finance,Managers,Permanent,9.02,6837,37.0,3.25,59.8
2022-Q3,Germany,Berlin,Finance,Managers,Permanent,9.17,6960,35.9,3.59,57.2
2022-Q4,Germany,Berlin,Finance,Managers,Permanent,8.86,7053,37.0,3.43,57.3
2023-Q1,Germany,Berlin,Finance,Managers,Permanent,8.8,7029,36.6,3.27,56.8
2023-Q2,Germany,Berlin,Finance,Managers,Permanent,8.86,7141,37.0,3.24,56.4
2023-Q3,Germany,Berlin,Finance,Managers,Permanent,8.99,7256,36.0,3.35,54.4
2023-Q4,Germany,Berlin,Finance,Managers,Permanent,8.97,7150,37.1,2.99,51.7
2024-Q1,Germany,Berlin,Finance,Managers,Permanent,8.64,7407,36.4,2.82,54.4
2024-Q2,Germany,Berlin,Finance,Managers,Permanent,8.81,7491,37.0,2.65,54.6
2024-Q3,Germany,Berlin,Finance,Managers,Permanent,9.18,7646,35.9,2.67,54.0
2024-Q4,Germany,Berlin,Finance,Managers,Permanent,8.86,7725,37.1,2.73,55.8
2025-Q1,Germany,Berlin,Finance,Managers,Permanent,8.77,7743,36.3,2.67,54.0
2025-Q2,Germany,Berlin,Finance,Managers,Permanent,9.1,7850,36.9,2.75,54.7
2025-Q3,Germany,Berlin,Finance,Managers,Permanent,9.36,7943,36.0,2.46,56.9
2025-Q4,Germany,Berlin,Finance,Managers,Permanent,8.88,7922,37.2,2.79,55.1
2021-Q1,Germany,Berlin,Finance,Managers,Self-employed,2.14,7248,41.6,3.48,72.0
2021-Q2,Germany,Berlin,Finance,Managers,Self-employed,2.19,7217,41.8,3.17,72.9
2021-Q3,Germany,Berlin,Finance,Managers,Self-employed,2.32,7312,41.3,2.87,72.3
2021-Q4,Germany,Berlin,Finance,Managers,Self-employed,2.29,7527,42.3,3.29,72.7
2022-Q1,Germany,Berlin,Finance,Managers,Self-employed,2.15,7496,41.3,3.3,69.3
2022-Q2,Germany,Berlin,Finance,Managers,Self-employed,2.22,7770,42.3,3.85,68.0
2022-Q3,Germany,Berlin,Finance,Managers,Self-employed,2.28,7834,40.8,3.52,69.5
2022-Q4,Germany,Berlin,Finance,Managers,Self-employed,2.17,7791,42.3,3.62,67.1
2023-Q1,Germany,Berlin,Finance,Managers,Self-employed,2.24,7949,41.5,3.77,66.9
2023-Q2,Germany,Berlin,Finance,Managers,Self-employed,2.28,8140,42.0,3.33,64.8
2023-Q3,Germany,Berlin,Finance,Managers,Self-employed,2.24,8032,41.0,3.5,64.5
2023-Q4,Germany,Berlin,Finance,Managers,Self-employed,2.19,8343,42.2,3.31,64.5
2024-Q1,Germany,Berlin,Finance,Managers,Self-employed,2.25,8275,41.8,3.21,61.3
2024-Q2,Germany,Berlin,Finance,Managers,Self-employed,2.36,8445,42.3,3.22,61.2
2024-Q3,Germany,Berlin,Finance,Managers,Self-employed,2.3,8518,41.4,3.21,63.5
2024-Q4,Germany,Berlin,Finance,Managers,Self-employed,2.3,8660,42.2,2.54,61.7
2025-Q1,Germany,Berlin,Finance,Managers,Self-employed,2.2,8626,41.7,3.17,63.6
2025-Q2,Germany,Berlin,Finance,Managers,Self-employed,2.26,8981,42.3,3.11,64.7
2025-Q3,Germany,Berlin,Finance,Managers,Self-employed,2.32,8823,41.0,2.91,64.4
2025-Q4,Germany,Berlin,Finance,Managers,Self-employed,2.3,9083,42.2,2.79,64.9
2021-Q1,Germany,Berlin,Finance,Professionals,Permanent,22.64,5458,36.6,3.11,65.4
2021-Q2,Germany,Berlin,Finance,Professionals,Permanent,23.99,5588,37.3,2.9,66.9
2021-Q3,Germany,Berlin,Finance,Professionals,Permanent,23.47,5645,36.6,2.92,65.7
2021-Q4,Germany,Berlin,Finance,Professionals,Permanent,22.64,5669,37.5,3.42,65.0
2022-Q1,Germany,Berlin,Finance,Professionals,Permanent,23.22,5708,36.5,3.47,64.3
2022-Q2,Germany,Berlin,Finance,Professionals,Permanent,22.88,5808,37.5,3.66,63.8
2022-Q3,Germany,Berlin,Finance,Professionals,Permanent,24.49,5936,36.2,3.84,60.9
2022-Q4,Germany,Berlin,Finance,Professionals,Permanent,23.8,6012,37.4,3.29,60.5
2023-Q1,Germany,Berlin,Finance,Professionals,Permanent,23.79,6155,36.9,3.63,59.0
2023-Q2,Germany,Berlin,Finance,Professionals,Permanent,24.33,6242,37.0,3.32,58.9
2023-Q3,Germany,Berlin,Finance,Professionals,Permanent,24.14,6184,36.2,3.11,61.4
2023-Q4,Germany,Berlin,Finance,Professionals,Permanent,24.1,6217,37.6,3.14,56.7
2024-Q1,Germany,Berlin,Finance,Professionals,Permanent,22.67,6461,36.7,2.88,56.6
2024-Q2,Germany,Berlin,Finance,Professionals,Permanent,24.5,6421,37.3,2.66,56.6
2024-Q3,Germany,Berlin,Finance,Professionals,Permanent,24.51,6617,36.2,2.42,57.7
2024-Q4,Germany,Berlin,Finance,Professionals,Permanent,23.66,6557,37.2,2.68,59.3
2025-Q1,Germany,Berlin,Finance,Professionals,Permanent,23.97,6660,36.8,2.68,57.4
2025-Q2,Germany,Berlin,Finance,Professionals,Permanent,24.23,6773,37.3,2.83,56.5
2025-Q3,Germany,Berlin,Finance,Professionals,Permanent,25.12,6879,36.4,2.51,57.2
2025-Q4,Germany,Berlin,Finance,Professionals,Permanent,24.14,6993,37.5,2.87,59.0
2021-Q1,Germany,Berlin,Finance,Professionals,Temporary,6.22,4429,33.5,2.91,62.4
2021-Q2,Germany,Berlin,Finance,Professionals,Temporary,6.24,4408,34.0,2.66,58.0
2021-Q3,Germany,Berlin,Finance,Professionals,Temporary,6.45,4499,33.3,2.75,59.2
2021-Q4,Germany,Berlin,Finance,Professionals,Temporary,6.28,4570,34.3,2.86,58.0
2022-Q1,Germany,Berlin,Finance,Professionals,Temporary,6.25,4597,33.9,3.19,57.3
2022-Q2,Germany,Berlin,Finance,Professionals,Temporary,6.73,4643,34.3,3.25,55.9
2022-Q3,Germany,Berlin,Finance,Professionals,Temporary,6.72,4711,33.5,3.09,56.2
2022-Q4,Germany,Berlin,Finance,Professionals,Temporary,6.29,4748,34.5,3.6,54.9
2023-Q1,Germany,Berlin,Finance,Professionals,Temporary,6.38,4850,33.7,3.31,56.3
2023-Q2,Germany,Berlin,Finance,Professionals,Temporary,6.36,4948,34.3,3.18,54.3
2023-Q3,Germany,Berlin,Finance,Professionals,Temporary,6.85,4962,33.4,2.73,54.6
2023-Q4,Germany,Berlin,Finance,Professionals,Temporary,6.71,4992,34.1,3.15,54.8
2024-Q1,Germany,Berlin,Finance,Professionals,Temporary,6.45,5039,33.7,2.9,52.7
2024-Q2,Germany,Berlin,Finance,Professionals,Temporary,6.55,5197,34.1,2.67,52.4
2024-Q3,Germany,Berlin,Finance,Professionals,Temporary,6.58,5176,33.6,2.5,53.9
2024-Q4,Germany,Berlin,Finance,Professionals,Temporary,6.8,5354,34.6,2.66,50.6
2025-Q1,Germany,Berlin,Finance,Professionals,Temporary,6.67,5349,33.9,2.7,51.5
2025-Q2,Germany,Berlin,Finance,Professionals,Temporary,6.63,5404,34.3,2.41,54.4
2025-Q3,Germany,Berlin,Finance,Professionals,Temporary,6.83,5515,33.5,2.56,51.6
2025-Q4,Germany,Berlin,Finance,Professionals,Temporary,6.77,5550,34.4,2.52,53.7
2021-Q1,Germany,Berlin,Finance,Professionals,Self-employed,5.36,5892,41.1,2.74,76.0
2021-Q2,Germany,Berlin,Finance,Professionals,Self-employed,5.37,6029,41.7,3.0,76.6
2021-Q3,Germany,Berlin,Finance,Professionals,Self-employed,5.6,6005,40.6,2.77,74.3
2021-Q4,Germany,Berlin,Finance,Professionals,Self-employed,5.33,6191,41.7,2.69,74.4
2022-Q1,Germany,Berlin,Finance,Professionals,Self-employed,5.33,6248,40.9,3.2,74.3
2022-Q2,Germany,Berlin,Finance,Professionals,Self-employed,5.76,6227,41.7,3.08,70.3
2022-Q3,Germany,Berlin,Finance,Professionals,Self-employed,5.67,6341,40.7,3.19,73.3
2022-Q4,Germany,Berlin,Finance,Professionals,Self-employed,5.53,6373,41.9,2.99,72.8
2023-Q1,Germany,Berlin,Finance,Professionals,Self-employed,5.68,6483,41.0,3.44,68.6
2023-Q2,Germany,Berlin,Finance,Professionals,Self-employed,5.7,6603,41.5,3.15,68.6
2023-Q3,Germany,Berlin,Finance,Professionals,Self-employed,5.59,6654,41.0,3.02,67.0
2023-Q4,Germany,Berlin,Finance,Professionals,Self-employed,5.58,6836,41.6,2.75,65.4
2024-Q1,Germany,Berlin,Finance,Professionals,Self-employed,5.51,6781,41.3,2.47,66.3
2024-Q2,Germany,Berlin,Finance,Professionals,Self-employed,5.48,6950,41.7,2.59,67.7
2024-Q3,Germany,Berlin,Finance,Professionals,Self-employed,5.51,7083,40.6,2.46,65.6
2024-Q4,Germany,Berlin,Finance,Professionals,Self-employed,5.58,7264,41.9,2.34,67.6
2025-Q1,Germany,Berlin,Finance,Professionals,Self-employed,5.58,7155,41.2,2.22,67.1
2025-Q2,Germany,Berlin,Finance,Professionals,Self-employed,5.49,7307,41.5,2.37,65.8
2025-Q3,Germany,Berlin,Finance,Professionals,Self-employed,5.71,7414,40.8,2.46,69.0
2025-Q4,Germany,Berlin,Finance,Professionals,Self-employed,5.56,7445,41.9,2.62,67.9
2021-Q1,Germany,Berlin,Finance,Clerical & service,Permanent,23.69,3904,37.3,2.46,42.4
2021-Q2,Germany,Berlin,Finance,Clerical & service,Permanent,24.88,3887,37.8,2.58,40.2
2021-Q3,Germany,Berlin,Finance,Clerical & service,Permanent,24.81,3992,36.6,3.06,41.0
2021-Q4,Germany,Berlin,Finance,Clerical & service,Permanent,23.82,4043,37.8,3.0,40.3
2022-Q1,Germany,Berlin,Finance,Clerical & service,Permanent,24.47,4130,37.0,3.46,39.6
2022-Q2,Germany,Berlin,Finance,Clerical & service,Permanent,24.88,4153,37.5,3.17,39.0
2022-Q3,Germany,Berlin,Finance,Clerical & service,Permanent,25.63,4192,36.8,3.29,39.5
2022-Q4,Germany,Berlin,Finance,Clerical & service,Permanent,25.2,4248,38.0,2.99,38.8
2023-Q1,Germany,Berlin,Finance,Clerical & service,Permanent,24.44,4298,37.3,3.4,40.9
2023-Q2,Germany,Berlin,Finance,Clerical & service,Permanent,24.66,4340,37.8,3.27,36.3
2023-Q3,Germany,Berlin,Finance,Clerical & service,Permanent,26.07,4429,36.6,2.86,36.2
2023-Q4,Germany,Berlin,Finance,Clerical & service,Permanent,25.44,4434,38.0,2.87,35.1
2024-Q1,Germany,Berlin,Finance,Clerical & service,Permanent,24.34,4543,37.5,2.96,34.7
2024-Q2,Germany,Berlin,Finance,Clerical & service,Permanent,25.61,4584,37.8,2.88,37.0
2024-Q3,Germany,Berlin,Finance,Clerical & service,Permanent,26.12,4614,36.8,2.69,35.2
2024-Q4,Germany,Berlin,Finance,Clerical & service,Permanent,25.46,4694,37.7,2.61,35.9
2025-Q1,Germany,Berlin,Finance,Clerical & service,Permanent,25.32,4792,37.3,2.79,37.8
2025-Q2,Germany,Berlin,Finance,Clerical & service,Permanent,25.4,4819,37.6,2.45,36.1
2025-Q3,Germany,Berlin,Finance,Clerical & service,Permanent,25.63,4895,36.8,2.13,35.1
2025-Q4,Germany,Berlin,Finance,Clerical & service,Permanent,25.4,4950,37.6,2.4,36.2
2021-Q1,Germany,Berlin,Finance,Clerical & service,Temporary,6.34,3117,34.1,2.67,38.0
2021-Q2,Germany,Berlin,Finance,Clerical & service,Temporary,6.7,3137,34.5,2.8,36.5
2021-Q3,Germany,Berlin,Finance,Clerical & service,Temporary,6.82,3158,33.4,2.65,39.9
2021-Q4,Germany,Berlin,Finance,Clerical & service,Temporary,6.67,3223,34.8,2.94,37.3
2022-Q1,Germany,Berlin,Finance,Clerical & service,Temporary,6.38,3236,33.7,3.08,36.0
2022-Q2,Germany,Berlin,Finance,Clerical & service,Temporary,6.65,3302,34.0,2.79,36.0
2022-Q3,Germany,Berlin,Finance,Clerical & service,Temporary,6.81,3315,33.2,3.45,36.4
2022-Q4,Germany,Berlin,Finance,Clerical & service,Temporary,6.59,3388,34.3,3.09,34.4
2023-Q1,Germany,Berlin,Finance,Clerical & service,Temporary,6.47,3434,33.8,3.23,34.7
2023-Q2,Germany,Berlin,Finance,Clerical & service,Temporary,6.91,3493,33.9,2.97,34.7
2023-Q3,Germany,Berlin,Finance,Clerical & service,Temporary,6.73,3560,33.3,3.03,33.3
2023-Q4,Germany,Berlin,Finance,Clerical & service,Temporary,6.71,3600,34.7,2.86,33.3
2024-Q1,Germany,Berlin,Finance,Clerical & service,Temporary,6.56,3525,33.7,2.67,33.5
2024-Q2,Germany,Berlin,Finance,Clerical & service,Temporary,6.96,3627,34.2,2.59,33.8
2024-Q3,Germany,Berlin,Finance,Clerical & service,Temporary,6.91,3637,33.8,2.6,30.4
2024-Q4,Germany,Berlin,Finance,Clerical & service,Temporary,6.58,3685,34.7,2.41,34.0
2025-Q1,Germany,Berlin,Finance,Clerical & service,Temporary,6.72,3805,33.9,2.86,32.0
2025-Q2,Germany,Berlin,Finance,Clerical & service,Temporary,6.79,3837,34.2,2.51,33.8
2025-Q3,Germany,Berlin,Finance,Clerical & service,Temporary,7.03,3895,33.3,2.51,34.5
2025-Q4,Germany,Berlin,Finance,Clerical & service,Temporary,6.93,3881,34.4,2.57,31.6
2021-Q1,Germany,Berlin,ICT,Managers,Permanent,7.81,6121,36.5,4.39,90.8
2021-Q2,Germany,Berlin,ICT,Managers,Permanent,8.26,6246,37.2,4.69,87.5
2021-Q3,Germany,Berlin,ICT,Managers,Permanent,8.32,6416,36.2,4.74,85.9
2021-Q4,Germany,Berlin,ICT,Managers,Permanent,8.47,6314,37.3,5.05,85.0
2022-Q1,Germany,Berlin,ICT,Managers,Permanent,8.1,6433,36.2,5.12,82.2
2022-Q2,Germany,Berlin,ICT,Managers,Permanent,8.42,6537,36.9,5.1,81.6
2022-Q3,Germany,Berlin,ICT,Managers,Permanent,8.7,6599,36.3,4.99,80.9
2022-Q4,Germany,Berlin,ICT,Managers,Permanent,8.39,6760,37.1,5.38,80.0
2023-Q1,Germany,Berlin,ICT,Managers,Permanent,8.25,6765,36.7,5.05,80.2
2023-Q2,Germany,Berlin,ICT,Managers,Permanent,8.69,6920,37.0,5.32,78.0
2023-Q3,Germany,Berlin,ICT,Managers,Permanent,8.73,6874,35.7,5.19,76.7
2023-Q4,Germany,Berlin,ICT,Managers,Permanent,8.57,7067,37.3,5.05,74.9
2024-Q1,Germany,Berlin,ICT,Managers,Permanent,8.51,7100,36.6,4.88,75.4
2024-Q2,Germany,Berlin,ICT,Managers,Permanent,8.59,7210,36.7,4.85,75.1
2024-Q3,Germany,Berlin,ICT,Managers,Permanent,8.95,7280,36.0,4.42,75.9
2024-Q4,Germany,Berlin,ICT,Managers,Permanent,8.75,7371,37.1,4.12,77.1
2025-Q1,Germany,Berlin,ICT,Managers,Permanent,8.72,7503,36.4,4.18,77.3
2025-Q2,Germany,Berlin,ICT,Managers,Permanent,8.88,7567,37.0,4.34,75.7
2025-Q3,Germany,Berlin,ICT,Managers,Permanent,8.99,7624,35.8,4.01,77.8
2025-Q4,Germany,Berlin,ICT,Managers,Permanent,8.98,7829,37.2,4.1,76.6
2021-Q1,Germany,Berlin,ICT,Managers,Self-employed,1.99,6663,40.6,4.89,92
2021-Q2,Germany,Berlin,ICT,Managers,Self-employed,2.0,6655,41.2,5.34,92
2021-Q3,Germany,Berlin,ICT,Managers,Self-employed,2.07,6778,40.3,5.0,92
2021-Q4,Germany,Berlin,ICT,Managers,Self-employed,2.03,6887,41.6,5.89,92
2022-Q1,Germany,Berlin,ICT,Managers,Self-employed,2.03,7021,40.8,5.85,92
2022-Q2,Germany,Berlin,ICT,Managers,Self-employed,2.16,6946,41.5,5.48,92
2022-Q3,Germany,Berlin,ICT,Managers,Self-employed,2.15,7252,40.8,6.04,92
2022-Q4,Germany,Berlin,ICT,Managers,Self-employed,2.14,7173,41.6,6.33,92
2023-Q1,Germany,Berlin,ICT,Managers,Self-employed,2.1,7293,40.7,5.31,90.6
2023-Q2,Germany,Berlin,ICT,Managers,Self-employed,2.17,7377,41.0,5.82,90.8
2023-Q3,Germany,Berlin,ICT,Managers,Self-employed,2.23,7433,40.4,5.64,90.4
2023-Q4,Germany,Berlin,ICT,Managers,Self-employed,2.13,7557,41.8,5.78,88.1
2024-Q1,Germany,Berlin,ICT,Managers,Self-employed,2.15,7660,40.9,4.67,88.2
2024-Q2,Germany,Berlin,ICT,Managers,Self-employed,2.16,7698,41.1,5.19,85.9
2024-Q3,Germany,Berlin,ICT,Managers,Self-employed,2.21,7975,40.3,4.88,84.9
2024-Q4,Germany,Berlin,ICT,Managers,Self-employed,2.17,7819,41.5,4.82,87.8
2025-Q1,Germany,Berlin,ICT,Managers,Self-employed,2.23,8067,40.8,4.34,88.1
2025-Q2,Germany,Berlin,ICT,Managers,Self-employed,2.23,8279,41.6,4.24,87.8
2025-Q3,Germany,Berlin,ICT,Managers,Self-employed,2.26,8277,40.4,4.1,88.0
2025-Q4,Germany,Berlin,ICT,Managers,Self-employed,2.23,8427,41.6,4.35,87.2
2021-Q1,Germany,Berlin,ICT,Professionals,Permanent,18.49,5279,36.5,4.8,92
2021-Q2,Germany,Berlin,ICT,Professionals,Permanent,19.25,5339,37.0,4.51,91.3
2021-Q3,Germany,Berlin,ICT,Professionals,Permanent,19.51,5370,35.9,4.64,90.8
2021-Q4,Germany,Berlin,ICT,Professionals,Permanent,18.9,5340,37.0,5.09,89.0
2022-Q1,Germany,Berlin,ICT,Professionals,Permanent,19.5,5462,36.7,4.92,88.7
2022-Q2,Germany,Berlin,ICT,Professionals,Permanent,19.78,5560,37.0,4.48,88.0
2022-Q3,Germany,Berlin,ICT,Professionals,Permanent,20.07,5661,36.2,5.39,87.6
2022-Q4,Germany,Berlin,ICT,Professionals,Permanent,19.43,5705,37.1,5.07,83.9
2023-Q1,Germany,Berlin,ICT,Professionals,Permanent,19.36,5803,36.1,5.08,84.6
2023-Q2,Germany,Berlin,ICT,Professionals,Permanent,20.07,5914,37.1,5.21,81.2
2023-Q3,Germany,Berlin,ICT,Professionals,Permanent,20.09,5940,36.3,4.96,80.3
2023-Q4,Germany,Berlin,ICT,Professionals,Permanent,20.15,5987,37.4,4.29,79.5
2024-Q1,Germany,Berlin,ICT,Professionals,Permanent,19.82,6067,36.6,4.72,78.4
2024-Q2,Germany,Berlin,ICT,Professionals,Permanent,20.6,6109,37.1,4.38,79.2
2024-Q3,Germany,Berlin,ICT,Professionals,Permanent,20.79,6301,36.1,4.07,79.1
2024-Q4,Germany,Berlin,ICT,Professionals,Permanent,21.12,6335,36.9,4.68,79.9
2025-Q1,Germany,Berlin,ICT,Professionals,Permanent,20.34,6397,36.5,3.99,81.1
2025-Q2,Germany,Berlin,ICT,Professionals,Permanent,21.2,6432,36.9,3.86,79.0
2025-Q3,Germany,Berlin,ICT,Professionals,Permanent,21.3,6612,35.9,4.24,81.9
2025-Q4,Germany,Berlin,ICT,Professionals,Permanent,21.21,6642,37.1,4.0,83.0
2021-Q1,Germany,Berlin,ICT,Professionals,Temporary,6.11,4235,32.9,4.97,84.0
2021-Q2,Germany,Berlin,ICT,Professionals,Temporary,6.2,4210,33.2,5.3,84.1
2021-Q3,Germany,Berlin,ICT,Professionals,Temporary,6.33,4293,32.0,4.88,83.3
2021-Q4,Germany,Berlin,ICT,Professionals,Temporary,6.11,4398,33.5,5.25,81.6
2022-Q1,Germany,Berlin,ICT,Professionals,Temporary,6.37,4449,32.7,5.9,80.9
2022-Q2,Germany,Berlin,ICT,Professionals,Temporary,6.58,4488,32.9,5.55,81.5
2022-Q3,Germany,Berlin,ICT,Professionals,Temporary,6.44,4566,32.0,5.86,78.1
2022-Q4,Germany,Berlin,ICT,Professionals,Temporary,6.42,4514,33.1,5.63,79.6
2023-Q1,Germany,Berlin,ICT,Professionals,Temporary,6.31,4618,32.6,5.77,78.6
2023-Q2,Germany,Berlin,ICT,Professionals,Temporary,6.49,4753,33.0,5.39,77.6
2023-Q3,Germany,Berlin,ICT,Professionals,Temporary,6.58,4745,32.4,5.37,75.5
2023-Q4,Germany,Berlin,ICT,Professionals,Temporary,6.41,4836,33.6,4.63,76.7
2024-Q1,Germany,Berlin,ICT,Professionals,Temporary,6.5,4887,32.9,4.73,73.6
2024-Q2,Germany,Berlin,ICT,Professionals,Temporary,6.71,4913,33.1,4.86,72.1
2024-Q3,Germany,Berlin,ICT,Professionals,Temporary,6.8,4989,32.1,4.87,74.3
2024-Q4,Germany,Berlin,ICT,Professionals,Temporary,6.6,5099,33.2,4.0,75.4
2025-Q1,Germany,Berlin,ICT,Professionals,Temporary,6.71,5061,32.6,4.31,75.2
2025-Q2,Germany,Berlin,ICT,Professionals,Temporary,6.94,5180,33.1,4.24,73.0
2025-Q3,Germany,Berlin,ICT,Professionals,Temporary,7.0,5198,32.0,4.1,73.3
2025-Q4,Germany,Berlin,ICT,Professionals,Temporary,6.72,5336,33.5,4.63,75.3
2021-Q1,Germany,Berlin,ICT,Professionals,Self-employed,4.13,5771,40.7,4.26,92
2021-Q2,Germany,Berlin,ICT,Professionals,Self-employed,4.22,5817,40.8,4.57,92
2021-Q3,Germany,Berlin,ICT,Professionals,Self-employed,4.33,5898,39.8,4.96,92
2021-Q4,Germany,Berlin,ICT,Professionals,Self-employed,4.26,6002,40.9,4.92,92
2022-Q1,Germany,Berlin,ICT,Professionals,Self-employed,4.26,6166,40.4,4.84,92
2022-Q2,Germany,Berlin,ICT,Professionals,Self-employed,4.4,6151,40.9,5.15,92
2022-Q3,Germany,Berlin,ICT,Professionals,Self-employed,4.44,6252,39.9,5.22,92
2022-Q4,Germany,Berlin,ICT,Professionals,Self-employed,4.47,6294,41.3,5.51,92
2023-Q1,Germany,Berlin,ICT,Professionals,Self-employed,4.36,6378,40.5,5.34,92
2023-Q2,Germany,Berlin,ICT,Professionals,Self-employed,4.48,6427,41.0,5.03,92
2023-Q3,Germany,Berlin,ICT,Professionals,Self-employed,4.53,6536,40.1,5.27,92
2023-Q4,Germany,Berlin,ICT,Professionals,Self-employed,4.35,6578,41.3,4.33,92
2024-Q1,Germany,Berlin,ICT,Professionals,Self-employed,4.41,6725,40.4,5.07,91.6
2024-Q2,Germany,Berlin,ICT,Professionals,Self-employed,4.49,6835,41.0,4.44,91.6
2024-Q3,Germany,Berlin,ICT,Professionals,Self-employed,4.63,6926,40.1,4.24,91.4
2024-Q4,Germany,Berlin,ICT,Professionals,Self-employed,4.41,6920,41.1,4.14,92
2025-Q1,Germany,Berlin,ICT,Professionals,Self-employed,4.61,7084,40.5,4.53,92
2025-Q2,Germany,Berlin,ICT,Professionals,Self-employed,4.67,7180,40.8,4.08,92
2025-Q3,Germany,Berlin,ICT,Professionals,Self-employed,4.58,7204,39.9,3.66,92
2025-Q4,Germany,Berlin,ICT,Professionals,Self-employed,4.63,7307,41.1,4.45,92
2021-Q1,Germany,Berlin,ICT,Technicians,Permanent,17.31,4283,36.6,4.17,70.2
2021-Q2,Germany,Berlin,ICT,Technicians,Permanent,18.47,4341,36.9,4.66,69.8
2021-Q3,Germany,Berlin,ICT,Technicians,Permanent,17.88,4383,36.0,4.46,69.8
2021-Q4,Germany,Berlin,ICT,Technicians,Permanent,18.56,4380,36.8,5.05,67.3
2022-Q1,Germany,Berlin,ICT,Technicians,Permanent,18.65,4480,36.1,5.11,66.9
2022-Q2,Germany,Berlin,ICT,Technicians,Permanent,18.33,4563,36.8,5.25,64.7
2022-Q3,Germany,Berlin,ICT,Technicians,Permanent,18.5,4621,36.1,4.93,64.3
2022-Q4,Germany,Berlin,ICT,Technicians,Permanent,18.58,4674,36.9,5.11,61.8
2023-Q1,Germany,Berlin,ICT,Technicians,Permanent,19.08,4744,36.6,5.36,61.7
2023-Q2,Germany,Berlin,ICT,Technicians,Permanent,19.26,4728,36.9,4.87,60.7
2023-Q3,Germany,Berlin,ICT,Technicians,Permanent,19.7,4812,35.7,4.9,62.0
2023-Q4,Germany,Berlin,ICT,Technicians,Permanent,19.02,4915,37.5,4.36,58.4
2024-Q1,Germany,Berlin,ICT,Technicians,Permanent,18.81,4986,36.2,4.66,56.4
2024-Q2,Germany,Berlin,ICT,Technicians,Permanent,18.92,5025,36.9,3.64,58.6
2024-Q3,Germany,Berlin,ICT,Technicians,Permanent,19.65,5072,35.9,4.56,59.4
2024-Q4,Germany,Berlin,ICT,Technicians,Permanent,18.76,5123,37.0,4.12,58.7
2025-Q1,Germany,Berlin,ICT,Technicians,Permanent,19.08,5189,36.4,4.26,59.4
2025-Q2,Germany,Berlin,ICT,Technicians,Permanent,19.98,5272,37.0,3.91,62.5
2025-Q3,Germany,Berlin,ICT,Technicians,Permanent,20.12,5304,35.9,4.06,61.6
2025-Q4,Germany,Berlin,ICT,Technicians,Permanent,19.2,5426,37.1,3.74,60.4
2021-Q1,Germany,Berlin,ICT,Technicians,Temporary,4.69,3647,32.5,5.01,63.7
2021-Q2,Germany,Berlin,ICT,Technicians,Temporary,4.67,3726,33.3,4.76,64.4
2021-Q3,Germany,Berlin,ICT,Technicians,Temporary,4.9,3795,31.8,5.84,64.4
2021-Q4,Germany,Berlin,ICT,Technicians,Temporary,4.75,3840,33.7,5.45,61.2
2022-Q1,Germany,Berlin,ICT,Technicians,Temporary,4.77,3834,33.0,6.01,61.4
2022-Q2,Germany,Berlin,ICT,Technicians,Temporary,4.85,3901,33.1,6.1,59.7
2022-Q3,Germany,Berlin,ICT,Technicians,Temporary,4.96,3990,32.6,5.34,57.3
2022-Q4,Germany,Berlin,ICT,Technicians,Temporary,4.89,3943,33.3,5.68,58.5
2023-Q1,Germany,Berlin,ICT,Technicians,Temporary,4.91,4002,32.9,6.3,60.1
2023-Q2,Germany,Berlin,ICT,Technicians,Temporary,5.0,4127,33.4,6.28,55.3
2023-Q3,Germany,Berlin,ICT,Technicians,Temporary,5.18,4161,32.7,6.0,54.4
2023-Q4,Germany,Berlin,ICT,Technicians,Temporary,5.02,4228,33.3,5.41,55.6
2024-Q1,Germany,Berlin,ICT,Technicians,Temporary,5.04,4248,33.1,5.98,54.7
2024-Q2,Germany,Berlin,ICT,Technicians,Temporary,5.13,4293,33.4,5.25,51.9
2024-Q3,Germany,Berlin,ICT,Technicians,Temporary,5.14,4352,32.2,5.05,52.7
2024-Q4,Germany,Berlin,ICT,Technicians,Temporary,5.16,4416,33.6,5.16,55.8
2025-Q1,Germany,Berlin,ICT,Technicians,Temporary,5.08,4501,32.8,4.88,55.1
2025-Q2,Germany,Berlin,ICT,Technicians,Temporary,5.13,4587,33.1,4.48,56.4
2025-Q3,Germany,Berlin,ICT,Technicians,Temporary,5.13,4578,32.3,4.41,54.3
2025-Q4,Germany,Berlin,ICT,Technicians,Temporary,5.26,4679,33.4,4.23,56.4
2021-Q1,Germany,Berlin,Public services,Managers,Permanent,13.56,4854,36.1,2.18,39.8
2021-Q2,Germany,Berlin,Public services,Managers,Permanent,13.55,4890,36.6,2.38,41.9
2021-Q3,Germany,Berlin,Public services,Managers,Permanent,13.71,4912,35.8,2.64,40.3
2021-Q4,Germany,Berlin,Public services,Managers,Permanent,13.19,4882,37.1,2.51,39.9
2022-Q1,Germany,Berlin,Public services,Managers,Permanent,13.54,5027,35.8,3.09,38.3
2022-Q2,Germany,Berlin,Public services,Managers,Permanent,13.93,5101,36.5,2.86,37.9
2022-Q3,Germany,Berlin,Public services,Managers,Permanent,13.94,5136,35.6,2.84,37.5
2022-Q4,Germany,Berlin,Public services,Managers,Permanent,13.94,5270,37.1,2.7,36.9
2023-Q1,Germany,Berlin,Public services,Managers,Permanent,13.54,5292,36.3,3.02,37.5
2023-Q2,Germany,Berlin,Public services,Managers,Permanent,14.02,5467,36.5,2.87,34.8
2023-Q3,Germany,Berlin,Public services,Managers,Permanent,13.96,5431,35.8,2.99,34.8
2023-Q4,Germany,Berlin,Public services,Managers,Permanent,13.54,5500,37.0,2.63,35.0
2024-Q1,Germany,Berlin,Public services,Managers,Permanent,13.28,5483,35.9,2.62,34.0
2024-Q2,Germany,Berlin,Public services,Managers,Permanent,14.19,5609,36.4,2.53,32.9
2024-Q3,Germany,Berlin,Public services,Managers,Permanent,14.44,5765,35.4,2.68,36.1
2024-Q4,Germany,Berlin,Public services,Managers,Permanent,13.73,5841,36.8,2.16,32.8
2025-Q1,Germany,Berlin,Public services,Managers,Permanent,13.94,5882,36.2,2.35,36.4
2025-Q2,Germany,Berlin,Public services,Managers,Permanent,14.51,5915,36.5,2.17,33.9
2025-Q3,Germany,Berlin,Public services,Managers,Permanent,14.48,5967,36.0,2.3,34.2
2025-Q4,Germany,Berlin,Public services,Managers,Permanent,14.26,6148,36.5,2.02,36.3
2021-Q1,Germany,Berlin,Public services,Managers,Self-employed,2.9,5176,39.6,2.2,45.1
2021-Q2,Germany,Berlin,Public services,Managers,Self-employed,2.99,5166,40.2,2.35,48.6
2021-Q3,Germany,Berlin,Public services,Managers,Self-employed,3.08,5236,39.2,2.45,44.5
2021-Q4,Germany,Berlin,Public services,Managers,Self-employed,2.99,5272,40.5,2.58,44.8
2022-Q1,Germany,Berlin,Public services,Managers,Self-employed,2.94,5408,39.4,2.45,46.2
2022-Q2,Germany,Berlin,Public services,Managers,Self-employed,2.91,5462,40.2,2.55,43.8
2022-Q3,Germany,Berlin,Public services,Managers,Self-employed,3.06,5574,39.1,2.77,43.8
2022-Q4,Germany,Berlin,Public services,Managers,Self-employed,2.98,5563,40.3,3.03,43.6
2023-Q1,Germany,Berlin,Public services,Managers,Self-employed,2.96,5738,39.6,2.9,40.3
2023-Q2,Germany,Berlin,Public services,Managers,Self-employed,3.06,5741,39.9,2.57,42.4
2023-Q3,Germany,Berlin,Public services,Managers,Self-employed,3.04,5808,39.3,2.95,41.0
2023-Q4,Germany,Berlin,Public services,Managers,Self-employed,3.02,5871,40.1,2.22,42.3
2024-Q1,Germany,Berlin,Public services,Managers,Self-employed,2.95,6000,39.6,2.38,37.8
2024-Q2,Germany,Berlin,Public services,Managers,Self-employed,3.06,6060,40.1,2.47,39.1
2024-Q3,Germany,Berlin,Public services,Managers,Self-employed,3.1,6102,38.9,2.4,41.7
2024-Q4,Germany,Berlin,Public services,Managers,Self-employed,3.04,6181,40.4,2.52,40.7
2025-Q1,Germany,Berlin,Public services,Managers,Self-employed,2.93,6320,39.6,2.19,41.0
2025-Q2,Germany,Berlin,Public services,Managers,Self-employed,3.16,6326,40.2,2.12,40.6
2025-Q3,Germany,Berlin,Public services,Managers,Self-employed,3.08,6485,38.9,2.12,41.5
2025-Q4,Germany,Berlin,Public services,Managers,Self-employed,3.06,6591,40.6,2.04,39.9
2021-Q1,Germany,Berlin,Public services,Professionals,Permanent,32.03,4208,35.7,2.0,42.8
2021-Q2,Germany,Berlin,Public services,Professionals,Permanent,32.28,4225,36.4,2.43,44.6
2021-Q3,Germany,Berlin,Public services,Professionals,Permanent,32.34,4312,35.5,2.33,42.4
2021-Q4,Germany,Berlin,Public services,Professionals,Permanent,32.89,4365,36.4,2.09,43.1
2022-Q1,Germany,Berlin,Public services,Professionals,Permanent,32.15,4390,35.7,2.15,42.1
2022-Q2,Germany,Berlin,Public services,Professionals,Permanent,33.39,4456,36.3,2.3,40.1
2022-Q3,Germany,Berlin,Public services,Professionals,Permanent,33.6,4523,35.4,2.32,39.4
2022-Q4,Germany,Berlin,Public services,Professionals,Permanent,32.17,4559,36.6,2.4,38.0
2023-Q1,Germany,Berlin,Public services,Professionals,Permanent,32.06,4623,36.0,2.72,37.7
2023-Q2,Germany,Berlin,Public services,Professionals,Permanent,33.26,4660,36.4,2.24,38.4
2023-Q3,Germany,Berlin,Public services,Professionals,Permanent,33.53,4784,35.4,2.24,39.3
2023-Q4,Germany,Berlin,Public services,Professionals,Permanent,32.16,4840,36.1,2.11,37.6
2024-Q1,Germany,Berlin,Public services,Professionals,Permanent,32.65,4875,35.7,2.33,37.0
2024-Q2,Germany,Berlin,Public services,Professionals,Permanent,35.0,4894,36.5,2.07,38.0
2024-Q3,Germany,Berlin,Public services,Professionals,Permanent,33.61,4950,35.4,2.13,35.9
2024-Q4,Germany,Berlin,Public services,Professionals,Permanent,33.51,5161,36.3,2.13,36.5
2025-Q1,Germany,Berlin,Public services,Professionals,Permanent,32.17,5068,36.0,2.11,35.5
2025-Q2,Germany,Berlin,Public services,Professionals,Permanent,33.75,5212,36.2,1.84,37.0
2025-Q3,Germany,Berlin,Public services,Professionals,Permanent,33.95,5285,35.4,2.02,38.6
2025-Q4,Germany,Berlin,Public services,Professionals,Permanent,34.14,5310,36.4,1.8,37.0
2021-Q1,Germany,Berlin,Public services,Professionals,Temporary,10.05,3489,31.7,2.25,39.5
2021-Q2,Germany,Berlin,Public services,Professionals,Temporary,10.57,3456,32.6,1.99,38.6
2021-Q3,Germany,Berlin,Public services,Professionals,Temporary,10.41,3553,31.3,2.23,41.2
2021-Q4,Germany,Berlin,Public services,Professionals,Temporary,10.36,3542,32.8,2.29,39.9
2022-Q1,Germany,Berlin,Public services,Professionals,Temporary,10.03,3640,32.3,2.34,37.3
2022-Q2,Germany,Berlin,Public services,Professionals,Temporary,10.49,3623,32.4,2.5,40.2
2022-Q3,Germany,Berlin,Public services,Professionals,Temporary,10.49,3720,31.2,2.47,37.7
2022-Q4,Germany,Berlin,Public services,Professionals,Temporary,9.86,3752,32.7,2.59,35.0
2023-Q1,Germany,Berlin,Public services,Professionals,Temporary,10.51,3900,31.8,2.46,35.4
2023-Q2,Germany,Berlin,Public services,Professionals,Temporary,10.5,3871,32.4,2.4,35.4
2023-Q3,Germany,Berlin,Public services,Professionals,Temporary,10.49,3884,31.5,2.43,33.3
2023-Q4,Germany,Berlin,Public services,Professionals,Temporary,10.39,3966,32.9,2.25,33.9
2024-Q1,Germany,Berlin,Public services,Professionals,Temporary,10.31,4021,31.9,2.45,32.9
2024-Q2,Germany,Berlin,Public services,Professionals,Temporary,10.42,4062,32.2,2.08,34.8
2024-Q3,Germany,Berlin,Public services,Professionals,Temporary,10.64,4102,31.7,2.09,34.3
2024-Q4,Germany,Berlin,Public services,Professionals,Temporary,10.44,4213,32.5,2.33,36.2
2025-Q1,Germany,Berlin,Public services,Professionals,Temporary,10.52,4239,32.2,2.06,33.6
2025-Q2,Germany,Berlin,Public services,Professionals,Temporary,10.52,4290,32.5,2.24,32.6
2025-Q3,Germany,Berlin,Public services,Professionals,Temporary,10.88,4290,31.2,2.0,34.1
2025-Q4,Germany,Berlin,Public services,Professionals,Temporary,10.71,4372,32.7,2.0,32.6
2021-Q1,Germany,Berlin,Public services,Professionals,Self-employed,7.31,4758,40.4,2.15,48.8
2021-Q2,Germany,Berlin,Public services,Professionals,Self-employed,7.34,4796,40.6,2.3,51.4
2021-Q3,Germany,Berlin,Public services,Professionals,Self-employed,7.74,4866,39.7,2.32,47.7
2021-Q4,Germany,Berlin,Public services,Professionals,Self-employed,7.23,4952,40.7,2.3,48.1
2022-Q1,Germany,Berlin,Public services,Professionals,Self-employed,7.4,4942,39.7,2.53,48.7
2022-Q2,Germany,Berlin,Public services,Professionals,Self-employed,7.41,5098,41.0,2.49,46.4
2022-Q3,Germany,Berlin,Public services,Professionals,Self-employed,7.52,5102,39.5,2.44,45.4
2022-Q4,Germany,Berlin,Public services,Professionals,Self-employed,7.47,5135,41.0,2.83,45.2
2023-Q1,Germany,Berlin,Public services,Professionals,Self-employed,7.47,5221,40.2,2.31,46.4
2023-Q2,Germany,Berlin,Public services,Professionals,Self-employed,7.75,5336,40.5,2.44,44.1
2023-Q3,Germany,Berlin,Public services,Professionals,Self-employed,7.43,5362,39.7,2.93,42.2
2023-Q4,Germany,Berlin,Public services,Professionals,Self-employed,7.75,5384,40.9,2.4,43.5
2024-Q1,Germany,Berlin,Public services,Professionals,Self-employed,7.5,5485,40.6,2.4,41.7
2024-Q2,Germany,Berlin,Public services,Professionals,Self-employed,7.73,5632,40.9,2.25,43.3
2024-Q3,Germany,Berlin,Public services,Professionals,Self-employed,7.63,5608,40.1,2.03,43.2
2024-Q4,Germany,Berlin,Public services,Professionals,Self-employed,7.66,5684,40.9,1.91,39.9
2025-Q1,Germany,Berlin,Public services,Professionals,Self-employed,7.6,5845,40.3,1.94,45.1
2025-Q2,Germany,Berlin,Public services,Professionals,Self-employed,7.76,5834,40.8,2.07,41.4
2025-Q3,Germany,Berlin,Public services,Professionals,Self-employed,7.67,5931,39.9,1.84,43.1
2025-Q4,Germany,Berlin,Public services,Professionals,Self-employed,7.73,5973,40.9,2.01,42.6
2021-Q1,Germany,Berlin,Public services,Clerical & service,Permanent,33.01,2786,35.9,2.37,26.8
2021-Q2,Germany,Berlin,Public services,Clerical & service,Permanent,32.94,2821,36.3,2.42,27.9
2021-Q3,Germany,Berlin,Public services,Clerical & service,Permanent,35.33,2856,35.7,2.36,27.7
2021-Q4,Germany,Berlin,Public services,Clerical & service,Permanent,32.93,2874,36.6,2.45,27.5
2022-Q1,Germany,Berlin,Public services,Clerical & service,Permanent,33.26,2914,35.8,2.65,27.1
2022-Q2,Germany,Berlin,Public services,Clerical & service,Permanent,34.09,2977,36.5,2.34,25.3
2022-Q3,Germany,Berlin,Public services,Clerical & service,Permanent,35.65,2960,35.5,2.57,26.1
2022-Q4,Germany,Berlin,Public services,Clerical & service,Permanent,34.59,3050,36.7,2.53,26.7
2023-Q1,Germany,Berlin,Public services,Clerical & service,Permanent,33.7,3083,35.9,2.2,25.1
2023-Q2,Germany,Berlin,Public services,Clerical & service,Permanent,34.07,3140,36.7,2.75,23.0
2023-Q3,Germany,Berlin,Public services,Clerical & service,Permanent,34.93,3110,35.6,2.52,24.9
2023-Q4,Germany,Berlin,Public services,Clerical & service,Permanent,33.84,3203,36.7,2.39,22.9
2024-Q1,Germany,Berlin,Public services,Clerical & service,Permanent,34.19,3258,36.2,2.09,24.9
2024-Q2,Germany,Berlin,Public services,Clerical & service,Permanent,34.35,3296,36.7,1.89,23.8
2024-Q3,Germany,Berlin,Public services,Clerical & service,Permanent,36.39,3287,35.4,1.98,23.6
2024-Q4,Germany,Berlin,Public services,Clerical & service,Permanent,33.92,3332,36.5,2.02,22.5
2025-Q1,Germany,Berlin,Public services,Clerical & service,Permanent,33.86,3378,36.1,2.12,23.4
2025-Q2,Germany,Berlin,Public services,Clerical & service,Permanent,35.97,3425,36.3,1.98,24.0
2025-Q3,Germany,Berlin,Public services,Clerical & service,Permanent,36.27,3544,35.2,2.22,23.5
2025-Q4,Germany,Berlin,Public services,Clerical & service,Permanent,35.09,3520,36.6,2.15,23.7
2021-Q1,Germany,Berlin,Public services,Clerical & service,Temporary,11.13,2279,32.2,2.54,24.3
2021-Q2,Germany,Berlin,Public services,Clerical & service,Temporary,11.69,2327,32.1,2.21,24.7
2021-Q3,Germany,Berlin,Public services,Clerical & service,Temporary,11.43,2335,31.9,2.03,23.3
2021-Q4,Germany,Berlin,Public services,Clerical & service,Temporary,11.33,2376,32.8,2.28,25.4
2022-Q1,Germany,Berlin,Public services,Clerical & service,Temporary,11.22,2397,31.8,2.35,23.5
2022-Q2,Germany,Berlin,Public services,Clerical & service,Temporary,11.3,2461,32.6,2.3,24.5
2022-Q3,Germany,Berlin,Public services,Clerical & service,Temporary,11.6,2449,31.5,2.78,23.4
2022-Q4,Germany,Berlin,Public services,Clerical & service,Temporary,11.37,2500,32.8,2.58,22.5
2023-Q1,Germany,Berlin,Public services,Clerical & service,Temporary,11.02,2509,32.6,2.57,23.2
2023-Q2,Germany,Berlin,Public services,Clerical & service,Temporary,11.12,2575,32.4,2.54,22.3
2023-Q3,Germany,Berlin,Public services,Clerical & service,Temporary,11.92,2630,31.9,2.36,22.8
2023-Q4,Germany,Berlin,Public services,Clerical & service,Temporary,11.33,2633,32.6,2.65,24.0
2024-Q1,Germany,Berlin,Public services,Clerical & service,Temporary,11.52,2658,32.0,2.32,21.5
2024-Q2,Germany,Berlin,Public services,Clerical & service,Temporary,11.96,2687,32.5,2.35,23.5
2024-Q3,Germany,Berlin,Public services,Clerical & service,Temporary,12.04,2754,31.8,2.41,20.6
2024-Q4,Germany,Berlin,Public services,Clerical & service,Temporary,11.39,2764,32.6,1.93,20.7
2025-Q1,Germany,Berlin,Public services,Clerical & service,Temporary,11.55,2804,32.2,2.0,23.3
2025-Q2,Germany,Berlin,Public services,Clerical & service,Temporary,11.83,2824,32.8,2.38,21.0
2025-Q3,Germany,Berlin,Public services,Clerical & service,Temporary,11.93,2857,31.9,2.28,21.5
2025-Q4,Germany,Berlin,Public services,Clerical & service,Temporary,11.32,2886,32.9,2.23,20.3
2021-Q1,Germany,Berlin,Trade & hospitality,Managers,Permanent,16.68,4067,36.9,3.56,12.4
2021-Q2,Germany,Berlin,Trade & hospitality,Managers,Permanent,16.72,4151,37.6,3.72,14.6
2021-Q3,Germany,Berlin,Trade & hospitality,Managers,Permanent,17.74,4109,36.8,4.47,14.8
2021-Q4,Germany,Berlin,Trade & hospitality,Managers,Permanent,17.08,4262,37.9,4.2,12.7
2022-Q1,Germany,Berlin,Trade & hospitality,Managers,Permanent,16.98,4304,36.9,4.42,13.9
2022-Q2,Germany,Berlin,Trade & hospitality,Managers,Permanent,17.5,4340,37.3,4.66,14.4
2022-Q3,Germany,Berlin,Trade & hospitality,Managers,Permanent,17.76,4386,36.5,4.78,11.3
2022-Q4,Germany,Berlin,Trade & hospitality,Managers,Permanent,17.42,4431,37.5,4.94,13.2
2023-Q1,Germany,Berlin,Trade & hospitality,Managers,Permanent,17.0,4466,37.0,4.59,14.5
2023-Q2,Germany,Berlin,Trade & hospitality,Managers,Permanent,17.72,4497,37.6,4.61,11.8
2023-Q3,Germany,Berlin,Trade & hospitality,Managers,Permanent,18.13,4654,36.6,4.38,13.2
2023-Q4,Germany,Berlin,Trade & hospitality,Managers,Permanent,17.03,4666,37.5,4.62,12.6
2024-Q1,Germany,Berlin,Trade & hospitality,Managers,Permanent,18.1,4686,36.9,4.24,14.3
2024-Q2,Germany,Berlin,Trade & hospitality,Managers,Permanent,17.07,4837,37.2,4.3,10.4
2024-Q3,Germany,Berlin,Trade & hospitality,Managers,Permanent,18.08,4786,36.4,4.06,12.5
2024-Q4,Germany,Berlin,Trade & hospitality,Managers,Permanent,17.84,4867,37.6,3.76,12.5
2025-Q1,Germany,Berlin,Trade & hospitality,Managers,Permanent,17.63,4916,37.3,3.41,11.4
2025-Q2,Germany,Berlin,Trade & hospitality,Managers,Permanent,18.37,5029,37.2,3.68,12.9
2025-Q3,Germany,Berlin,Trade & hospitality,Managers,Permanent,19.18,5081,36.5,3.28,13.1
2025-Q4,Germany,Berlin,Trade & hospitality,Managers,Permanent,17.43,5128,37.9,3.7,11.9
2021-Q1,Germany,Berlin,Trade & hospitality,Managers,Self-employed,4.04,4413,41.8,5.02,18.2
2021-Q2,Germany,Berlin,Trade & hospitality,Managers,Self-employed,3.99,4493,42.5,4.68,18.6
2021-Q3,Germany,Berlin,Trade & hospitality,Managers,Self-employed,4.09,4542,41.4,4.83,15.5
2021-Q4,Germany,Berlin,Trade & hospitality,Managers,Self-employed,4.03,4538,42.2,4.66,17.3
2022-Q1,Germany,Berlin,Trade & hospitality,Managers,Self-employed,3.98,4546,41.5,5.12,15.9
2022-Q2,Germany,Berlin,Trade & hospitality,Managers,Self-employed,4.2,4658,42.2,5.08,14.8
2022-Q3,Germany,Berlin,Trade & hospitality,Managers,Self-employed,4.25,4723,41.1,5.3,14.9
2022-Q4,Germany,Berlin,Trade & hospitality,Managers,Self-employed,4.18,4825,42.3,5.66,14.7
2023-Q1,Germany,Berlin,Trade & hospitality,Managers,Self-employed,4.09,4801,41.9,5.65,14.2
2023-Q2,Germany,Berlin,Trade & hospitality,Managers,Self-employed,4.3,4999,42.3,4.92,15.1
2023-Q3,Germany,Berlin,Trade & hospitality,Managers,Self-employed,4.21,5009,41.3,4.74,13.8
2023-Q4,Germany,Berlin,Trade & hospitality,Managers,Self-employed,4.27,5030,42.4,4.71,16.1
2024-Q1,Germany,Berlin,Trade & hospitality,Managers,Self-employed,4.18,5056,41.8,4.41,14.5
2024-Q2,Germany,Berlin,Trade & hospitality,Managers,Self-employed,4.24,5128,42.3,4.4,14.7
2024-Q3,Germany,Berlin,Trade & hospitality,Managers,Self-employed,4.28,5230,41.3,4.48,13.3
2024-Q4,Germany,Berlin,Trade & hospitality,Managers,Self-employed,4.28,5350,42.2,4.62,12.9
2025-Q1,Germany,Berlin,Trade & hospitality,Managers,Self-employed,4.1,5347,41.8,4.48,14.5
2025-Q2,Germany,Berlin,Trade & hospitality,Managers,Self-employed,4.43,5478,42.2,4.16,14.3
2025-Q3,Germany,Berlin,Trade & hospitality,Managers,Self-employed,4.31,5573,41.3,4.29,16.0
2025-Q4,Germany,Berlin,Trade & hospitality,Managers,Self-employed,4.34,5557,42.3,4.62,14.4
2021-Q1,Germany,Berlin,Trade & hospitality,Clerical & service,Permanent,38.96,2371,37.5,4.1,11.1
2021-Q2,Germany,Berlin,Trade & hospitality,Clerical & service,Permanent,40.64,2398,37.7,3.78,11.3
2021-Q3,Germany,Berlin,Trade & hospitality,Clerical & service,Permanent,41.29,2408,37.3,4.23,10.0
2021-Q4,Germany,Berlin,Trade & hospitality,Clerical & service,Permanent,39.7,2437,38.1,4.35,10.5
2022-Q1,Germany,Berlin,Trade & hospitality,Clerical & service,Permanent,39.84,2487,37.6,4.79,7.6
2022-Q2,Germany,Berlin,Trade & hospitality,Clerical & service,Permanent,41.36,2460,38.1,4.73,8.5
2022-Q3,Germany,Berlin,Trade & hospitality,Clerical & service,Permanent,41.65,2525,37.1,4.66,7.9
2022-Q4,Germany,Berlin,Trade & hospitality,Clerical & service,Permanent,39.69,2562,38.0,5.13,8.6
2023-Q1,Germany,Berlin,Trade & hospitality,Clerical & service,Permanent,39.31,2546,37.2,5.07,9.9
2023-Q2,Germany,Berlin,Trade & hospitality,Clerical & service,Permanent,40.66,2612,38.1,4.32,9.2
2023-Q3,Germany,Berlin,Trade & hospitality,Clerical & service,Permanent,42.4,2633,37.1,4.95,9.6
2023-Q4,Germany,Berlin,Trade & hospitality,Clerical & service,Permanent,42.59,2693,38.5,4.95,6.8
2024-Q1,Germany,Berlin,Trade & hospitality,Clerical & service,Permanent,41.34,2717,37.4,3.8,7.3
2024-Q2,Germany,Berlin,Trade & hospitality,Clerical & service,Permanent,41.92,2758,37.7,4.53,9.3
2024-Q3,Germany,Berlin,Trade & hospitality,Clerical & service,Permanent,43.16,2766,36.9,3.91,10.3
2024-Q4,Germany,Berlin,Trade & hospitality,Clerical & service,Permanent,42.46,2864,38.0,4.19,4.9
2025-Q1,Germany,Berlin,Trade & hospitality,Clerical & service,Permanent,39.98,2864,37.4,3.78,8.9
2025-Q2,Germany,Berlin,Trade & hospitality,Clerical & service,Permanent,42.51,2916,38.1,3.91,7.8
2025-Q3,Germany,Berlin,Trade & hospitality,Clerical & service,Permanent,42.88,2959,37.1,3.62,6.6
2025-Q4,Germany,Berlin,Trade & hospitality,Clerical & service,Permanent,41.63,2911,37.9,3.89,9.8
2021-Q1,Germany,Berlin,Trade & hospitality,Clerical & service,Temporary,13.65,1896,33.6,4.02,9.2
2021-Q2,Germany,Berlin,Trade & hospitality,Clerical & service,Temporary,14.0,1966,34.1,4.27,9.7
2021-Q3,Germany,Berlin,Trade & hospitality,Clerical & service,Temporary,14.1,1962,33.3,4.96,9.9
2021-Q4,Germany,Berlin,Trade & hospitality,Clerical & service,Temporary,13.99,1984,34.6,4.61,7.8
2022-Q1,Germany,Berlin,Trade & hospitality,Clerical & service,Temporary,13.83,1993,33.6,4.82,9.9
2022-Q2,Germany,Berlin,Trade & hospitality,Clerical & service,Temporary,14.32,2053,34.2,5.11,7.8
2022-Q3,Germany,Berlin,Trade & hospitality,Clerical & service,Temporary,14.07,2072,33.1,5.43,8.4
2022-Q4,Germany,Berlin,Trade & hospitality,Clerical & service,Temporary,14.12,2092,34.3,5.35,9.6
2023-Q1,Germany,Berlin,Trade & hospitality,Clerical & service,Temporary,13.72,2110,33.7,4.78,8.4
2023-Q2,Germany,Berlin,Trade & hospitality,Clerical & service,Temporary,14.71,2137,34.4,5.48,6.7
2023-Q3,Germany,Berlin,Trade & hospitality,Clerical & service,Temporary,14.04,2190,33.1,4.79,8.9
2023-Q4,Germany,Berlin,Trade & hospitality,Clerical & service,Temporary,14.23,2170,34.3,4.8,7.2
2024-Q1,Germany,Berlin,Trade & hospitality,Clerical & service,Temporary,13.77,2190,33.7,5.15,6.3
2024-Q2,Germany,Berlin,Trade & hospitality,Clerical & service,Temporary,14.84,2256,33.9,4.3,7.7
2024-Q3,Germany,Berlin,Trade & hospitality,Clerical & service,Temporary,14.54,2271,33.2,4.62,8.0
2024-Q4,Germany,Berlin,Trade & hospitality,Clerical & service,Temporary,14.45,2331,34.5,4.29,5.8
2025-Q1,Germany,Berlin,Trade & hospitality,Clerical & service,Temporary,14.08,2336,33.6,4.46,7.0
2025-Q2,Germany,Berlin,Trade & hospitality,Clerical & service,Temporary,14.52,2362,34.3,4.08,8.2
2025-Q3,Germany,Berlin,Trade & hospitality,Clerical & service,Temporary,14.66,2439,33.6,4.06,8.6
2025-Q4,Germany,Berlin,Trade & hospitality,Clerical & service,Temporary,14.29,2408,34.2,4.81,7.0
2021-Q1,Germany,Berlin,Trade & hospitality,Production & trades,Permanent,42.44,2536,37.7,4.24,3.4
2021-Q2,Germany,Berlin,Trade & hospitality,Production & trades,Permanent,45.14,2524,37.8,3.9,3.3
2021-Q3,Germany,Berlin,Trade & hospitality,Production & trades,Permanent,43.39,2586,37.2,4.26,4.1
2021-Q4,Germany,Berlin,Trade & hospitality,Production & trades,Permanent,43.6,2656,38.6,4.13,2.9
2022-Q1,Germany,Berlin,Trade & hospitality,Production & trades,Permanent,42.12,2638,37.8,4.23,3.7
2022-Q2,Germany,Berlin,Trade & hospitality,Production & trades,Permanent,45.95,2611,37.9,4.74,1.6
2022-Q3,Germany,Berlin,Trade & hospitality,Production & trades,Permanent,44.61,2697,37.0,4.94,2.1
2022-Q4,Germany,Berlin,Trade & hospitality,Production & trades,Permanent,43.96,2733,38.4,4.57,2.5
2023-Q1,Germany,Berlin,Trade & hospitality,Production & trades,Permanent,43.51,2746,37.9,4.42,2.6
2023-Q2,Germany,Berlin,Trade & hospitality,Production & trades,Permanent,44.09,2836,37.8,4.71,3.5
2023-Q3,Germany,Berlin,Trade & hospitality,Production & trades,Permanent,46.04,2894,37.4,4.45,5.6
2023-Q4,Germany,Berlin,Trade & hospitality,Production & trades,Permanent,44.5,2860,38.0,4.59,3.9
2024-Q1,Germany,Berlin,Trade & hospitality,Production & trades,Permanent,43.68,2958,37.9,4.08,3.8
2024-Q2,Germany,Berlin,Trade & hospitality,Production & trades,Permanent,44.27,2928,38.2,4.19,2.6
2024-Q3,Germany,Berlin,Trade & hospitality,Production & trades,Permanent,44.68,3012,37.2,3.56,1.4
2024-Q4,Germany,Berlin,Trade & hospitality,Production & trades,Permanent,44.87,3059,38.2,4.68,0
2025-Q1,Germany,Berlin,Trade & hospitality,Production & trades,Permanent,45.64,3076,37.8,3.48,3.8
2025-Q2,Germany,Berlin,Trade & hospitality,Production & trades,Permanent,45.84,3165,37.9,4.23,3.0
2025-Q3,Germany,Berlin,Trade & hospitality,Production & trades,Permanent,45.45,3142,37.1,3.62,4.8
2025-Q4,Germany,Berlin,Trade & hospitality,Production & trades,Permanent,46.34,3155,38.4,3.82,3.4
2021-Q1,Germany,Berlin,Trade & hospitality,Production & trades,Temporary,14.76,2032,33.8,4.6,4.4
2021-Q2,Germany,Berlin,Trade & hospitality,Production & trades,Temporary,15.26,2055,34.2,4.55,2.1
2021-Q3,Germany,Berlin,Trade & hospitality,Production & trades,Temporary,15.23,2071,33.4,4.5,2.8
2021-Q4,Germany,Berlin,Trade & hospitality,Production & trades,Temporary,14.61,2081,34.2,5.23,1.3
2022-Q1,Germany,Berlin,Trade & hospitality,Production & trades,Temporary,14.58,2098,33.6,4.99,3.5
2022-Q2,Germany,Berlin,Trade & hospitality,Production & trades,Temporary,15.29,2142,34.0,5.03,4.6
2022-Q3,Germany,Berlin,Trade & hospitality,Production & trades,Temporary,15.31,2145,33.5,5.07,1.6
2022-Q4,Germany,Berlin,Trade & hospitality,Production & trades,Temporary,15.26,2169,34.3,5.46,1.9
2023-Q1,Germany,Berlin,Trade & hospitality,Production & trades,Temporary,14.45,2223,33.5,5.39,2.3
2023-Q2,Germany,Berlin,Trade & hospitality,Production & trades,Temporary,15.11,2245,34.6,5.5,2.3
2023-Q3,Germany,Berlin,Trade & hospitality,Production & trades,Temporary,15.61,2287,33.6,5.47,1.5
2023-Q4,Germany,Berlin,Trade & hospitality,Production & trades,Temporary,14.86,2276,34.7,5.19,3.2
2024-Q1,Germany,Berlin,Trade & hospitality,Production & trades,Temporary,14.74,2314,33.8,4.52,3.1
2024-Q2,Germany,Berlin,Trade & hospitality,Production & trades,Temporary,16.06,2334,34.3,4.41,3.3
2024-Q3,Germany,Berlin,Trade & hospitality,Production & trades,Temporary,16.2,2371,33.6,4.8,3.4
2024-Q4,Germany,Berlin,Trade & hospitality,Production & trades,Temporary,15.57,2424,34.4,4.01,2.2
2025-Q1,Germany,Berlin,Trade & hospitality,Production & trades,Temporary,14.99,2420,33.7,4.46,3.1
2025-Q2,Germany,Berlin,Trade & hospitality,Production & trades,Temporary,16.53,2456,34.3,4.45,1.7
2025-Q3,Germany,Berlin,Trade & hospitality,Production & trades,Temporary,16.5,2500,33.4,4.34,3.4
2025-Q4,Germany,Berlin,Trade & hospitality,Production & trades,Temporary,15.67,2513,34.7,3.82,3.4
2021-Q1,Germany,Berlin,Trade & hospitality,Production & trades,Self-employed,8.68,2607,41.9,3.73,6.3
2021-Q2,Germany,Berlin,Trade & hospitality,Production & trades,Self-employed,9.05,2687,42.3,3.87,4.6
2021-Q3,Germany,Berlin,Trade & hospitality,Production & trades,Self-employed,9.48,2738,41.9,4.34,1.9
2021-Q4,Germany,Berlin,Trade & hospitality,Production & trades,Self-employed,9.16,2685,42.8,4.4,4.2
2022-Q1,Germany,Berlin,Trade & hospitality,Production & trades,Self-employed,9.26,2734,42.1,4.79,4.8
2022-Q2,Germany,Berlin,Trade & hospitality,Production & trades,Self-employed,9.55,2800,42.4,4.62,2.4
2022-Q3,Germany,Berlin,Trade & hospitality,Production & trades,Self-employed,9.65,2806,41.5,5.09,3.6
2022-Q4,Germany,Berlin,Trade & hospitality,Production & trades,Self-employed,9.72,2884,42.7,4.94,2.5
2023-Q1,Germany,Berlin,Trade & hospitality,Production & trades,Self-employed,9.27,2894,42.0,4.92,1.1
2023-Q2,Germany,Berlin,Trade & hospitality,Production & trades,Self-employed,9.66,2963,42.9,4.71,5.7
2023-Q3,Germany,Berlin,Trade & hospitality,Production & trades,Self-employed,9.64,2971,41.2,4.96,3.9
2023-Q4,Germany,Berlin,Trade & hospitality,Production & trades,Self-employed,9.95,3032,42.8,3.93,3.6
2024-Q1,Germany,Berlin,Trade & hospitality,Production & trades,Self-employed,9.6,3035,42.1,4.36,2.8
2024-Q2,Germany,Berlin,Trade & hospitality,Production & trades,Self-employed,9.93,3096,42.4,4.78,3.4
2024-Q3,Germany,Berlin,Trade & hospitality,Production & trades,Self-employed,9.95,3096,41.5,4.64,3.8
2024-Q4,Germany,Berlin,Trade & hospitality,Production & trades,Self-employed,9.64,3129,42.9,3.97,3.9
2025-Q1,Germany,Berlin,Trade & hospitality,Production & trades,Self-employed,9.81,3199,42.2,3.67,2.8
2025-Q2,Germany,Berlin,Trade & hospitality,Production & trades,Self-employed,9.71,3289,42.2,4.02,2.7
2025-Q3,Germany,Berlin,Trade & hospitality,Production & trades,Self-employed,10.05,3247,41.7,3.56,2.7
2025-Q4,Germany,Berlin,Trade & hospitality,Production & trades,Self-employed,9.82,3299,42.8,3.9,0.5
2021-Q1,Germany,Bavaria,Manufacturing,Managers,Permanent,25.69,4950,38.0,3.7,18.6
2021-Q2,Germany,Bavaria,Manufacturing,Managers,Permanent,25.76,5096,38.1,3.92,18.9
2021-Q3,Germany,Bavaria,Manufacturing,Managers,Permanent,26.33,5118,37.0,3.82,17.3
2021-Q4,Germany,Bavaria,Manufacturing,Managers,Permanent,26.3,5086,38.4,3.39,16.9
2022-Q1,Germany,Bavaria,Manufacturing,Managers,Permanent,25.65,5254,37.5,4.04,17.6
2022-Q2,Germany,Bavaria,Manufacturing,Managers,Permanent,26.35,5369,38.5,3.98,17.5
2022-Q3,Germany,Bavaria,Manufacturing,Managers,Permanent,25.99,5319,37.4,4.26,17.6
2022-Q4,Germany,Bavaria,Manufacturing,Managers,Permanent,26.29,5456,38.4,3.99,17.3
2023-Q1,Germany,Bavaria,Manufacturing,Managers,Permanent,26.11,5545,37.6,4.23,17.4
2023-Q2,Germany,Bavaria,Manufacturing,Managers,Permanent,26.27,5610,38.2,4.02,14.5
2023-Q3,Germany,Bavaria,Manufacturing,Managers,Permanent,27.36,5697,37.6,3.76,17.3
2023-Q4,Germany,Bavaria,Manufacturing,Managers,Permanent,26.48,5712,38.6,3.58,14.9
2024-Q1,Germany,Bavaria,Manufacturing,Managers,Permanent,26.77,5809,37.7,3.92,15.7
2024-Q2,Germany,Bavaria,Manufacturing,Managers,Permanent,27.28,5791,38.3,3.4,15.6
2024-Q3,Germany,Bavaria,Manufacturing,Managers,Permanent,27.39,5860,37.5,3.04,15.0
2024-Q4,Germany,Bavaria,Manufacturing,Managers,Permanent,26.01,5951,38.3,3.52,15.8
2025-Q1,Germany,Bavaria,Manufacturing,Managers,Permanent,27.12,6029,37.5,3.46,16.0
2025-Q2,Germany,Bavaria,Manufacturing,Managers,Permanent,26.95,6096,38.3,3.63,14.0
2025-Q3,Germany,Bavaria,Manufacturing,Managers,Permanent,28.3,6198,37.2,2.48,16.6
2025-Q4,Germany,Bavaria,Manufacturing,Managers,Permanent,26.61,6360,38.8,3.11,14.4
2021-Q1,Germany,Bavaria,Manufacturing,Managers,Self-employed,5.21,5487,41.8,3.15,21.4
2021-Q2,Germany,Bavaria,Manufacturing,Managers,Self-employed,5.53,5531,42.2,3.27,20.6
2021-Q3,Germany,Bavaria,Manufacturing,Managers,Self-employed,5.53,5598,41.7,3.1,21.1
2021-Q4,Germany,Bavaria,Manufacturing,Managers,Self-employed,5.49,5685,42.6,3.46,19.7
2022-Q1,Germany,Bavaria,Manufacturing,Managers,Self-employed,5.34,5765,41.9,3.9,20.5
2022-Q2,Germany,Bavaria,Manufacturing,Managers,Self-employed,5.55,5890,42.3,3.91,20.7
2022-Q3,Germany,Bavaria,Manufacturing,Managers,Self-employed,5.6,5814,41.6,3.93,18.8
2022-Q4,Germany,Bavaria,Manufacturing,Managers,Self-employed,5.58,5978,42.7,4.59,19.2
2023-Q1,Germany,Bavaria,Manufacturing,Managers,Self-employed,5.44,6036,41.8,3.67,21.5
2023-Q2,Germany,Bavaria,Manufacturing,Managers,Self-employed,5.49,6140,42.5,3.98,17.6
2023-Q3,Germany,Bavaria,Manufacturing,Managers,Self-employed,5.63,6232,41.4,4.02,19.8
2023-Q4,Germany,Bavaria,Manufacturing,Managers,Self-employed,5.44,6237,42.9,3.48,18.7
2024-Q1,Germany,Bavaria,Manufacturing,Managers,Self-employed,5.29,6453,42.1,3.39,16.8
2024-Q2,Germany,Bavaria,Manufacturing,Managers,Self-employed,5.81,6475,42.6,3.18,19.1
2024-Q3,Germany,Bavaria,Manufacturing,Managers,Self-employed,5.52,6464,41.8,3.24,19.0
2024-Q4,Germany,Bavaria,Manufacturing,Managers,Self-employed,5.53,6563,42.6,2.81,19.8
2025-Q1,Germany,Bavaria,Manufacturing,Managers,Self-employed,5.33,6637,41.8,3.12,17.9
2025-Q2,Germany,Bavaria,Manufacturing,Managers,Self-employed,5.5,6825,42.2,2.93,18.1
2025-Q3,Germany,Bavaria,Manufacturing,Managers,Self-employed,5.59,6815,41.4,2.6,18.7
2025-Q4,Germany,Bavaria,Manufacturing,Managers,Self-employed,5.76,6896,42.6,2.64,18.0
2021-Q1,Germany,Bavaria,Manufacturing,Professionals,Permanent,66.95,4289,37.9,3.51,20.0
2021-Q2,Germany,Bavaria,Manufacturing,Professionals,Permanent,65.79,4313,38.2,3.49,19.2
2021-Q3,Germany,Bavaria,Manufacturing,Professionals,Permanent,70.92,4415,37.2,3.31,19.1
2021-Q4,Germany,Bavaria,Manufacturing,Professionals,Permanent,65.4,4472,38.6,3.76,20.0
2022-Q1,Germany,Bavaria,Manufacturing,Professionals,Permanent,68.98,4540,37.7,3.92,17.2
2022-Q2,Germany,Bavaria,Manufacturing,Professionals,Permanent,66.65,4625,38.0,4.34,17.8
2022-Q3,Germany,Bavaria,Manufacturing,Professionals,Permanent,69.61,4641,37.4,4.23,19.0
2022-Q4,Germany,Bavaria,Manufacturing,Professionals,Permanent,65.49,4700,38.4,4.6,18.8
2023-Q1,Germany,Bavaria,Manufacturing,Professionals,Permanent,67.79,4722,37.5,4.32,16.5
2023-Q2,Germany,Bavaria,Manufacturing,Professionals,Permanent,70.5,4840,38.1,3.98,15.7
2023-Q3,Germany,Bavaria,Manufacturing,Professionals,Permanent,70.67,4852,37.4,4.16,17.0
2023-Q4,Germany,Bavaria,Manufacturing,Professionals,Permanent,69.52,4966,38.4,4.04,14.4
2024-Q1,Germany,Bavaria,Manufacturing,Professionals,Permanent,67.12,5031,37.7,3.51,18.0
2024-Q2,Germany,Bavaria,Manufacturing,Professionals,Permanent,69.31,5083,38.1,3.43,15.9
2024-Q3,Germany,Bavaria,Manufacturing,Professionals,Permanent,68.75,5141,37.1,3.45,16.9
2024-Q4,Germany,Bavaria,Manufacturing,Professionals,Permanent,71.99,5152,38.7,3.33,19.0
2025-Q1,Germany,Bavaria,Manufacturing,Professionals,Permanent,69.34,5228,37.6,3.31,18.2
2025-Q2,Germany,Bavaria,Manufacturing,Professionals,Permanent,70.6,5281,38.2,3.36,18.6
2025-Q3,Germany,Bavaria,Manufacturing,Professionals,Permanent,72.88,5292,37.1,3.39,16.3
2025-Q4,Germany,Bavaria,Manufacturing,Professionals,Permanent,69.58,5507,38.7,3.39,17.3
2021-Q1,Germany,Bavaria,Manufacturing,Professionals,Temporary,18.69,3591,33.5,3.55,15.6
2021-Q2,Germany,Bavaria,Manufacturing,Professionals,Temporary,19.42,3688,34.5,3.44,18.2
2021-Q3,Germany,Bavaria,Manufacturing,Professionals,Temporary,19.16,3708,33.4,3.33,14.3
2021-Q4,Germany,Bavaria,Manufacturing,Professionals,Temporary,18.86,3756,34.4,2.99,17.3
2022-Q1,Germany,Bavaria,Manufacturing,Professionals,Temporary,18.81,3868,33.6,3.77,15.7
2022-Q2,Germany,Bavaria,Manufacturing,Professionals,Temporary,19.95,3890,34.1,3.98,18.1
2022-Q3,Germany,Bavaria,Manufacturing,Professionals,Temporary,19.76,3918,33.5,4.07,16.9
2022-Q4,Germany,Bavaria,Manufacturing,Professionals,Temporary,18.74,3981,34.0,3.73,16.4
2023-Q1,Germany,Bavaria,Manufacturing,Professionals,Temporary,19.19,4007,33.5,4.5,14.8
2023-Q2,Germany,Bavaria,Manufacturing,Professionals,Temporary,19.74,4072,34.0,3.85,15.4
2023-Q3,Germany,Bavaria,Manufacturing,Professionals,Temporary,19.24,4041,33.5,3.98,18.3
2023-Q4,Germany,Bavaria,Manufacturing,Professionals,Temporary,19.2,4191,34.3,3.56,14.9
2024-Q1,Germany,Bavaria,Manufacturing,Professionals,Temporary,19.21,4188,33.7,3.55,15.1
2024-Q2,Germany,Bavaria,Manufacturing,Professionals,Temporary,19.6,4200,34.4,3.1,14.4
2024-Q3,Germany,Bavaria,Manufacturing,Professionals,Temporary,19.62,4319,33.7,3.31,16.6
2024-Q4,Germany,Bavaria,Manufacturing,Professionals,Temporary,18.93,4318,34.3,2.96,14.9
2025-Q1,Germany,Bavaria,Manufacturing,Professionals,Temporary,19.39,4439,33.7,2.95,14.7
2025-Q2,Germany,Bavaria,Manufacturing,Professionals,Temporary,19.63,4522,34.5,3.26,14.1
2025-Q3,Germany,Bavaria,Manufacturing,Professionals,Temporary,19.89,4584,33.1,3.35,11.6
2025-Q4,Germany,Bavaria,Manufacturing,Professionals,Temporary,20.07,4649,34.5,3.23,18.3
2021-Q1,Germany,Bavaria,Manufacturing,Professionals,Self-employed,14.13,4583,42.0,3.91,22.6
2021-Q2,Germany,Bavaria,Manufacturing,Professionals,Self-employed,14.58,4663,42.3,3.84,22.9
2021-Q3,Germany,Bavaria,Manufacturing,Professionals,Self-employed,14.83,4720,41.2,4.28,20.0
2021-Q4,Germany,Bavaria,Manufacturing,Professionals,Self-employed,14.55,4798,42.4,4.03,21.9
2022-Q1,Germany,Bavaria,Manufacturing,Professionals,Self-employed,14.31,4860,41.8,4.12,21.0
2022-Q2,Germany,Bavaria,Manufacturing,Professionals,Self-employed,15.05,4837,42.8,3.92,19.9
2022-Q3,Germany,Bavaria,Manufacturing,Professionals,Self-employed,14.77,4978,41.5,4.01,23.6
2022-Q4,Germany,Bavaria,Manufacturing,Professionals,Self-employed,14.74,5053,42.3,4.78,19.8
2023-Q1,Germany,Bavaria,Manufacturing,Professionals,Self-employed,14.59,5156,41.8,4.32,20.9
2023-Q2,Germany,Bavaria,Manufacturing,Professionals,Self-employed,15.61,5127,42.4,4.28,18.6
2023-Q3,Germany,Bavaria,Manufacturing,Professionals,Self-employed,15.03,5218,41.5,3.86,19.8
2023-Q4,Germany,Bavaria,Manufacturing,Professionals,Self-employed,15.22,5318,42.9,3.62,17.0
2024-Q1,Germany,Bavaria,Manufacturing,Professionals,Self-employed,14.68,5247,41.8,4.11,21.8
2024-Q2,Germany,Bavaria,Manufacturing,Professionals,Self-employed,15.09,5450,42.1,3.61,18.0
2024-Q3,Germany,Bavaria,Manufacturing,Professionals,Self-employed,15.76,5478,41.1,3.51,20.0
2024-Q4,Germany,Bavaria,Manufacturing,Professionals,Self-employed,15.28,5585,42.4,3.49,18.3
2025-Q1,Germany,Bavaria,Manufacturing,Professionals,Self-employed,14.61,5702,42.2,3.37,20.5
2025-Q2,Germany,Bavaria,Manufacturing,Professionals,Self-employed,15.09,5659,42.3,3.42,20.9
2025-Q3,Germany,Bavaria,Manufacturing,Professionals,Self-employed,15.39,5765,41.4,3.61,18.2
2025-Q4,Germany,Bavaria,Manufacturing,Professionals,Self-employed,14.64,5933,42.5,3.47,21.2
2021-Q1,Germany,Bavaria,Manufacturing,Technicians,Permanent,50.84,3471,37.4,2.78,16.1
2021-Q2,Germany,Bavaria,Manufacturing,Technicians,Permanent,52.92,3546,38.3,2.94,15.1
2021-Q3,Germany,Bavaria,Manufacturing,Technicians,Permanent,53.26,3611,37.1,3.31,14.0
2021-Q4,Germany,Bavaria,Manufacturing,Technicians,Permanent,52.74,3618,38.4,2.88,15.6
2022-Q1,Germany,Bavaria,Manufacturing,Technicians,Permanent,49.99,3690,37.6,3.57,13.6
2022-Q2,Germany,Bavaria,Manufacturing,Technicians,Permanent,53.69,3771,38.1,3.47,14.3
2022-Q3,Germany,Bavaria,Manufacturing,Technicians,Permanent,53.56,3810,36.9,3.64,11.4
2022-Q4,Germany,Bavaria,Manufacturing,Technicians,Permanent,54.02,3860,38.3,3.65,15.7
2023-Q1,Germany,Bavaria,Manufacturing,Technicians,Permanent,51.93,3884,37.5,3.21,13.3
2023-Q2,Germany,Bavaria,Manufacturing,Technicians,Permanent,53.63,3945,37.8,3.88,15.3
2023-Q3,Germany,Bavaria,Manufacturing,Technicians,Permanent,57.2,3943,37.3,3.61,13.4
2023-Q4,Germany,Bavaria,Manufacturing,Technicians,Permanent,53.13,4076,38.1,3.17,11.1
2024-Q1,Germany,Bavaria,Manufacturing,Technicians,Permanent,52.3,4035,37.5,3.01,12.7
2024-Q2,Germany,Bavaria,Manufacturing,Technicians,Permanent,54.0,4145,37.8,2.85,11.8
2024-Q3,Germany,Bavaria,Manufacturing,Technicians,Permanent,55.64,4256,36.9,3.15,13.7
2024-Q4,Germany,Bavaria,Manufacturing,Technicians,Permanent,53.12,4260,38.3,3.12,15.0
2025-Q1,Germany,Bavaria,Manufacturing,Technicians,Permanent,53.19,4297,37.2,3.01,12.9
2025-Q2,Germany,Bavaria,Manufacturing,Technicians,Permanent,56.88,4339,38.2,3.16,11.9
2025-Q3,Germany,Bavaria,Manufacturing,Technicians,Permanent,55.9,4411,37.1,2.89,12.8
2025-Q4,Germany,Bavaria,Manufacturing,Technicians,Permanent,52.03,4496,38.1,2.58,12.8
2021-Q1,Germany,Bavaria,Manufacturing,Technicians,Temporary,15.43,2884,33.8,4.23,14.8
2021-Q2,Germany,Bavaria,Manufacturing,Technicians,Temporary,16.48,2893,34.5,4.14,10.9
2021-Q3,Germany,Bavaria,Manufacturing,Technicians,Temporary,16.04,2973,34.1,3.8,15.7
2021-Q4,Germany,Bavaria,Manufacturing,Technicians,Temporary,16.0,3012,34.9,3.68,14.0
2022-Q1,Germany,Bavaria,Manufacturing,Technicians,Temporary,15.58,3098,34.3,4.72,13.8
2022-Q2,Germany,Bavaria,Manufacturing,Technicians,Temporary,16.49,3096,34.4,4.07,10.1
2022-Q3,Germany,Bavaria,Manufacturing,Technicians,Temporary,16.5,3166,33.9,4.75,11.0
2022-Q4,Germany,Bavaria,Manufacturing,Technicians,Temporary,16.0,3153,34.7,4.93,11.2
2023-Q1,Germany,Bavaria,Manufacturing,Technicians,Temporary,16.45,3212,34.1,4.9,12.4
2023-Q2,Germany,Bavaria,Manufacturing,Technicians,Temporary,16.53,3257,34.6,4.87,13.0
2023-Q3,Germany,Bavaria,Manufacturing,Technicians,Temporary,16.74,3289,33.7,4.23,11.2
2023-Q4,Germany,Bavaria,Manufacturing,Technicians,Temporary,16.22,3356,34.4,4.23,10.4
2024-Q1,Germany,Bavaria,Manufacturing,Technicians,Temporary,16.26,3401,34.0,3.99,10.8
2024-Q2,Germany,Bavaria,Manufacturing,Technicians,Temporary,16.39,3447,34.6,3.96,12.1
2024-Q3,Germany,Bavaria,Manufacturing,Technicians,Temporary,17.09,3456,33.8,4.07,9.5
2024-Q4,Germany,Bavaria,Manufacturing,Technicians,Temporary,16.27,3485,34.7,3.93,10.4
2025-Q1,Germany,Bavaria,Manufacturing,Technicians,Temporary,16.12,3545,33.9,3.66,11.9
2025-Q2,Germany,Bavaria,Manufacturing,Technicians,Temporary,16.48,3643,34.8,3.59,11.0
2025-Q3,Germany,Bavaria,Manufacturing,Technicians,Temporary,16.74,3658,33.3,3.5,12.6
2025-Q4,Germany,Bavaria,Manufacturing,Technicians,Temporary,16.49,3741,35.3,3.51,11.1
2021-Q1,Germany,Bavaria,Manufacturing,Production & trades,Permanent,76.48,3134,37.0,3.42,4.6
2021-Q2,Germany,Bavaria,Manufacturing,Production & trades,Permanent,76.48,3172,37.6,3.02,4.1
2021-Q3,Germany,Bavaria,Manufacturing,Production & trades,Permanent,79.79,3197,36.8,3.41,5.8
2021-Q4,Germany,Bavaria,Manufacturing,Production & trades,Permanent,74.98,3251,37.8,4.24,2.8
2022-Q1,Germany,Bavaria,Manufacturing,Production & trades,Permanent,78.33,3294,37.2,4.07,3.2
2022-Q2,Germany,Bavaria,Manufacturing,Production & trades,Permanent,78.59,3340,37.7,4.13,6.3
2022-Q3,Germany,Bavaria,Manufacturing,Production & trades,Permanent,79.75,3333,36.8,3.73,3.1
2022-Q4,Germany,Bavaria,Manufacturing,Production & trades,Permanent,76.19,3432,38.2,3.78,3.7
2023-Q1,Germany,Bavaria,Manufacturing,Production & trades,Permanent,76.27,3417,37.4,4.2,3.0
2023-Q2,Germany,Bavaria,Manufacturing,Production & trades,Permanent,78.59,3486,37.7,3.61,4.5
2023-Q3,Germany,Bavaria,Manufacturing,Production & trades,Permanent,77.16,3500,36.9,3.32,3.7
2023-Q4,Germany,Bavaria,Manufacturing,Production & trades,Permanent,76.71,3592,37.7,3.4,3.8
2024-Q1,Germany,Bavaria,Manufacturing,Production & trades,Permanent,77.65,3616,37.0,3.4,4.5
2024-Q2,Germany,Bavaria,Manufacturing,Production & trades,Permanent,80.05,3685,37.3,2.98,4.7
2024-Q3,Germany,Bavaria,Manufacturing,Production & trades,Permanent,80.59,3664,36.5,3.05,3.4
2024-Q4,Germany,Bavaria,Manufacturing,Production & trades,Permanent,79.54,3726,37.8,3.16,4.0
2025-Q1,Germany,Bavaria,Manufacturing,Production & trades,Permanent,79.97,3813,37.0,2.73,6.4
2025-Q2,Germany,Bavaria,Manufacturing,Production & trades,Permanent,80.4,3885,37.5,2.94,2.2
2025-Q3,Germany,Bavaria,Manufacturing,Production & trades,Permanent,84.85,3859,37.1,3.26,5.4
2025-Q4,Germany,Bavaria,Manufacturing,Production & trades,Permanent,76.95,3976,38.0,2.83,5.3
2021-Q1,Germany,Bavaria,Manufacturing,Production & trades,Temporary,20.56,2610,34.1,3.3,6.3
2021-Q2,Germany,Bavaria,Manufacturing,Production & trades,Temporary,21.27,2611,35.0,3.15,5.0
2021-Q3,Germany,Bavaria,Manufacturing,Production & trades,Temporary,21.46,2672,34.4,3.53,5.7
2021-Q4,Germany,Bavaria,Manufacturing,Production & trades,Temporary,20.56,2661,34.9,3.95,3.3
2022-Q1,Germany,Bavaria,Manufacturing,Production & trades,Temporary,20.8,2709,33.8,3.94,2.8
2022-Q2,Germany,Bavaria,Manufacturing,Production & trades,Temporary,20.85,2753,34.6,3.61,5.1
2022-Q3,Germany,Bavaria,Manufacturing,Production & trades,Temporary,21.4,2776,33.7,3.76,5.7
2022-Q4,Germany,Bavaria,Manufacturing,Production & trades,Temporary,21.5,2816,35.1,4.51,2.5
2023-Q1,Germany,Bavaria,Manufacturing,Production & trades,Temporary,21.03,2829,34.0,4.31,3.4
2023-Q2,Germany,Bavaria,Manufacturing,Production & trades,Temporary,22.19,2898,34.9,4.03,3.6
2023-Q3,Germany,Bavaria,Manufacturing,Production & trades,Temporary,21.54,2905,33.7,3.79,3.9
2023-Q4,Germany,Bavaria,Manufacturing,Production & trades,Temporary,21.59,2943,34.8,3.59,4.7
2024-Q1,Germany,Bavaria,Manufacturing,Production & trades,Temporary,21.14,3059,34.3,3.37,3.3
2024-Q2,Germany,Bavaria,Manufacturing,Production & trades,Temporary,21.31,3016,34.6,3.47,3.1
2024-Q3,Germany,Bavaria,Manufacturing,Production & trades,Temporary,22.09,3050,33.7,3.44,1.9
2024-Q4,Germany,Bavaria,Manufacturing,Production & trades,Temporary,21.89,3116,34.8,3.25,4.6
2025-Q1,Germany,Bavaria,Manufacturing,Production & trades,Temporary,22.21,3143,34.4,2.84,3.3
2025-Q2,Germany,Bavaria,Manufacturing,Production & trades,Temporary,22.19,3190,35.0,3.31,3.7
2025-Q3,Germany,Bavaria,Manufacturing,Production & trades,Temporary,22.33,3215,34.0,2.82,3.6
2025-Q4,Germany,Bavaria,Manufacturing,Production & trades,Temporary,22.2,3220,34.7,2.77,3.8
2021-Q1,Germany,Bavaria,Manufacturing,Production & trades,Self-employed,16.61,3206,42.7,3.7,6.5
2021-Q2,Germany,Bavaria,Manufacturing,Production & trades,Self-employed,16.74,3285,43.1,3.71,4.1
2021-Q3,Germany,Bavaria,Manufacturing,Production & trades,Self-employed,17.27,3263,42.1,3.76,6.6
2021-Q4,Germany,Bavaria,Manufacturing,Production & trades,Self-employed,16.39,3329,43.3,3.55,4.8
2022-Q1,Germany,Bavaria,Manufacturing,Production & trades,Self-employed,17.12,3379,42.7,3.97,4.3
2022-Q2,Germany,Bavaria,Manufacturing,Production & trades,Self-employed,17.3,3405,42.6,4.0,6.0
2022-Q3,Germany,Bavaria,Manufacturing,Production & trades,Self-employed,17.65,3519,42.1,4.17,4.9
2022-Q4,Germany,Bavaria,Manufacturing,Production & trades,Self-employed,17.13,3519,43.4,4.37,5.4
2023-Q1,Germany,Bavaria,Manufacturing,Production & trades,Self-employed,16.98,3533,42.5,3.47,3.2
2023-Q2,Germany,Bavaria,Manufacturing,Production & trades,Self-employed,17.38,3609,42.8,3.78,6.2
2023-Q3,Germany,Bavaria,Manufacturing,Production & trades,Self-employed,17.82,3682,42.2,4.03,3.7
2023-Q4,Germany,Bavaria,Manufacturing,Production & trades,Self-employed,17.5,3662,43.2,3.64,4.4
2024-Q1,Germany,Bavaria,Manufacturing,Production & trades,Self-employed,16.88,3723,42.4,3.72,4.6
2024-Q2,Germany,Bavaria,Manufacturing,Production & trades,Self-employed,17.28,3835,42.9,3.59,6.0
2024-Q3,Germany,Bavaria,Manufacturing,Production & trades,Self-employed,17.7,3836,42.0,3.56,4.4
2024-Q4,Germany,Bavaria,Manufacturing,Production & trades,Self-employed,16.88,3930,43.1,3.28,4.1
2025-Q1,Germany,Bavaria,Manufacturing,Production & trades,Self-employed,17.04,3897,42.4,3.14,3.7
2025-Q2,Germany,Bavaria,Manufacturing,Production & trades,Self-employed,18.16,3976,42.9,3.61,5.9
2025-Q3,Germany,Bavaria,Manufacturing,Production & trades,Self-employed,17.95,4039,42.3,3.17,4.3
2025-Q4,Germany,Bavaria,Manufacturing,Production & trades,Self-employed,17.11,4154,43.1,3.63,5.5
2021-Q1,Germany,Bavaria,Construction,Managers,Permanent,17.73,4946,38.4,4.36,8.6
2021-Q2,Germany,Bavaria,Construction,Managers,Permanent,18.03,5075,38.7,3.81,9.6
2021-Q3,Germany,Bavaria,Construction,Managers,Permanent,19.04,5087,37.8,4.32,9.9
2021-Q4,Germany,Bavaria,Construction,Managers,Permanent,18.47,5156,39.0,4.27,8.9
2022-Q1,Germany,Bavaria,Construction,Managers,Permanent,18.49,5259,38.2,4.08,6.9
2022-Q2,Germany,Bavaria,Construction,Managers,Permanent,18.81,5277,38.9,4.89,8.4
2022-Q3,Germany,Bavaria,Construction,Managers,Permanent,18.91,5325,38.1,5.21,9.0
2022-Q4,Germany,Bavaria,Construction,Managers,Permanent,18.75,5508,39.2,4.87,8.6
2023-Q1,Germany,Bavaria,Construction,Managers,Permanent,18.08,5507,38.4,4.58,8.9
2023-Q2,Germany,Bavaria,Construction,Managers,Permanent,18.65,5478,38.8,4.57,9.4
2023-Q3,Germany,Bavaria,Construction,Managers,Permanent,19.67,5628,37.9,4.35,6.9
2023-Q4,Germany,Bavaria,Construction,Managers,Permanent,18.76,5660,39.1,4.69,8.1
2024-Q1,Germany,Bavaria,Construction,Managers,Permanent,18.97,5742,38.7,3.85,8.8
2024-Q2,Germany,Bavaria,Construction,Managers,Permanent,18.63,5859,38.9,4.28,9.1
2024-Q3,Germany,Bavaria,Construction,Managers,Permanent,18.88,5853,37.7,4.07,7.7
2024-Q4,Germany,Bavaria,Construction,Managers,Permanent,18.74,5997,39.3,3.95,7.3
2025-Q1,Germany,Bavaria,Construction,Managers,Permanent,18.92,6072,38.6,3.61,7.5
2025-Q2,Germany,Bavaria,Construction,Managers,Permanent,19.48,6178,38.8,3.51,7.1
2025-Q3,Germany,Bavaria,Construction,Managers,Permanent,19.29,6185,38.0,3.51,8.7
2025-Q4,Germany,Bavaria,Construction,Managers,Permanent,18.45,6198,39.1,3.65,8.2
2021-Q1,Germany,Bavaria,Construction,Managers,Self-employed,3.84,5227,41.9,3.96,12.1
2021-Q2,Germany,Bavaria,Construction,Managers,Self-employed,3.75,5255,43.0,4.06,11.0
2021-Q3,Germany,Bavaria,Construction,Managers,Self-employed,3.82,5331,41.9,4.21,9.1
2021-Q4,Germany,Bavaria,Construction,Managers,Self-employed,3.72,5301,42.9,5.05,9.3
2022-Q1,Germany,Bavaria,Construction,Managers,Self-employed,3.73,5402,42.3,4.44,11.0
2022-Q2,Germany,Bavaria,Construction,Managers,Self-employed,3.9,5489,42.7,4.81,9.7
2022-Q3,Germany,Bavaria,Construction,Managers,Self-employed,3.96,5648,41.6,4.92,10.4
2022-Q4,Germany,Bavaria,Construction,Managers,Self-employed,3.85,5685,42.9,4.81,9.7
2023-Q1,Germany,Bavaria,Construction,Managers,Self-employed,3.87,5686,42.3,4.54,9.5
2023-Q2,Germany,Bavaria,Construction,Managers,Self-employed,3.93,5860,42.9,4.69,9.7
2023-Q3,Germany,Bavaria,Construction,Managers,Self-employed,3.97,5899,42.0,4.62,10.3
2023-Q4,Germany,Bavaria,Construction,Managers,Self-employed,3.83,5954,42.9,4.22,7.9
2024-Q1,Germany,Bavaria,Construction,Managers,Self-employed,3.83,6081,42.2,4.11,8.8
2024-Q2,Germany,Bavaria,Construction,Managers,Self-employed,4.16,6080,42.7,4.26,8.3
2024-Q3,Germany,Bavaria,Construction,Managers,Self-employed,4.0,6258,41.4,4.43,10.0
2024-Q4,Germany,Bavaria,Construction,Managers,Self-employed,3.97,6303,43.2,3.93,8.7
2025-Q1,Germany,Bavaria,Construction,Managers,Self-employed,3.99,6409,42.3,4.08,9.8
2025-Q2,Germany,Bavaria,Construction,Managers,Self-employed,4.12,6471,43.0,3.48,8.8
2025-Q3,Germany,Bavaria,Construction,Managers,Self-employed,3.98,6422,41.8,3.79,8.9
2025-Q4,Germany,Bavaria,Construction,Managers,Self-employed,4.03,6600,43.0,4.24,9.6
2021-Q1,Germany,Bavaria,Construction,Technicians,Permanent,32.45,3623,37.5,3.87,8.4
2021-Q2,Germany,Bavaria,Construction,Technicians,Permanent,32.82,3591,38.2,3.78,7.2
2021-Q3,Germany,Bavaria,Construction,Technicians,Permanent,32.96,3733,37.3,4.05,7.3
2021-Q4,Germany,Bavaria,Construction,Technicians,Permanent,32.15,3695,38.4,4.49,5.9
2022-Q1,Germany,Bavaria,Construction,Technicians,Permanent,32.87,3757,37.8,4.19,6.4
2022-Q2,Germany,Bavaria,Construction,Technicians,Permanent,32.94,3802,38.1,5.13,4.9
2022-Q3,Germany,Bavaria,Construction,Technicians,Permanent,32.35,3904,37.1,4.65,6.3
2022-Q4,Germany,Bavaria,Construction,Technicians,Permanent,32.3,3927,38.1,4.77,6.5
2023-Q1,Germany,Bavaria,Construction,Technicians,Permanent,32.76,3990,37.8,4.5,5.7
2023-Q2,Germany,Bavaria,Construction,Technicians,Permanent,33.53,4009,37.9,4.9,5.1
2023-Q3,Germany,Bavaria,Construction,Technicians,Permanent,33.55,4094,37.1,4.71,7.0
2023-Q4,Germany,Bavaria,Construction,Technicians,Permanent,33.84,4049,38.3,4.27,8.0
2024-Q1,Germany,Bavaria,Construction,Technicians,Permanent,32.84,4164,37.7,4.26,6.9
2024-Q2,Germany,Bavaria,Construction,Technicians,Permanent,34.65,4273,38.0,3.76,7.0
2024-Q3,Germany,Bavaria,Construction,Technicians,Permanent,34.12,4270,37.0,4.03,9.0
2024-Q4,Germany,Bavaria,Construction,Technicians,Permanent,34.07,4293,38.3,3.78,8.2
2025-Q1,Germany,Bavaria,Construction,Technicians,Permanent,33.59,4426,37.6,3.93,5.6
2025-Q2,Germany,Bavaria,Construction,Technicians,Permanent,34.09,4437,37.9,4.14,3.3
2025-Q3,Germany,Bavaria,Construction,Technicians,Permanent,34.42,4444,37.5,3.84,4.8
2025-Q4,Germany,Bavaria,Construction,Technicians,Permanent,33.52,4512,38.1,3.53,5.9
2021-Q1,Germany,Bavaria,Construction,Technicians,Temporary,12.95,2917,34.4,3.81,5.4
2021-Q2,Germany,Bavaria,Construction,Technicians,Temporary,12.99,2937,34.7,3.55,4.5
2021-Q3,Germany,Bavaria,Construction,Technicians,Temporary,13.23,2966,34.1,3.85,8.0
2021-Q4,Germany,Bavaria,Construction,Technicians,Temporary,12.88,2973,34.8,3.94,6.4
2022-Q1,Germany,Bavaria,Construction,Technicians,Temporary,12.89,2998,34.1,4.11,5.5
2022-Q2,Germany,Bavaria,Construction,Technicians,Temporary,13.16,3066,34.9,4.06,6.4
2022-Q3,Germany,Bavaria,Construction,Technicians,Temporary,13.38,3097,33.6,4.29,5.0
2022-Q4,Germany,Bavaria,Construction,Technicians,Temporary,12.95,3132,35.0,4.36,6.9
2023-Q1,Germany,Bavaria,Construction,Technicians,Temporary,12.85,3176,34.2,4.53,6.8
2023-Q2,Germany,Bavaria,Construction,Technicians,Temporary,13.58,3305,34.7,3.92,5.5
2023-Q3,Germany,Bavaria,Construction,Technicians,Temporary,13.54,3320,34.1,4.24,7.7
2023-Q4,Germany,Bavaria,Construction,Technicians,Temporary,13.05,3307,35.0,3.83,5.0
2024-Q1,Germany,Bavaria,Construction,Technicians,Temporary,13.13,3320,34.4,3.42,6.9
2024-Q2,Germany,Bavaria,Construction,Technicians,Temporary,13.27,3398,35.0,3.69,5.9
2024-Q3,Germany,Bavaria,Construction,Technicians,Temporary,13.88,3439,33.9,3.37,6.5
2024-Q4,Germany,Bavaria,Construction,Technicians,Temporary,13.48,3480,35.0,3.72,6.0
2025-Q1,Germany,Bavaria,Construction,Technicians,Temporary,13.56,3532,34.4,3.7,4.6
2025-Q2,Germany,Bavaria,Construction,Technicians,Temporary,13.77,3564,34.9,3.19,5.7
2025-Q3,Germany,Bavaria,Construction,Technicians,Temporary,13.26,3638,33.9,3.44,6.1
2025-Q4,Germany,Bavaria,Construction,Technicians,Temporary,13.78,3648,35.0,3.4,6.0
2021-Q1,Germany,Bavaria,Construction,Production & trades,Permanent,47.51,2840,38.3,4.59,0
2021-Q2,Germany,Bavaria,Construction,Production & trades,Permanent,50.49,2818,38.7,4.48,1.9
2021-Q3,Germany,Bavaria,Construction,Production & trades,Permanent,50.44,2876,37.4,4.36,3.2
2021-Q4,Germany,Bavaria,Construction,Production & trades,Permanent,50.29,2891,38.9,4.51,1.9
2022-Q1,Germany,Bavaria,Construction,Production & trades,Permanent,47.4,2982,37.9,4.66,3.0
2022-Q2,Germany,Bavaria,Construction,Production & trades,Permanent,50.13,2989,38.3,4.89,1.8
2022-Q3,Germany,Bavaria,Construction,Production & trades,Permanent,50.71,2993,37.6,4.88,0.3
2022-Q4,Germany,Bavaria,Construction,Production & trades,Permanent,50.19,3064,38.7,4.76,1.3
2023-Q1,Germany,Bavaria,Construction,Production & trades,Permanent,50.69,3163,38.2,4.89,2.0
2023-Q2,Germany,Bavaria,Construction,Production & trades,Permanent,50.61,3137,38.2,5.34,3.6
2023-Q3,Germany,Bavaria,Construction,Production & trades,Permanent,50.37,3193,38.0,4.52,0.8
2023-Q4,Germany,Bavaria,Construction,Production & trades,Permanent,50.0,3217,38.7,4.26,1.6
2024-Q1,Germany,Bavaria,Construction,Production & trades,Permanent,50.08,3240,38.0,4.16,3.0
2024-Q2,Germany,Bavaria,Construction,Production & trades,Permanent,50.38,3298,38.5,3.68,3.6
2024-Q3,Germany,Bavaria,Construction,Production & trades,Permanent,51.63,3320,37.6,4.13,1.2
2024-Q4,Germany,Bavaria,Construction,Production & trades,Permanent,51.28,3401,39.0,3.89,1.4
2025-Q1,Germany,Bavaria,Construction,Production & trades,Permanent,50.04,3410,38.0,4.05,4.2
2025-Q2,Germany,Bavaria,Construction,Production & trades,Permanent,51.92,3464,38.5,4.1,2.2
2025-Q3,Germany,Bavaria,Construction,Production & trades,Permanent,52.46,3521,37.4,3.78,0.5
2025-Q4,Germany,Bavaria,Construction,Production & trades,Permanent,50.57,3585,38.6,4.13,0.1
2021-Q1,Germany,Bavaria,Construction,Production & trades,Temporary,14.22,2351,33.7,3.68,0
2021-Q2,Germany,Bavaria,Construction,Production & trades,Temporary,14.5,2362,34.6,3.43,3.1
2021-Q3,Germany,Bavaria,Construction,Production & trades,Temporary,14.12,2386,33.5,4.25,0.3
2021-Q4,Germany,Bavaria,Construction,Production & trades,Temporary,14.17,2448,34.8,4.0,2.9
2022-Q1,Germany,Bavaria,Construction,Production & trades,Temporary,14.36,2488,33.8,4.31,3.2
2022-Q2,Germany,Bavaria,Construction,Production & trades,Temporary,14.54,2507,34.5,4.15,2.1
2022-Q3,Germany,Bavaria,Construction,Production & trades,Temporary,14.8,2533,33.9,4.24,1.1
2022-Q4,Germany,Bavaria,Construction,Production & trades,Temporary,14.11,2534,34.3,4.29,1.2
2023-Q1,Germany,Bavaria,Construction,Production & trades,Temporary,14.41,2620,34.2,4.61,1.4
2023-Q2,Germany,Bavaria,Construction,Production & trades,Temporary,14.8,2631,34.7,4.09,2.2
2023-Q3,Germany,Bavaria,Construction,Production & trades,Temporary,14.35,2684,33.6,4.03,4.4
2023-Q4,Germany,Bavaria,Construction,Production & trades,Temporary,14.0,2643,34.6,4.0,4.2
2024-Q1,Germany,Bavaria,Construction,Production & trades,Temporary,14.39,2727,33.6,3.8,1.4
2024-Q2,Germany,Bavaria,Construction,Production & trades,Temporary,14.55,2755,34.6,3.97,0.9
2024-Q3,Germany,Bavaria,Construction,Production & trades,Temporary,15.19,2772,33.4,3.5,2.5
2024-Q4,Germany,Bavaria,Construction,Production & trades,Temporary,14.8,2837,34.6,3.51,1.5
2025-Q1,Germany,Bavaria,Construction,Production & trades,Temporary,14.24,2869,33.8,3.47,0.6
2025-Q2,Germany,Bavaria,Construction,Production & trades,Temporary,14.98,2935,34.4,3.05,2.0
2025-Q3,Germany,Bavaria,Construction,Production & trades,Temporary,14.89,2977,33.7,3.65,0.6
2025-Q4,Germany,Bavaria,Construction,Production & trades,Temporary,14.37,2997,34.5,3.53,1.7
2021-Q1,Germany,Bavaria,Construction,Production & trades,Self-employed,11.86,3198,42.5,3.72,2.2
2021-Q2,Germany,Bavaria,Construction,Production & trades,Self-employed,12.13,3206,43.0,3.75,3.3
2021-Q3,Germany,Bavaria,Construction,Production & trades,Self-employed,12.95,3288,41.9,3.48,3.5
2021-Q4,Germany,Bavaria,Construction,Production & trades,Self-employed,12.06,3285,43.1,4.11,4.6
2022-Q1,Germany,Bavaria,Construction,Production & trades,Self-employed,12.32,3351,42.3,4.43,0
2022-Q2,Germany,Bavaria,Construction,Production & trades,Self-employed,12.6,3374,42.7,4.63,3.8
2022-Q3,Germany,Bavaria,Construction,Production & trades,Self-employed,12.91,3476,42.0,4.86,1.3
2022-Q4,Germany,Bavaria,Construction,Production & trades,Self-employed,11.89,3481,43.4,4.32,1.9
2023-Q1,Germany,Bavaria,Construction,Production & trades,Self-employed,12.37,3576,42.4,4.84,2.2
2023-Q2,Germany,Bavaria,Construction,Production & trades,Self-employed,12.62,3602,43.0,4.29,3.1
2023-Q3,Germany,Bavaria,Construction,Production & trades,Self-employed,13.19,3599,42.2,4.62,2.9
2023-Q4,Germany,Bavaria,Construction,Production & trades,Self-employed,12.78,3635,43.0,4.12,3.7
2024-Q1,Germany,Bavaria,Construction,Production & trades,Self-employed,12.64,3704,42.3,4.3,1.8
2024-Q2,Germany,Bavaria,Construction,Production & trades,Self-employed,12.96,3734,42.9,3.75,2.4
2024-Q3,Germany,Bavaria,Construction,Production & trades,Self-employed,12.82,3771,41.9,3.62,0.4
2024-Q4,Germany,Bavaria,Construction,Production & trades,Self-employed,12.63,3844,43.2,3.37,1.7
2025-Q1,Germany,Bavaria,Construction,Production & trades,Self-employed,12.88,3856,42.3,3.4,1.6
2025-Q2,Germany,Bavaria,Construction,Production & trades,Self-employed,12.64,3952,42.4,3.9,3.6
2025-Q3,Germany,Bavaria,Construction,Production & trades,Self-employed,13.14,3995,42.0,3.55,1.3
2025-Q4,Germany,Bavaria,Construction,Production & trades,Self-employed,12.53,4016,43.2,3.26,2.5
2021-Q1,Germany,Bavaria,Finance,Managers,Permanent,15.81,6297,36.7,2.9,61.7
2021-Q2,Germany,Bavaria,Finance,Managers,Permanent,16.24,6427,37.6,2.66,61.7
2021-Q3,Germany,Bavaria,Finance,Managers,Permanent,16.34,6470,36.3,3.04,63.6
2021-Q4,Germany,Bavaria,Finance,Managers,Permanent,15.79,6651,37.4,2.9,60.9
2022-Q1,Germany,Bavaria,Finance,Managers,Permanent,15.44,6609,37.0,3.01,59.5
2022-Q2,Germany,Bavaria,Finance,Managers,Permanent,16.07,6606,37.6,3.35,57.1
2022-Q3,Germany,Bavaria,Finance,Managers,Permanent,16.7,6779,36.3,3.61,57.9
2022-Q4,Germany,Bavaria,Finance,Managers,Permanent,16.13,6865,37.7,3.13,58.1
2023-Q1,Germany,Bavaria,Finance,Managers,Permanent,16.15,6829,36.6,3.14,59.0
2023-Q2,Germany,Bavaria,Finance,Managers,Permanent,16.8,7155,37.6,3.14,58.6
2023-Q3,Germany,Bavaria,Finance,Managers,Permanent,16.8,7119,36.3,3.04,58.2
2023-Q4,Germany,Bavaria,Finance,Managers,Permanent,15.97,7129,37.5,2.73,55.3
2024-Q1,Germany,Bavaria,Finance,Managers,Permanent,16.14,7359,36.9,3.19,52.3
2024-Q2,Germany,Bavaria,Finance,Managers,Permanent,17.23,7305,37.2,3.01,51.5
2024-Q3,Germany,Bavaria,Finance,Managers,Permanent,17.01,7465,36.3,2.8,53.1
2024-Q4,Germany,Bavaria,Finance,Managers,Permanent,16.89,7505,37.7,2.56,55.9
2025-Q1,Germany,Bavaria,Finance,Managers,Permanent,16.39,7718,36.9,2.65,56.5
2025-Q2,Germany,Bavaria,Finance,Managers,Permanent,16.54,7745,37.4,2.61,54.3
2025-Q3,Germany,Bavaria,Finance,Managers,Permanent,17.08,7971,36.4,2.6,54.0
2025-Q4,Germany,Bavaria,Finance,Managers,Permanent,16.31,8042,37.6,2.47,55.7
2021-Q1,Germany,Bavaria,Finance,Managers,Self-employed,3.92,6986,41.0,2.64,72.6
2021-Q2,Germany,Bavaria,Finance,Managers,Self-employed,3.87,7204,42.1,2.86,72.7
2021-Q3,Germany,Bavaria,Finance,Managers,Self-employed,4.14,7136,40.9,3.14,69.6
2021-Q4,Germany,Bavaria,Finance,Managers,Self-employed,3.9,7278,41.7,3.18,67.7
2022-Q1,Germany,Bavaria,Finance,Managers,Self-employed,3.88,7318,41.2,3.19,70.5
2022-Q2,Germany,Bavaria,Finance,Managers,Self-employed,4.05,7530,41.8,3.33,67.9
2022-Q3,Germany,Bavaria,Finance,Managers,Self-employed,4.05,7529,40.7,3.37,70.5
2022-Q4,Germany,Bavaria,Finance,Managers,Self-employed,3.91,7650,41.7,3.18,65.8
2023-Q1,Germany,Bavaria,Finance,Managers,Self-employed,4.0,7695,41.1,3.53,63.4
2023-Q2,Germany,Bavaria,Finance,Managers,Self-employed,4.12,7815,41.9,3.14,65.5
2023-Q3,Germany,Bavaria,Finance,Managers,Self-employed,4.08,7969,40.9,3.14,63.6
2023-Q4,Germany,Bavaria,Finance,Managers,Self-employed,4.04,7979,41.6,3.14,60.7
2024-Q1,Germany,Bavaria,Finance,Managers,Self-employed,4.05,8112,41.3,3.11,62.0
2024-Q2,Germany,Bavaria,Finance,Managers,Self-employed,4.16,8218,41.7,2.64,62.1
2024-Q3,Germany,Bavaria,Finance,Managers,Self-employed,4.27,8273,40.6,2.74,61.8
2024-Q4,Germany,Bavaria,Finance,Managers,Self-employed,4.17,8513,42.0,2.96,62.3
2025-Q1,Germany,Bavaria,Finance,Managers,Self-employed,3.95,8566,41.0,2.47,63.2
2025-Q2,Germany,Bavaria,Finance,Managers,Self-employed,4.12,8624,41.7,2.63,62.8
2025-Q3,Germany,Bavaria,Finance,Managers,Self-employed,4.07,8673,40.6,2.65,64.8
2025-Q4,Germany,Bavaria,Finance,Managers,Self-employed,4.06,8883,41.9,2.42,63.4
2021-Q1,Germany,Bavaria,Finance,Professionals,Permanent,39.96,5535,36.6,2.92,66.7
2021-Q2,Germany,Bavaria,Finance,Professionals,Permanent,41.42,5580,37.2,2.84,66.7
2021-Q3,Germany,Bavaria,Finance,Professionals,Permanent,41.08,5631,36.4,3.15,66.0
2021-Q4,Germany,Bavaria,Finance,Professionals,Permanent,40.66,5778,36.9,2.89,64.5
2022-Q1,Germany,Bavaria,Finance,Professionals,Permanent,39.44,5756,36.7,3.06,61.4
2022-Q2,Germany,Bavaria,Finance,Professionals,Permanent,40.18,5892,37.3,3.38,61.3
2022-Q3,Germany,Bavaria,Finance,Professionals,Permanent,42.26,5888,36.2,3.84,62.5
2022-Q4,Germany,Bavaria,Finance,Professionals,Permanent,41.19,5965,37.3,3.38,60.7
2023-Q1,Germany,Bavaria,Finance,Professionals,Permanent,42.04,6073,36.8,3.42,59.7
2023-Q2,Germany,Bavaria,Finance,Professionals,Permanent,41.42,6124,37.1,3.29,58.0
2023-Q3,Germany,Bavaria,Finance,Professionals,Permanent,40.37,6259,36.1,3.16,58.0
2023-Q4,Germany,Bavaria,Finance,Professionals,Permanent,41.97,6347,37.3,3.0,57.2
2024-Q1,Germany,Bavaria,Finance,Professionals,Permanent,40.51,6317,36.4,2.76,55.8
2024-Q2,Germany,Bavaria,Finance,Professionals,Permanent,42.56,6452,37.2,2.86,57.8
2024-Q3,Germany,Bavaria,Finance,Professionals,Permanent,43.48,6558,36.4,2.83,55.1
2024-Q4,Germany,Bavaria,Finance,Professionals,Permanent,40.31,6706,37.3,2.94,57.6
2025-Q1,Germany,Bavaria,Finance,Professionals,Permanent,41.91,6781,36.2,2.69,55.3
2025-Q2,Germany,Bavaria,Finance,Professionals,Permanent,43.19,6858,37.2,2.5,58.2
2025-Q3,Germany,Bavaria,Finance,Professionals,Permanent,42.83,6856,36.0,2.65,58.4
2025-Q4,Germany,Bavaria,Finance,Professionals,Permanent,41.6,7016,37.4,2.61,57.7
2021-Q1,Germany,Bavaria,Finance,Professionals,Temporary,12.35,4459,33.8,2.95,60.5
2021-Q2,Germany,Bavaria,Finance,Professionals,Temporary,13.47,4523,34.4,2.87,60.9
2021-Q3,Germany,Bavaria,Finance,Professionals,Temporary,12.93,4550,33.2,3.08,60.1
2021-Q4,Germany,Bavaria,Finance,Professionals,Temporary,12.5,4607,34.5,2.98,59.4
2022-Q1,Germany,Bavaria,Finance,Professionals,Temporary,13.07,4729,33.7,2.9,58.5
2022-Q2,Germany,Bavaria,Finance,Professionals,Temporary,13.03,4748,34.1,3.01,56.7
2022-Q3,Germany,Bavaria,Finance,Professionals,Temporary,13.08,4792,33.6,3.53,58.5
2022-Q4,Germany,Bavaria,Finance,Professionals,Temporary,12.57,4872,34.2,3.68,55.0
2023-Q1,Germany,Bavaria,Finance,Professionals,Temporary,13.06,4950,33.7,3.41,53.4
2023-Q2,Germany,Bavaria,Finance,Professionals,Temporary,13.1,4986,34.0,3.06,50.3
2023-Q3,Germany,Bavaria,Finance,Professionals,Temporary,12.79,5128,33.2,3.33,53.7
2023-Q4,Germany,Bavaria,Finance,Professionals,Temporary,13.23,5185,34.2,3.16,53.4
2024-Q1,Germany,Bavaria,Finance,Professionals,Temporary,12.33,5258,34.0,2.82,52.3
2024-Q2,Germany,Bavaria,Finance,Professionals,Temporary,13.37,5270,34.4,2.68,51.9
2024-Q3,Germany,Bavaria,Finance,Professionals,Temporary,13.21,5381,33.4,2.85,52.2
2024-Q4,Germany,Bavaria,Finance,Professionals,Temporary,13.14,5381,34.2,2.53,52.9
2025-Q1,Germany,Bavaria,Finance,Professionals,Temporary,12.98,5466,33.6,2.56,51.6
2025-Q2,Germany,Bavaria,Finance,Professionals,Temporary,13.89,5443,34.3,2.79,52.2
2025-Q3,Germany,Bavaria,Finance,Professionals,Temporary,13.31,5676,33.6,2.4,53.4
2025-Q4,Germany,Bavaria,Finance,Professionals,Temporary,13.36,5683,34.8,2.73,54.0
2021-Q1,Germany,Bavaria,Finance,Professionals,Self-employed,9.1,6218,40.7,2.81,74.5
2021-Q2,Germany,Bavaria,Finance,Professionals,Self-employed,9.57,6308,41.6,3.41,77.9
2021-Q3,Germany,Bavaria,Finance,Professionals,Self-employed,9.87,6359,40.3,3.23,73.6
2021-Q4,Germany,Bavaria,Finance,Professionals,Self-employed,9.57,6357,41.5,3.7,73.8
2022-Q1,Germany,Bavaria,Finance,Professionals,Self-employed,9.27,6467,40.5,3.49,72.6
2022-Q2,Germany,Bavaria,Finance,Professionals,Self-employed,9.74,6388,41.4,3.51,73.5
2022-Q3,Germany,Bavaria,Finance,Professionals,Self-employed,9.9,6567,41.0,3.51,70.9
2022-Q4,Germany,Bavaria,Finance,Professionals,Self-employed,9.56,6785,41.5,3.81,68.2
2023-Q1,Germany,Bavaria,Finance,Professionals,Self-employed,9.31,7034,40.9,3.79,69.0
2023-Q2,Germany,Bavaria,Finance,Professionals,Self-employed,9.81,6892,41.7,3.73,67.7
2023-Q3,Germany,Bavaria,Finance,Professionals,Self-employed,10.02,7050,40.6,3.26,66.7
2023-Q4,Germany,Bavaria,Finance,Professionals,Self-employed,9.9,7133,41.5,3.44,67.8
2024-Q1,Germany,Bavaria,Finance,Professionals,Self-employed,9.53,7153,41.0,2.88,67.4
2024-Q2,Germany,Bavaria,Finance,Professionals,Self-employed,9.89,7280,41.6,3.09,65.3
2024-Q3,Germany,Bavaria,Finance,Professionals,Self-employed,10.25,7282,40.5,2.99,66.5
2024-Q4,Germany,Bavaria,Finance,Professionals,Self-employed,9.78,7394,41.2,3.01,65.5
2025-Q1,Germany,Bavaria,Finance,Professionals,Self-employed,9.79,7476,40.7,3.07,65.9
2025-Q2,Germany,Bavaria,Finance,Professionals,Self-employed,9.72,7603,41.3,2.78,66.3
2025-Q3,Germany,Bavaria,Finance,Professionals,Self-employed,9.77,7766,40.4,2.79,66.1
2025-Q4,Germany,Bavaria,Finance,Professionals,Self-employed,9.83,7780,41.8,2.63,68.2
2021-Q1,Germany,Bavaria,Finance,Clerical & service,Permanent,42.04,3554,36.8,2.56,44.5
2021-Q2,Germany,Bavaria,Finance,Clerical & service,Permanent,43.71,3650,37.5,2.7,41.4
2021-Q3,Germany,Bavaria,Finance,Clerical & service,Permanent,44.31,3702,36.5,2.82,40.4
2021-Q4,Germany,Bavaria,Finance,Clerical & service,Permanent,43.79,3688,37.6,2.99,41.5
2022-Q1,Germany,Bavaria,Finance,Clerical & service,Permanent,41.02,3830,36.5,3.14,41.4
2022-Q2,Germany,Bavaria,Finance,Clerical & service,Permanent,44.77,3787,37.3,3.11,40.9
2022-Q3,Germany,Bavaria,Finance,Clerical & service,Permanent,44.17,3875,36.8,2.97,38.0
2022-Q4,Germany,Bavaria,Finance,Clerical & service,Permanent,43.54,3933,37.7,2.82,39.3
2023-Q1,Germany,Bavaria,Finance,Clerical & service,Permanent,42.35,3982,37.2,3.04,37.5
2023-Q2,Germany,Bavaria,Finance,Clerical & service,Permanent,43.88,4062,37.3,3.14,38.2
2023-Q3,Germany,Bavaria,Finance,Clerical & service,Permanent,43.9,4081,36.8,3.05,37.4
2023-Q4,Germany,Bavaria,Finance,Clerical & service,Permanent,43.18,4121,37.4,2.67,36.2
2024-Q1,Germany,Bavaria,Finance,Clerical & service,Permanent,42.01,4265,36.8,3.0,37.2
2024-Q2,Germany,Bavaria,Finance,Clerical & service,Permanent,44.56,4223,37.2,2.8,35.9
2024-Q3,Germany,Bavaria,Finance,Clerical & service,Permanent,44.94,4295,36.4,2.48,35.1
2024-Q4,Germany,Bavaria,Finance,Clerical & service,Permanent,44.11,4351,37.4,2.34,34.3
2025-Q1,Germany,Bavaria,Finance,Clerical & service,Permanent,42.53,4413,36.9,2.51,36.3
2025-Q2,Germany,Bavaria,Finance,Clerical & service,Permanent,45.76,4482,37.3,2.33,39.1
2025-Q3,Germany,Bavaria,Finance,Clerical & service,Permanent,47.1,4467,36.5,2.49,37.7
2025-Q4,Germany,Bavaria,Finance,Clerical & service,Permanent,43.93,4561,37.7,2.58,37.9
2021-Q1,Germany,Bavaria,Finance,Clerical & service,Temporary,13.04,2964,32.7,2.27,37.7
2021-Q2,Germany,Bavaria,Finance,Clerical & service,Temporary,13.9,3039,33.5,2.53,38.0
2021-Q3,Germany,Bavaria,Finance,Clerical & service,Temporary,13.7,3073,32.6,2.78,39.5
2021-Q4,Germany,Bavaria,Finance,Clerical & service,Temporary,13.41,3080,33.6,2.56,37.5
2022-Q1,Germany,Bavaria,Finance,Clerical & service,Temporary,13.38,3110,33.4,2.67,36.5
2022-Q2,Germany,Bavaria,Finance,Clerical & service,Temporary,13.87,3189,33.4,3.11,37.0
2022-Q3,Germany,Bavaria,Finance,Clerical & service,Temporary,13.58,3182,32.8,2.99,36.5
2022-Q4,Germany,Bavaria,Finance,Clerical & service,Temporary,13.43,3304,33.9,2.88,33.8
2023-Q1,Germany,Bavaria,Finance,Clerical & service,Temporary,13.71,3263,33.2,2.82,33.4
2023-Q2,Germany,Bavaria,Finance,Clerical & service,Temporary,13.88,3369,33.2,3.08,33.1
2023-Q3,Germany,Bavaria,Finance,Clerical & service,Temporary,14.2,3382,32.3,2.69,32.8
2023-Q4,Germany,Bavaria,Finance,Clerical & service,Temporary,13.1,3400,33.9,2.84,32.1
2024-Q1,Germany,Bavaria,Finance,Clerical & service,Temporary,13.73,3429,33.3,2.69,33.4
2024-Q2,Germany,Bavaria,Finance,Clerical & service,Temporary,14.56,3494,34.0,2.48,34.7
2024-Q3,Germany,Bavaria,Finance,Clerical & service,Temporary,14.35,3549,32.6,2.56,32.5
2024-Q4,Germany,Bavaria,Finance,Clerical & service,Temporary,13.82,3599,33.9,2.35,33.7
2025-Q1,Germany,Bavaria,Finance,Clerical & service,Temporary,13.65,3613,33.2,2.56,32.2
2025-Q2,Germany,Bavaria,Finance,Clerical & service,Temporary,14.31,3685,33.6,2.32,32.5
2025-Q3,Germany,Bavaria,Finance,Clerical & service,Temporary,14.09,3718,32.6,2.39,34.2
2025-Q4,Germany,Bavaria,Finance,Clerical & service,Temporary,14.3,3814,33.8,2.18,35.2
2021-Q1,Germany,Bavaria,ICT,Managers,Permanent,15.01,6302,36.1,4.39,91.2
2021-Q2,Germany,Bavaria,ICT,Managers,Permanent,15.49,6141,36.9,4.72,89.5
2021-Q3,Germany,Bavaria,ICT,Managers,Permanent,15.93,6219,35.7,4.58,85.2
2021-Q4,Germany,Bavaria,ICT,Managers,Permanent,15.96,6285,36.9,4.74,82.7
2022-Q1,Germany,Bavaria,ICT,Managers,Permanent,15.85,6427,36.5,5.5,83.2
2022-Q2,Germany,Bavaria,ICT,Managers,Permanent,15.41,6456,36.8,5.36,82.1
2022-Q3,Germany,Bavaria,ICT,Managers,Permanent,16.03,6557,35.6,5.64,80.7
2022-Q4,Germany,Bavaria,ICT,Managers,Permanent,15.65,6657,37.1,4.47,80.5
2023-Q1,Germany,Bavaria,ICT,Managers,Permanent,15.45,6684,36.2,5.11,78.5
2023-Q2,Germany,Bavaria,ICT,Managers,Permanent,16.15,6807,36.7,6.18,78.9
2023-Q3,Germany,Bavaria,ICT,Managers,Permanent,16.86,6916,35.7,5.75,78.1
2023-Q4,Germany,Bavaria,ICT,Managers,Permanent,15.67,7084,36.9,4.91,77.1
2024-Q1,Germany,Bavaria,ICT,Managers,Permanent,15.9,7133,36.1,4.41,77.1
2024-Q2,Germany,Bavaria,ICT,Managers,Permanent,16.24,7200,36.7,4.75,73.6
2024-Q3,Germany,Bavaria,ICT,Managers,Permanent,16.84,7323,36.0,4.56,75.7
2024-Q4,Germany,Bavaria,ICT,Managers,Permanent,16.36,7316,37.0,4.16,76.8
2025-Q1,Germany,Bavaria,ICT,Managers,Permanent,16.14,7440,36.2,3.89,74.6
2025-Q2,Germany,Bavaria,ICT,Managers,Permanent,16.87,7560,36.9,4.04,77.9
2025-Q3,Germany,Bavaria,ICT,Managers,Permanent,17.23,7651,36.1,4.15,76.4
2025-Q4,Germany,Bavaria,ICT,Managers,Permanent,16.29,7714,36.9,3.85,73.3
2021-Q1,Germany,Bavaria,ICT,Managers,Self-employed,3.41,6199,40.5,4.82,92
2021-Q2,Germany,Bavaria,ICT,Managers,Self-employed,3.62,6292,41.1,5.4,92
2021-Q3,Germany,Bavaria,ICT,Managers,Self-employed,3.77,6341,40.4,5.46,92
2021-Q4,Germany,Bavaria,ICT,Managers,Self-employed,3.49,6563,41.4,5.3,92
2022-Q1,Germany,Bavaria,ICT,Managers,Self-employed,3.56,6543,40.7,5.56,92
2022-Q2,Germany,Bavaria,ICT,Managers,Self-employed,3.72,6664,41.0,5.96,92
2022-Q3,Germany,Bavaria,ICT,Managers,Self-employed,3.72,6668,40.3,6.2,91.6
2022-Q4,Germany,Bavaria,ICT,Managers,Self-employed,3.63,6774,41.4,5.99,92
2023-Q1,Germany,Bavaria,ICT,Managers,Self-employed,3.6,6808,40.4,5.64,90.5
2023-Q2,Germany,Bavaria,ICT,Managers,Self-employed,3.76,6910,41.0,5.58,90.1
2023-Q3,Germany,Bavaria,ICT,Managers,Self-employed,3.79,7115,40.4,5.68,88.1
2023-Q4,Germany,Bavaria,ICT,Managers,Self-employed,3.73,7168,41.8,5.38,89.1
2024-Q1,Germany,Bavaria,ICT,Managers,Self-employed,3.77,7281,40.6,4.82,85.9
2024-Q2,Germany,Bavaria,ICT,Managers,Self-employed,3.77,7381,41.2,4.69,87.3
2024-Q3,Germany,Bavaria,ICT,Managers,Self-employed,3.79,7358,40.2,4.77,87.3
2024-Q4,Germany,Bavaria,ICT,Managers,Self-employed,3.74,7459,41.2,5.2,86.6
2025-Q1,Germany,Bavaria,ICT,Managers,Self-employed,3.77,7493,40.2,4.56,87.4
2025-Q2,Germany,Bavaria,ICT,Managers,Self-employed,3.78,7642,41.1,4.78,86.6
2025-Q3,Germany,Bavaria,ICT,Managers,Self-employed,3.97,7834,40.5,4.43,89.4
2025-Q4,Germany,Bavaria,ICT,Managers,Self-employed,3.81,7899,41.4,4.6,86.7
2021-Q1,Germany,Bavaria,ICT,Professionals,Permanent,33.61,5402,36.4,5.11,92
2021-Q2,Germany,Bavaria,ICT,Professionals,Permanent,33.84,5591,36.8,4.96,90.9
2021-Q3,Germany,Bavaria,ICT,Professionals,Permanent,34.96,5585,36.0,4.56,92
2021-Q4,Germany,Bavaria,ICT,Professionals,Permanent,35.41,5677,37.0,4.69,91.9
2022-Q1,Germany,Bavaria,ICT,Professionals,Permanent,34.36,5721,36.4,4.86,89.1
2022-Q2,Germany,Bavaria,ICT,Professionals,Permanent,35.67,5841,36.7,5.03,88.0
2022-Q3,Germany,Bavaria,ICT,Professionals,Permanent,35.92,5969,35.9,5.53,88.6
2022-Q4,Germany,Bavaria,ICT,Professionals,Permanent,35.89,5995,36.9,5.05,84.2
2023-Q1,Germany,Bavaria,ICT,Professionals,Permanent,35.87,6045,36.1,5.22,82.0
2023-Q2,Germany,Bavaria,ICT,Professionals,Permanent,35.86,6167,36.9,5.38,83.7
2023-Q3,Germany,Bavaria,ICT,Professionals,Permanent,37.55,6249,35.7,5.05,81.6
2023-Q4,Germany,Bavaria,ICT,Professionals,Permanent,34.63,6237,37.3,5.39,81.1
2024-Q1,Germany,Bavaria,ICT,Professionals,Permanent,35.86,6298,36.2,4.96,79.3
2024-Q2,Germany,Bavaria,ICT,Professionals,Permanent,37.33,6353,36.7,4.32,80.0
2024-Q3,Germany,Bavaria,ICT,Professionals,Permanent,37.43,6535,35.9,4.71,80.1
2024-Q4,Germany,Bavaria,ICT,Professionals,Permanent,36.86,6653,37.1,4.63,80.1
2025-Q1,Germany,Bavaria,ICT,Professionals,Permanent,37.07,6614,36.5,4.56,81.2
2025-Q2,Germany,Bavaria,ICT,Professionals,Permanent,37.05,6694,36.9,4.22,80.7
2025-Q3,Germany,Bavaria,ICT,Professionals,Permanent,37.39,6933,36.2,4.11,80.0
2025-Q4,Germany,Bavaria,ICT,Professionals,Permanent,37.54,6953,36.9,3.86,82.5
2021-Q1,Germany,Bavaria,ICT,Professionals,Temporary,10.78,4366,32.7,4.85,85.9
2021-Q2,Germany,Bavaria,ICT,Professionals,Temporary,11.19,4374,33.3,4.45,83.6
2021-Q3,Germany,Bavaria,ICT,Professionals,Temporary,11.28,4437,32.2,5.01,82.2
2021-Q4,Germany,Bavaria,ICT,Professionals,Temporary,10.72,4481,33.3,5.29,82.8
2022-Q1,Germany,Bavaria,ICT,Professionals,Temporary,10.93,4458,33.1,5.57,84.0
2022-Q2,Germany,Bavaria,ICT,Professionals,Temporary,11.28,4601,33.2,6.16,78.4
2022-Q3,Germany,Bavaria,ICT,Professionals,Temporary,11.74,4663,32.2,6.67,80.5
2022-Q4,Germany,Bavaria,ICT,Professionals,Temporary,11.31,4687,33.5,6.03,77.0
2023-Q1,Germany,Bavaria,ICT,Professionals,Temporary,11.12,4769,32.8,5.64,75.4
2023-Q2,Germany,Bavaria,ICT,Professionals,Temporary,11.75,4812,33.0,6.32,75.9
2023-Q3,Germany,Bavaria,ICT,Professionals,Temporary,11.9,4966,32.2,6.01,75.2
2023-Q4,Germany,Bavaria,ICT,Professionals,Temporary,11.52,4924,33.7,5.3,73.2
2024-Q1,Germany,Bavaria,ICT,Professionals,Temporary,11.49,5005,32.9,5.3,73.4
2024-Q2,Germany,Bavaria,ICT,Professionals,Temporary,12.06,5102,33.0,4.81,73.5
2024-Q3,Germany,Bavaria,ICT,Professionals,Temporary,12.01,5009,32.2,5.4,73.8
2024-Q4,Germany,Bavaria,ICT,Professionals,Temporary,11.64,5159,33.4,4.53,74.0
2025-Q1,Germany,Bavaria,ICT,Professionals,Temporary,11.67,5210,32.8,4.41,72.5
2025-Q2,Germany,Bavaria,ICT,Professionals,Temporary,12.22,5427,33.5,4.72,74.1
2025-Q3,Germany,Bavaria,ICT,Professionals,Temporary,12.16,5413,32.5,4.76,73.5
2025-Q4,Germany,Bavaria,ICT,Professionals,Temporary,12.56,5436,33.4,4.79,73.6
2021-Q1,Germany,Bavaria,ICT,Professionals,Self-employed,8.29,5649,40.4,4.27,92
2021-Q2,Germany,Bavaria,ICT,Professionals,Self-employed,8.81,5758,41.3,4.71,92
2021-Q3,Germany,Bavaria,ICT,Professionals,Self-employed,8.53,5891,39.9,4.73,92
2021-Q4,Germany,Bavaria,ICT,Professionals,Self-employed,8.45,5964,41.2,4.51,92
2022-Q1,Germany,Bavaria,ICT,Professionals,Self-employed,8.39,6005,40.2,5.32,92
2022-Q2,Germany,Bavaria,ICT,Professionals,Self-employed,8.8,6057,40.6,5.68,92
2022-Q3,Germany,Bavaria,ICT,Professionals,Self-employed,8.71,6123,40.1,5.56,92
2022-Q4,Germany,Bavaria,ICT,Professionals,Self-employed,8.66,6222,41.1,5.24,92
2023-Q1,Germany,Bavaria,ICT,Professionals,Self-employed,8.46,6281,40.6,5.38,92
2023-Q2,Germany,Bavaria,ICT,Professionals,Self-employed,8.8,6465,40.8,5.91,92
2023-Q3,Germany,Bavaria,ICT,Professionals,Self-employed,9.1,6430,39.7,5.96,92
2023-Q4,Germany,Bavaria,ICT,Professionals,Self-employed,8.85,6505,41.4,5.17,92
2024-Q1,Germany,Bavaria,ICT,Professionals,Self-employed,8.65,6701,40.0,4.83,92
2024-Q2,Germany,Bavaria,ICT,Professionals,Self-employed,8.88,6714,41.3,4.51,90.9
2024-Q3,Germany,Bavaria,ICT,Professionals,Self-employed,9.34,6668,39.9,4.47,92
2024-Q4,Germany,Bavaria,ICT,Professionals,Self-employed,9.02,6797,40.9,4.56,92
2025-Q1,Germany,Bavaria,ICT,Professionals,Self-employed,9.14,6987,40.7,4.47,92
2025-Q2,Germany,Bavaria,ICT,Professionals,Self-employed,9.09,7008,41.0,4.51,91.3
2025-Q3,Germany,Bavaria,ICT,Professionals,Self-employed,9.61,7061,40.0,4.34,92
2025-Q4,Germany,Bavaria,ICT,Professionals,Self-employed,9.45,7217,41.2,4.28,92
2021-Q1,Germany,Bavaria,ICT,Technicians,Permanent,32.02,4606,36.0,4.55,71.4
2021-Q2,Germany,Bavaria,ICT,Technicians,Permanent,32.48,4628,36.6,4.78,70.7
2021-Q3,Germany,Bavaria,ICT,Technicians,Permanent,33.1,4660,35.4,4.48,67.2
2021-Q4,Germany,Bavaria,ICT,Technicians,Permanent,32.95,4624,36.4,5.2,67.6
2022-Q1,Germany,Bavaria,ICT,Technicians,Permanent,31.35,4763,36.0,5.79,66.0
2022-Q2,Germany,Bavaria,ICT,Technicians,Permanent,33.3,4849,36.4,5.09,63.3
2022-Q3,Germany,Bavaria,ICT,Technicians,Permanent,33.02,4968,35.8,5.51,63.4
2022-Q4,Germany,Bavaria,ICT,Technicians,Permanent,32.77,4908,36.2,5.98,65.2
2023-Q1,Germany,Bavaria,ICT,Technicians,Permanent,32.91,5028,35.8,5.48,61.1
2023-Q2,Germany,Bavaria,ICT,Technicians,Permanent,33.5,5119,36.4,5.21,63.4
2023-Q3,Germany,Bavaria,ICT,Technicians,Permanent,34.24,5118,35.6,5.42,58.9
2023-Q4,Germany,Bavaria,ICT,Technicians,Permanent,34.76,5219,36.6,4.97,60.9
2024-Q1,Germany,Bavaria,ICT,Technicians,Permanent,32.98,5339,35.8,5.02,57.0
2024-Q2,Germany,Bavaria,ICT,Technicians,Permanent,35.21,5383,36.1,3.94,59.3
2024-Q3,Germany,Bavaria,ICT,Technicians,Permanent,35.19,5474,35.3,4.82,59.5
2024-Q4,Germany,Bavaria,ICT,Technicians,Permanent,33.94,5536,36.4,4.13,58.3
2025-Q1,Germany,Bavaria,ICT,Technicians,Permanent,34.55,5586,35.8,4.75,59.5
2025-Q2,Germany,Bavaria,ICT,Technicians,Permanent,35.0,5676,36.0,4.53,59.1
2025-Q3,Germany,Bavaria,ICT,Technicians,Permanent,35.62,5671,35.8,4.17,59.1
2025-Q4,Germany,Bavaria,ICT,Technicians,Permanent,36.08,5727,36.0,4.16,63.2
2021-Q1,Germany,Bavaria,ICT,Technicians,Temporary,8.48,3684,32.3,4.9,65.0
2021-Q2,Germany,Bavaria,ICT,Technicians,Temporary,8.91,3745,33.2,4.36,62.4
2021-Q3,Germany,Bavaria,ICT,Technicians,Temporary,9.16,3807,32.0,5.24,61.0
2021-Q4,Germany,Bavaria,ICT,Technicians,Temporary,9.12,3840,33.7,5.63,62.2
2022-Q1,Germany,Bavaria,ICT,Technicians,Temporary,8.79,3885,32.8,4.95,60.7
2022-Q2,Germany,Bavaria,ICT,Technicians,Temporary,8.97,3863,33.3,5.27,60.7
2022-Q3,Germany,Bavaria,ICT,Technicians,Temporary,9.02,3980,32.0,4.85,58.0
2022-Q4,Germany,Bavaria,ICT,Technicians,Temporary,9.02,3955,33.7,5.39,57.6
2023-Q1,Germany,Bavaria,ICT,Technicians,Temporary,8.65,4042,32.4,6.16,56.4
2023-Q2,Germany,Bavaria,ICT,Technicians,Temporary,9.26,4080,33.2,4.67,56.8
2023-Q3,Germany,Bavaria,ICT,Technicians,Temporary,9.31,4140,32.0,4.58,55.8
2023-Q4,Germany,Bavaria,ICT,Technicians,Temporary,9.15,4206,33.2,4.27,54.5
2024-Q1,Germany,Bavaria,ICT,Technicians,Temporary,9.09,4324,32.5,4.63,53.8
2024-Q2,Germany,Bavaria,ICT,Technicians,Temporary,9.68,4344,33.1,4.23,57.0
2024-Q3,Germany,Bavaria,ICT,Technicians,Temporary,9.23,4394,32.2,4.72,54.1
2024-Q4,Germany,Bavaria,ICT,Technicians,Temporary,8.93,4392,33.5,4.58,54.8
2025-Q1,Germany,Bavaria,ICT,Technicians,Temporary,9.29,4506,32.7,4.66,55.0
2025-Q2,Germany,Bavaria,ICT,Technicians,Temporary,9.5,4529,33.1,3.96,53.6
2025-Q3,Germany,Bavaria,ICT,Technicians,Temporary,10.05,4611,32.3,4.14,53.2
2025-Q4,Germany,Bavaria,ICT,Technicians,Temporary,9.33,4659,32.9,4.21,55.5
2021-Q1,Germany,Bavaria,Trade & hospitality,Managers,Permanent,30.65,4049,37.1,4.42,14.0
2021-Q2,Germany,Bavaria,Trade & hospitality,Managers,Permanent,30.87,4115,37.8,4.77,17.4
2021-Q3,Germany,Bavaria,Trade & hospitality,Managers,Permanent,31.36,4174,36.8,5.23,13.9
2021-Q4,Germany,Bavaria,Trade & hospitality,Managers,Permanent,31.95,4239,38.0,4.8,15.1
2022-Q1,Germany,Bavaria,Trade & hospitality,Managers,Permanent,31.01,4206,37.7,5.54,15.3
2022-Q2,Germany,Bavaria,Trade & hospitality,Managers,Permanent,32.42,4325,37.9,5.33,14.4
2022-Q3,Germany,Bavaria,Trade & hospitality,Managers,Permanent,33.04,4335,37.1,4.9,11.4
2022-Q4,Germany,Bavaria,Trade & hospitality,Managers,Permanent,31.89,4430,37.8,5.35,14.2
2023-Q1,Germany,Bavaria,Trade & hospitality,Managers,Permanent,30.77,4516,37.5,5.38,12.0
2023-Q2,Germany,Bavaria,Trade & hospitality,Managers,Permanent,32.91,4541,37.9,5.17,12.1
2023-Q3,Germany,Bavaria,Trade & hospitality,Managers,Permanent,32.57,4629,36.9,5.21,12.9
2023-Q4,Germany,Bavaria,Trade & hospitality,Managers,Permanent,32.15,4679,38.2,4.83,11.4
2024-Q1,Germany,Bavaria,Trade & hospitality,Managers,Permanent,32.19,4761,37.5,4.51,11.3
2024-Q2,Germany,Bavaria,Trade & hospitality,Managers,Permanent,32.71,4766,37.7,4.88,11.5
2024-Q3,Germany,Bavaria,Trade & hospitality,Managers,Permanent,33.32,4793,36.9,4.42,15.5
2024-Q4,Germany,Bavaria,Trade & hospitality,Managers,Permanent,32.9,4895,37.9,4.04,14.7
2025-Q1,Germany,Bavaria,Trade & hospitality,Managers,Permanent,32.09,4979,37.2,4.5,12.4
2025-Q2,Germany,Bavaria,Trade & hospitality,Managers,Permanent,33.79,4942,37.8,3.98,10.9
2025-Q3,Germany,Bavaria,Trade & hospitality,Managers,Permanent,33.37,5110,36.8,3.74,11.4
2025-Q4,Germany,Bavaria,Trade & hospitality,Managers,Permanent,33.41,5215,37.9,4.14,11.5
2021-Q1,Germany,Bavaria,Trade & hospitality,Managers,Self-employed,7.28,4374,42.0,4.53,16.1
2021-Q2,Germany,Bavaria,Trade & hospitality,Managers,Self-employed,7.41,4398,42.4,4.13,16.9
2021-Q3,Germany,Bavaria,Trade & hospitality,Managers,Self-employed,7.63,4483,41.3,4.47,15.7
2021-Q4,Germany,Bavaria,Trade & hospitality,Managers,Self-employed,7.3,4490,42.5,5.24,16.9
2022-Q1,Germany,Bavaria,Trade & hospitality,Managers,Self-employed,7.5,4558,41.8,4.57,15.6
2022-Q2,Germany,Bavaria,Trade & hospitality,Managers,Self-employed,7.84,4617,42.0,5.57,16.0
2022-Q3,Germany,Bavaria,Trade & hospitality,Managers,Self-employed,7.75,4628,41.3,5.36,16.1
2022-Q4,Germany,Bavaria,Trade & hospitality,Managers,Self-employed,7.49,4796,42.4,5.78,14.0
2023-Q1,Germany,Bavaria,Trade & hospitality,Managers,Self-employed,7.58,4803,42.1,4.97,13.8
2023-Q2,Germany,Bavaria,Trade & hospitality,Managers,Self-employed,7.72,4906,42.3,5.59,15.2
2023-Q3,Germany,Bavaria,Trade & hospitality,Managers,Self-employed,7.9,4937,41.4,5.46,13.9
2023-Q4,Germany,Bavaria,Trade & hospitality,Managers,Self-employed,7.77,5010,42.4,5.08,15.9
2024-Q1,Germany,Bavaria,Trade & hospitality,Managers,Self-employed,7.7,5130,41.7,4.96,14.0
2024-Q2,Germany,Bavaria,Trade & hospitality,Managers,Self-employed,7.82,5112,42.6,4.73,13.6
2024-Q3,Germany,Bavaria,Trade & hospitality,Managers,Self-employed,7.78,5156,41.5,4.59,15.0
2024-Q4,Germany,Bavaria,Trade & hospitality,Managers,Self-employed,7.59,5296,42.8,4.41,14.8
2025-Q1,Germany,Bavaria,Trade & hospitality,Managers,Self-employed,7.85,5331,42.0,4.24,12.6
2025-Q2,Germany,Bavaria,Trade & hospitality,Managers,Self-employed,7.92,5324,42.5,4.58,13.3
2025-Q3,Germany,Bavaria,Trade & hospitality,Managers,Self-employed,8.31,5350,41.1,3.85,12.6
2025-Q4,Germany,Bavaria,Trade & hospitality,Managers,Self-employed,8.03,5499,42.4,4.52,14.6
2021-Q1,Germany,Bavaria,Trade & hospitality,Clerical & service,Permanent,76.94,2386,37.3,4.78,10.0
2021-Q2,Germany,Bavaria,Trade & hospitality,Clerical & service,Permanent,79.35,2426,37.5,3.96,10.0
2021-Q3,Germany,Bavaria,Trade & hospitality,Clerical & service,Permanent,78.37,2449,37.4,4.52,9.7
2021-Q4,Germany,Bavaria,Trade & hospitality,Clerical & service,Permanent,76.95,2524,38.2,4.62,9.9
2022-Q1,Germany,Bavaria,Trade & hospitality,Clerical & service,Permanent,77.38,2501,37.1,5.4,9.0
2022-Q2,Germany,Bavaria,Trade & hospitality,Clerical & service,Permanent,80.95,2504,37.7,4.52,8.0
2022-Q3,Germany,Bavaria,Trade & hospitality,Clerical & service,Permanent,78.84,2567,37.0,5.67,11.9
2022-Q4,Germany,Bavaria,Trade & hospitality,Clerical & service,Permanent,76.24,2589,38.0,6.08,10.4
2023-Q1,Germany,Bavaria,Trade & hospitality,Clerical & service,Permanent,76.58,2649,37.1,5.05,10.1
2023-Q2,Germany,Bavaria,Trade & hospitality,Clerical & service,Permanent,81.04,2669,38.0,5.02,8.5
2023-Q3,Germany,Bavaria,Trade & hospitality,Clerical & service,Permanent,81.56,2727,36.7,4.98,9.0
2023-Q4,Germany,Bavaria,Trade & hospitality,Clerical & service,Permanent,79.45,2702,38.2,4.61,10.4
2024-Q1,Germany,Bavaria,Trade & hospitality,Clerical & service,Permanent,77.79,2805,37.5,4.73,8.0
2024-Q2,Germany,Bavaria,Trade & hospitality,Clerical & service,Permanent,82.26,2845,37.6,4.6,7.5
2024-Q3,Germany,Bavaria,Trade & hospitality,Clerical & service,Permanent,80.58,2855,37.0,4.36,7.7
2024-Q4,Germany,Bavaria,Trade & hospitality,Clerical & service,Permanent,78.79,2894,37.9,4.27,9.8
2025-Q1,Germany,Bavaria,Trade & hospitality,Clerical & service,Permanent,81.24,2933,37.4,4.25,7.1
2025-Q2,Germany,Bavaria,Trade & hospitality,Clerical & service,Permanent,84.66,2943,38.0,3.93,8.3
2025-Q3,Germany,Bavaria,Trade & hospitality,Clerical & service,Permanent,84.37,2946,36.8,4.05,9.1
2025-Q4,Germany,Bavaria,Trade & hospitality,Clerical & service,Permanent,84.98,3040,37.9,4.1,7.0
2021-Q1,Germany,Bavaria,Trade & hospitality,Clerical & service,Temporary,24.61,2007,34.0,3.75,8.1
2021-Q2,Germany,Bavaria,Trade & hospitality,Clerical & service,Temporary,25.29,2038,34.6,3.52,9.5
2021-Q3,Germany,Bavaria,Trade & hospitality,Clerical & service,Temporary,25.02,2045,33.6,4.49,10.8
2021-Q4,Germany,Bavaria,Trade & hospitality,Clerical & service,Temporary,25.27,2083,34.5,4.38,10.4
2022-Q1,Germany,Bavaria,Trade & hospitality,Clerical & service,Temporary,24.61,2093,33.9,4.52,8.0
2022-Q2,Germany,Bavaria,Trade & hospitality,Clerical & service,Temporary,24.84,2150,34.7,4.72,7.4
2022-Q3,Germany,Bavaria,Trade & hospitality,Clerical & service,Temporary,25.84,2177,33.7,5.33,8.1
2022-Q4,Germany,Bavaria,Trade & hospitality,Clerical & service,Temporary,25.03,2169,34.9,4.39,7.1
2023-Q1,Germany,Bavaria,Trade & hospitality,Clerical & service,Temporary,25.17,2198,33.8,4.94,6.6
2023-Q2,Germany,Bavaria,Trade & hospitality,Clerical & service,Temporary,25.43,2263,33.9,5.11,6.9
2023-Q3,Germany,Bavaria,Trade & hospitality,Clerical & service,Temporary,26.22,2271,33.9,4.37,8.0
2023-Q4,Germany,Bavaria,Trade & hospitality,Clerical & service,Temporary,25.58,2313,34.7,4.39,6.4
2024-Q1,Germany,Bavaria,Trade & hospitality,Clerical & service,Temporary,25.11,2354,33.7,4.29,8.1
2024-Q2,Germany,Bavaria,Trade & hospitality,Clerical & service,Temporary,25.79,2372,34.5,4.25,6.1
2024-Q3,Germany,Bavaria,Trade & hospitality,Clerical & service,Temporary,26.61,2399,33.4,3.94,9.3
2024-Q4,Germany,Bavaria,Trade & hospitality,Clerical & service,Temporary,25.7,2414,34.6,3.74,9.0
2025-Q1,Germany,Bavaria,Trade & hospitality,Clerical & service,Temporary,24.29,2463,33.9,3.79,6.7
2025-Q2,Germany,Bavaria,Trade & hospitality,Clerical & service,Temporary,26.82,2471,34.7,3.92,9.2
2025-Q3,Germany,Bavaria,Trade & hospitality,Clerical & service,Temporary,26.57,2523,33.2,3.92,6.5
2025-Q4,Germany,Bavaria,Trade & hospitality,Clerical & service,Temporary,26.86,2519,34.4,3.6,7.2
2021-Q1,Germany,Bavaria,Trade & hospitality,Production & trades,Permanent,82.42,2514,37.1,4.25,4.7
2021-Q2,Germany,Bavaria,Trade & hospitality,Production & trades,Permanent,84.16,2554,37.5,3.76,4.2
2021-Q3,Germany,Bavaria,Trade & hospitality,Production & trades,Permanent,87.36,2613,36.5,4.51,6.1
2021-Q4,Germany,Bavaria,Trade & hospitality,Production & trades,Permanent,86.0,2614,37.8,4.3,2.9
2022-Q1,Germany,Bavaria,Trade & hospitality,Production & trades,Permanent,83.89,2654,37.3,4.43,2.3
2022-Q2,Germany,Bavaria,Trade & hospitality,Production & trades,Permanent,87.37,2685,37.7,4.98,5.6
2022-Q3,Germany,Bavaria,Trade & hospitality,Production & trades,Permanent,89.21,2746,36.4,5.06,3.2
2022-Q4,Germany,Bavaria,Trade & hospitality,Production & trades,Permanent,86.6,2739,37.9,4.98,6.5
2023-Q1,Germany,Bavaria,Trade & hospitality,Production & trades,Permanent,84.61,2802,36.7,4.96,3.5
2023-Q2,Germany,Bavaria,Trade & hospitality,Production & trades,Permanent,87.34,2817,38.0,4.56,4.6
2023-Q3,Germany,Bavaria,Trade & hospitality,Production & trades,Permanent,89.7,2850,36.7,4.78,3.3
2023-Q4,Germany,Bavaria,Trade & hospitality,Production & trades,Permanent,89.23,2856,37.8,4.43,3.0
2024-Q1,Germany,Bavaria,Trade & hospitality,Production & trades,Permanent,88.65,2903,36.9,4.43,2.5
2024-Q2,Germany,Bavaria,Trade & hospitality,Production & trades,Permanent,89.7,2955,37.9,4.08,1.2
2024-Q3,Germany,Bavaria,Trade & hospitality,Production & trades,Permanent,90.97,2989,36.8,3.62,0.9
2024-Q4,Germany,Bavaria,Trade & hospitality,Production & trades,Permanent,88.99,3067,37.5,3.84,1.9
2025-Q1,Germany,Bavaria,Trade & hospitality,Production & trades,Permanent,85.17,3083,37.0,3.98,4.1
2025-Q2,Germany,Bavaria,Trade & hospitality,Production & trades,Permanent,91.22,3078,37.6,3.73,1.7
2025-Q3,Germany,Bavaria,Trade & hospitality,Production & trades,Permanent,92.66,3146,36.6,3.66,3.5
2025-Q4,Germany,Bavaria,Trade & hospitality,Production & trades,Permanent,93.08,3202,37.8,3.92,4.2
2021-Q1,Germany,Bavaria,Trade & hospitality,Production & trades,Temporary,24.2,1988,33.6,4.28,5.0
2021-Q2,Germany,Bavaria,Trade & hospitality,Production & trades,Temporary,24.45,2022,34.1,4.2,3.5
2021-Q3,Germany,Bavaria,Trade & hospitality,Production & trades,Temporary,24.05,2045,33.5,4.87,3.4
2021-Q4,Germany,Bavaria,Trade & hospitality,Production & trades,Temporary,24.75,2059,34.4,4.76,3.4
2022-Q1,Germany,Bavaria,Trade & hospitality,Production & trades,Temporary,23.97,2103,33.5,5.12,2.5
2022-Q2,Germany,Bavaria,Trade & hospitality,Production & trades,Temporary,25.54,2093,33.9,4.82,3.6
2022-Q3,Germany,Bavaria,Trade & hospitality,Production & trades,Temporary,25.09,2143,33.2,5.15,3.8
2022-Q4,Germany,Bavaria,Trade & hospitality,Production & trades,Temporary,25.33,2157,34.5,4.95,3.5
2023-Q1,Germany,Bavaria,Trade & hospitality,Production & trades,Temporary,24.78,2194,33.3,4.78,3.5
2023-Q2,Germany,Bavaria,Trade & hospitality,Production & trades,Temporary,25.19,2219,33.9,4.76,3.0
2023-Q3,Germany,Bavaria,Trade & hospitality,Production & trades,Temporary,26.27,2245,33.0,5.27,3.0
2023-Q4,Germany,Bavaria,Trade & hospitality,Production & trades,Temporary,25.26,2292,34.2,4.51,3.1
2024-Q1,Germany,Bavaria,Trade & hospitality,Production & trades,Temporary,25.54,2352,33.2,4.39,2.1
2024-Q2,Germany,Bavaria,Trade & hospitality,Production & trades,Temporary,25.67,2314,33.8,4.16,5.3
2024-Q3,Germany,Bavaria,Trade & hospitality,Production & trades,Temporary,25.43,2372,33.0,3.9,3.1
2024-Q4,Germany,Bavaria,Trade & hospitality,Production & trades,Temporary,26.01,2383,34.2,4.12,4.6
2025-Q1,Germany,Bavaria,Trade & hospitality,Production & trades,Temporary,25.96,2416,33.8,4.02,2.7
2025-Q2,Germany,Bavaria,Trade & hospitality,Production & trades,Temporary,25.94,2464,34.2,4.06,4.1
2025-Q3,Germany,Bavaria,Trade & hospitality,Production & trades,Temporary,26.08,2486,33.4,3.62,2.0
2025-Q4,Germany,Bavaria,Trade & hospitality,Production & trades,Temporary,26.3,2520,34.0,3.51,0.0
2021-Q1,Germany,Bavaria,Trade & hospitality,Production & trades,Self-employed,19.82,2877,41.8,4.28,3.2
2021-Q2,Germany,Bavaria,Trade & hospitality,Production & trades,Self-employed,20.12,2886,42.1,4.06,4.5
2021-Q3,Germany,Bavaria,Trade & hospitality,Production & trades,Self-employed,20.22,2967,41.0,4.78,5.0
2021-Q4,Germany,Bavaria,Trade & hospitality,Production & trades,Self-employed,20.04,2987,42.4,4.31,4.7
2022-Q1,Germany,Bavaria,Trade & hospitality,Production & trades,Self-employed,19.67,3004,41.6,5.11,4.1
2022-Q2,Germany,Bavaria,Trade & hospitality,Production & trades,Self-employed,20.27,3054,42.3,5.36,3.0
2022-Q3,Germany,Bavaria,Trade & hospitality,Production & trades,Self-employed,20.69,3123,41.5,5.29,3.8
2022-Q4,Germany,Bavaria,Trade & hospitality,Production & trades,Self-employed,19.85,3124,42.7,5.63,3.2
2023-Q1,Germany,Bavaria,Trade & hospitality,Production & trades,Self-employed,20.16,3195,41.9,5.04,4.3
2023-Q2,Germany,Bavaria,Trade & hospitality,Production & trades,Self-employed,20.34,3202,42.0,4.45,3.2
2023-Q3,Germany,Bavaria,Trade & hospitality,Production & trades,Self-employed,20.95,3250,41.3,4.64,5.2
2023-Q4,Germany,Bavaria,Trade & hospitality,Production & trades,Self-employed,20.29,3292,42.3,4.89,3.0
2024-Q1,Germany,Bavaria,Trade & hospitality,Production & trades,Self-employed,20.62,3378,41.9,4.38,3.4
2024-Q2,Germany,Bavaria,Trade & hospitality,Production & trades,Self-employed,21.01,3396,42.7,4.27,2.6
2024-Q3,Germany,Bavaria,Trade & hospitality,Production & trades,Self-employed,21.64,3444,41.0,4.3,3.8
2024-Q4,Germany,Bavaria,Trade & hospitality,Production & trades,Self-employed,20.51,3429,42.6,4.13,3.4
2025-Q1,Germany,Bavaria,Trade & hospitality,Production & trades,Self-employed,20.59,3542,41.9,4.43,3.0
2025-Q2,Germany,Bavaria,Trade & hospitality,Production & trades,Self-employed,21.52,3548,42.3,4.38,5.6
2025-Q3,Germany,Bavaria,Trade & hospitality,Production & trades,Self-employed,21.39,3643,41.3,3.87,4.9
2025-Q4,Germany,Bavaria,Trade & hospitality,Production & trades,Self-employed,21.0,3607,42.3,3.78,2.5
2021-Q1,Germany,North Rhine-Westphalia,Manufacturing,Managers,Permanent,29.19,5138,37.7,2.96,17.6
2021-Q2,Germany,North Rhine-Westphalia,Manufacturing,Managers,Permanent,30.85,5220,37.7,3.64,19.1
2021-Q3,Germany,North Rhine-Westphalia,Manufacturing,Managers,Permanent,30.01,5220,36.8,3.35,16.5
2021-Q4,Germany,North Rhine-Westphalia,Manufacturing,Managers,Permanent,30.12,5286,38.1,3.79,17.7
2022-Q1,Germany,North Rhine-Westphalia,Manufacturing,Managers,Permanent,29.39,5278,37.4,3.31,17.5
2022-Q2,Germany,North Rhine-Westphalia,Manufacturing,Managers,Permanent,30.47,5457,37.9,3.84,18.8
2022-Q3,Germany,North Rhine-Westphalia,Manufacturing,Managers,Permanent,30.78,5436,36.9,3.88,18.8
2022-Q4,Germany,North Rhine-Westphalia,Manufacturing,Managers,Permanent,28.62,5561,38.2,3.65,16.8
2023-Q1,Germany,North Rhine-Westphalia,Manufacturing,Managers,Permanent,29.63,5710,37.4,4.34,16.6
2023-Q2,Germany,North Rhine-Westphalia,Manufacturing,Managers,Permanent,30.42,5766,37.9,4.12,15.7
2023-Q3,Germany,North Rhine-Westphalia,Manufacturing,Managers,Permanent,29.73,5733,37.4,3.7,14.8
2023-Q4,Germany,North Rhine-Westphalia,Manufacturing,Managers,Permanent,31.18,5833,37.6,3.45,13.8
2024-Q1,Germany,North Rhine-Westphalia,Manufacturing,Managers,Permanent,29.6,5922,37.5,3.16,17.5
2024-Q2,Germany,North Rhine-Westphalia,Manufacturing,Managers,Permanent,30.75,6046,38.2,3.2,15.4
2024-Q3,Germany,North Rhine-Westphalia,Manufacturing,Managers,Permanent,31.13,6090,37.3,3.17,14.5
2024-Q4,Germany,North Rhine-Westphalia,Manufacturing,Managers,Permanent,31.33,6119,38.3,3.54,15.8
2025-Q1,Germany,North Rhine-Westphalia,Manufacturing,Managers,Permanent,31.04,6205,37.7,3.06,16.6
2025-Q2,Germany,North Rhine-Westphalia,Manufacturing,Managers,Permanent,31.85,6352,37.8,3.06,15.9
2025-Q3,Germany,North Rhine-Westphalia,Manufacturing,Managers,Permanent,31.67,6360,37.2,3.16,16.5
2025-Q4,Germany,North Rhine-Westphalia,Manufacturing,Managers,Permanent,31.02,6573,38.3,2.92,15.5
2021-Q1,Germany,North Rhine-Westphalia,Manufacturing,Managers,Self-employed,6.65,5585,42.2,3.49,21.6
2021-Q2,Germany,North Rhine-Westphalia,Manufacturing,Managers,Self-employed,6.74,5641,42.5,3.31,20.5
2021-Q3,Germany,North Rhine-Westphalia,Manufacturing,Managers,Self-employed,7.22,5656,41.5,3.6,21.5
2021-Q4,Germany,North Rhine-Westphalia,Manufacturing,Managers,Self-employed,6.84,5849,42.3,3.46,20.5
2022-Q1,Germany,North Rhine-Westphalia,Manufacturing,Managers,Self-employed,6.58,5893,42.0,3.62,21.3
2022-Q2,Germany,North Rhine-Westphalia,Manufacturing,Managers,Self-employed,7.23,5979,42.4,3.71,19.3
2022-Q3,Germany,North Rhine-Westphalia,Manufacturing,Managers,Self-employed,6.88,6034,41.3,3.61,19.1
2022-Q4,Germany,North Rhine-Westphalia,Manufacturing,Managers,Self-employed,6.93,6092,42.8,3.73,18.8
2023-Q1,Germany,North Rhine-Westphalia,Manufacturing,Managers,Self-employed,6.91,6193,42.0,3.79,18.3
2023-Q2,Germany,North Rhine-Westphalia,Manufacturing,Managers,Self-employed,7.25,6239,42.7,4.1,17.1
2023-Q3,Germany,North Rhine-Westphalia,Manufacturing,Managers,Self-employed,7.07,6317,41.5,3.77,19.0
2023-Q4,Germany,North Rhine-Westphalia,Manufacturing,Managers,Self-employed,7.07,6425,42.5,3.74,18.3
2024-Q1,Germany,North Rhine-Westphalia,Manufacturing,Managers,Self-employed,6.99,6458,42.1,3.5,18.3
2024-Q2,Germany,North Rhine-Westphalia,Manufacturing,Managers,Self-employed,7.23,6581,42.7,3.31,17.7
2024-Q3,Germany,North Rhine-Westphalia,Manufacturing,Managers,Self-employed,7.01,6702,41.0,3.16,16.7
2024-Q4,Germany,North Rhine-Westphalia,Manufacturing,Managers,Self-employed,6.96,6725,42.2,3.53,17.8
2025-Q1,Germany,North Rhine-Westphalia,Manufacturing,Managers,Self-employed,6.95,6843,41.8,3.04,19.0
2025-Q2,Germany,North Rhine-Westphalia,Manufacturing,Managers,Self-employed,7.26,6944,42.0,3.01,16.9
2025-Q3,Germany,North Rhine-Westphalia,Manufacturing,Managers,Self-employed,7.41,7022,41.3,3.25,20.8
2025-Q4,Germany,North Rhine-Westphalia,Manufacturing,Managers,Self-employed,7.15,7059,42.8,3.03,17.6
2021-Q1,Germany,North Rhine-Westphalia,Manufacturing,Professionals,Permanent,64.74,3996,37.4,3.42,22.0
2021-Q2,Germany,North Rhine-Westphalia,Manufacturing,Professionals,Permanent,67.94,4048,37.9,3.31,20.3
2021-Q3,Germany,North Rhine-Westphalia,Manufacturing,Professionals,Permanent,70.28,4055,37.0,3.63,19.4
2021-Q4,Germany,North Rhine-Westphalia,Manufacturing,Professionals,Permanent,66.69,4147,38.1,3.83,19.3
2022-Q1,Germany,North Rhine-Westphalia,Manufacturing,Professionals,Permanent,67.11,4272,37.1,3.51,17.8
2022-Q2,Germany,North Rhine-Westphalia,Manufacturing,Professionals,Permanent,69.85,4296,37.9,3.67,18.5
2022-Q3,Germany,North Rhine-Westphalia,Manufacturing,Professionals,Permanent,72.74,4307,36.6,4.19,15.4
2022-Q4,Germany,North Rhine-Westphalia,Manufacturing,Professionals,Permanent,66.71,4369,38.0,3.84,19.4
2023-Q1,Germany,North Rhine-Westphalia,Manufacturing,Professionals,Permanent,67.24,4433,37.6,4.1,17.8
2023-Q2,Germany,North Rhine-Westphalia,Manufacturing,Professionals,Permanent,70.77,4399,37.9,3.85,14.7
2023-Q3,Germany,North Rhine-Westphalia,Manufacturing,Professionals,Permanent,72.37,4529,36.8,3.57,16.1
2023-Q4,Germany,North Rhine-Westphalia,Manufacturing,Professionals,Permanent,69.73,4587,37.9,3.76,17.4
2024-Q1,Germany,North Rhine-Westphalia,Manufacturing,Professionals,Permanent,68.48,4689,37.4,3.6,17.3
2024-Q2,Germany,North Rhine-Westphalia,Manufacturing,Professionals,Permanent,72.67,4797,37.8,3.73,16.7
2024-Q3,Germany,North Rhine-Westphalia,Manufacturing,Professionals,Permanent,70.64,4741,36.7,3.4,16.4
2024-Q4,Germany,North Rhine-Westphalia,Manufacturing,Professionals,Permanent,71.94,4810,38.1,3.15,17.3
2025-Q1,Germany,North Rhine-Westphalia,Manufacturing,Professionals,Permanent,70.61,4881,37.2,3.02,15.4
2025-Q2,Germany,North Rhine-Westphalia,Manufacturing,Professionals,Permanent,73.34,4979,37.9,3.35,16.0
2025-Q3,Germany,North Rhine-Westphalia,Manufacturing,Professionals,Permanent,72.9,4979,37.2,3.18,17.3
2025-Q4,Germany,North Rhine-Westphalia,Manufacturing,Professionals,Permanent,70.98,5092,37.8,3.13,18.1
2021-Q1,Germany,North Rhine-Westphalia,Manufacturing,Professionals,Temporary,23.45,3609,34.2,3.14,18.7
2021-Q2,Germany,North Rhine-Westphalia,Manufacturing,Professionals,Temporary,23.78,3588,34.5,3.78,18.6
2021-Q3,Germany,North Rhine-Westphalia,Manufacturing,Professionals,Temporary,24.37,3676,33.5,3.25,18.9
2021-Q4,Germany,North Rhine-Westphalia,Manufacturing,Professionals,Temporary,23.07,3731,34.8,3.23,18.4
2022-Q1,Germany,North Rhine-Westphalia,Manufacturing,Professionals,Temporary,23.45,3771,34.1,3.71,17.0
2022-Q2,Germany,North Rhine-Westphalia,Manufacturing,Professionals,Temporary,24.29,3751,34.2,4.05,17.6
2022-Q3,Germany,North Rhine-Westphalia,Manufacturing,Professionals,Temporary,23.95,3878,33.5,3.51,14.8
2022-Q4,Germany,North Rhine-Westphalia,Manufacturing,Professionals,Temporary,23.28,3953,34.5,3.67,15.3
2023-Q1,Germany,North Rhine-Westphalia,Manufacturing,Professionals,Temporary,23.33,4011,33.9,4.01,16.9
2023-Q2,Germany,North Rhine-Westphalia,Manufacturing,Professionals,Temporary,24.85,3989,34.3,4.11,16.7
2023-Q3,Germany,North Rhine-Westphalia,Manufacturing,Professionals,Temporary,24.65,4050,34.0,3.57,17.7
2023-Q4,Germany,North Rhine-Westphalia,Manufacturing,Professionals,Temporary,24.03,4087,34.7,3.82,14.3
2024-Q1,Germany,North Rhine-Westphalia,Manufacturing,Professionals,Temporary,24.53,4147,33.9,3.58,16.0
2024-Q2,Germany,North Rhine-Westphalia,Manufacturing,Professionals,Temporary,24.48,4208,34.3,3.18,13.9
2024-Q3,Germany,North Rhine-Westphalia,Manufacturing,Professionals,Temporary,24.93,4241,33.7,3.67,16.1
2024-Q4,Germany,North Rhine-Westphalia,Manufacturing,Professionals,Temporary,24.37,4269,34.4,3.41,16.0
2025-Q1,Germany,North Rhine-Westphalia,Manufacturing,Professionals,Temporary,24.69,4302,34.1,3.06,17.2
2025-Q2,Germany,North Rhine-Westphalia,Manufacturing,Professionals,Temporary,26.08,4430,34.5,2.86,15.5
2025-Q3,Germany,North Rhine-Westphalia,Manufacturing,Professionals,Temporary,25.36,4495,33.5,3.14,15.6
2025-Q4,Germany,North Rhine-Westphalia,Manufacturing,Professionals,Temporary,25.51,4506,34.6,3.04,16.1
2021-Q1,Germany,North Rhine-Westphalia,Manufacturing,Professionals,Self-employed,15.11,4571,42.0,3.82,23.8
2021-Q2,Germany,North Rhine-Westphalia,Manufacturing,Professionals,Self-employed,15.45,4616,42.7,3.51,23.1
2021-Q3,Germany,North Rhine-Westphalia,Manufacturing,Professionals,Self-employed,16.55,4641,41.5,3.43,21.9
2021-Q4,Germany,North Rhine-Westphalia,Manufacturing,Professionals,Self-employed,15.54,4697,42.3,4.02,21.7
2022-Q1,Germany,North Rhine-Westphalia,Manufacturing,Professionals,Self-employed,15.04,4800,41.9,4.53,21.1
2022-Q2,Germany,North Rhine-Westphalia,Manufacturing,Professionals,Self-employed,15.57,4801,42.4,4.16,21.2
2022-Q3,Germany,North Rhine-Westphalia,Manufacturing,Professionals,Self-employed,16.65,4853,41.6,4.81,21.6
2022-Q4,Germany,North Rhine-Westphalia,Manufacturing,Professionals,Self-employed,15.63,5023,42.9,4.33,20.8
2023-Q1,Germany,North Rhine-Westphalia,Manufacturing,Professionals,Self-employed,15.58,5007,41.9,4.46,21.3
2023-Q2,Germany,North Rhine-Westphalia,Manufacturing,Professionals,Self-employed,15.77,5049,42.6,4.15,19.6
2023-Q3,Germany,North Rhine-Westphalia,Manufacturing,Professionals,Self-employed,16.0,5149,41.4,3.91,19.5
2023-Q4,Germany,North Rhine-Westphalia,Manufacturing,Professionals,Self-employed,15.99,5185,42.6,3.89,19.2
2024-Q1,Germany,North Rhine-Westphalia,Manufacturing,Professionals,Self-employed,15.67,5217,41.9,3.89,17.6
2024-Q2,Germany,North Rhine-Westphalia,Manufacturing,Professionals,Self-employed,16.12,5315,42.2,3.45,19.2
2024-Q3,Germany,North Rhine-Westphalia,Manufacturing,Professionals,Self-employed,15.83,5362,41.7,3.69,19.1
2024-Q4,Germany,North Rhine-Westphalia,Manufacturing,Professionals,Self-employed,16.19,5512,42.7,3.75,17.6
2025-Q1,Germany,North Rhine-Westphalia,Manufacturing,Professionals,Self-employed,15.85,5508,41.8,3.16,21.3
2025-Q2,Germany,North Rhine-Westphalia,Manufacturing,Professionals,Self-employed,15.93,5504,42.4,3.52,20.4
2025-Q3,Germany,North Rhine-Westphalia,Manufacturing,Professionals,Self-employed,16.4,5579,41.3,3.3,19.4
2025-Q4,Germany,North Rhine-Westphalia,Manufacturing,Professionals,Self-employed,16.35,5766,42.7,3.51,18.2
2021-Q1,Germany,North Rhine-Westphalia,Manufacturing,Technicians,Permanent,59.57,3609,38.0,3.57,14.4
2021-Q2,Germany,North Rhine-Westphalia,Manufacturing,Technicians,Permanent,61.6,3668,38.2,3.59,15.3
2021-Q3,Germany,North Rhine-Westphalia,Manufacturing,Technicians,Permanent,63.99,3723,37.1,3.65,14.2
2021-Q4,Germany,North Rhine-Westphalia,Manufacturing,Technicians,Permanent,62.32,3694,38.3,3.92,13.8
2022-Q1,Germany,North Rhine-Westphalia,Manufacturing,Technicians,Permanent,60.49,3765,37.7,3.73,13.3
2022-Q2,Germany,North Rhine-Westphalia,Manufacturing,Technicians,Permanent,62.94,3854,37.8,3.77,12.4
2022-Q3,Germany,North Rhine-Westphalia,Manufacturing,Technicians,Permanent,65.44,3869,37.5,4.14,12.6
2022-Q4,Germany,North Rhine-Westphalia,Manufacturing,Technicians,Permanent,61.21,3915,38.1,4.35,13.2
2023-Q1,Germany,North Rhine-Westphalia,Manufacturing,Technicians,Permanent,61.67,3976,37.8,4.1,13.9
2023-Q2,Germany,North Rhine-Westphalia,Manufacturing,Technicians,Permanent,62.87,4018,37.9,3.77,12.7
2023-Q3,Germany,North Rhine-Westphalia,Manufacturing,Technicians,Permanent,63.07,4045,37.4,4.02,12.9
2023-Q4,Germany,North Rhine-Westphalia,Manufacturing,Technicians,Permanent,62.68,4157,38.6,3.42,11.5
2024-Q1,Germany,North Rhine-Westphalia,Manufacturing,Technicians,Permanent,62.39,4195,37.6,3.01,10.5
2024-Q2,Germany,North Rhine-Westphalia,Manufacturing,Technicians,Permanent,63.86,4295,38.3,3.79,13.2
2024-Q3,Germany,North Rhine-Westphalia,Manufacturing,Technicians,Permanent,64.03,4293,37.2,3.24,11.9
2024-Q4,Germany,North Rhine-Westphalia,Manufacturing,Technicians,Permanent,65.3,4299,38.7,2.9,9.6
2025-Q1,Germany,North Rhine-Westphalia,Manufacturing,Technicians,Permanent,63.04,4389,37.8,3.1,12.1
2025-Q2,Germany,North Rhine-Westphalia,Manufacturing,Technicians,Permanent,64.58,4440,38.3,3.03,12.2
2025-Q3,Germany,North Rhine-Westphalia,Manufacturing,Technicians,Permanent,66.27,4507,37.0,3.11,11.3
2025-Q4,Germany,North Rhine-Westphalia,Manufacturing,Technicians,Permanent,62.42,4559,38.3,2.75,11.7
2021-Q1,Germany,North Rhine-Westphalia,Manufacturing,Technicians,Temporary,16.56,3082,33.8,3.18,13.5
2021-Q2,Germany,North Rhine-Westphalia,Manufacturing,Technicians,Temporary,17.07,3107,34.2,3.58,12.8
2021-Q3,Germany,North Rhine-Westphalia,Manufacturing,Technicians,Temporary,17.39,3164,33.0,3.62,14.6
2021-Q4,Germany,North Rhine-Westphalia,Manufacturing,Technicians,Temporary,16.77,3242,34.3,3.29,12.5
2022-Q1,Germany,North Rhine-Westphalia,Manufacturing,Technicians,Temporary,16.69,3251,33.7,3.69,11.9
2022-Q2,Germany,North Rhine-Westphalia,Manufacturing,Technicians,Temporary,17.6,3303,33.9,3.74,11.5
2022-Q3,Germany,North Rhine-Westphalia,Manufacturing,Technicians,Temporary,17.88,3346,33.3,3.89,11.5
2022-Q4,Germany,North Rhine-Westphalia,Manufacturing,Technicians,Temporary,17.44,3407,34.4,3.77,14.6
2023-Q1,Germany,North Rhine-Westphalia,Manufacturing,Technicians,Temporary,16.42,3400,33.4,4.05,11.3
2023-Q2,Germany,North Rhine-Westphalia,Manufacturing,Technicians,Temporary,17.19,3464,34.2,3.93,11.3
2023-Q3,Germany,North Rhine-Westphalia,Manufacturing,Technicians,Temporary,17.11,3490,33.2,3.76,14.2
2023-Q4,Germany,North Rhine-Westphalia,Manufacturing,Technicians,Temporary,16.92,3574,34.2,3.69,11.8
2024-Q1,Germany,North Rhine-Westphalia,Manufacturing,Technicians,Temporary,17.02,3623,33.7,3.55,10.9
2024-Q2,Germany,North Rhine-Westphalia,Manufacturing,Technicians,Temporary,17.69,3622,34.0,3.31,12.2
2024-Q3,Germany,North Rhine-Westphalia,Manufacturing,Technicians,Temporary,17.9,3670,33.3,3.41,9.7
2024-Q4,Germany,North Rhine-Westphalia,Manufacturing,Technicians,Temporary,17.31,3764,34.2,3.03,14.9
2025-Q1,Germany,North Rhine-Westphalia,Manufacturing,Technicians,Temporary,17.67,3801,33.5,3.3,13.5
2025-Q2,Germany,North Rhine-Westphalia,Manufacturing,Technicians,Temporary,18.27,3849,34.2,2.88,12.1
2025-Q3,Germany,North Rhine-Westphalia,Manufacturing,Technicians,Temporary,17.7,3823,33.2,3.29,13.1
2025-Q4,Germany,North Rhine-Westphalia,Manufacturing,Technicians,Temporary,17.48,3878,34.2,2.82,12.5
2021-Q1,Germany,North Rhine-Westphalia,Manufacturing,Production & trades,Permanent,83.65,3190,37.8,3.13,4.6
2021-Q2,Germany,North Rhine-Westphalia,Manufacturing,Production & trades,Permanent,88.76,3284,38.0,2.95,6.4
2021-Q3,Germany,North Rhine-Westphalia,Manufacturing,Production & trades,Permanent,89.25,3257,37.1,3.51,4.9
2021-Q4,Germany,North Rhine-Westphalia,Manufacturing,Production & trades,Permanent,84.76,3351,38.2,3.61,4.2
2022-Q1,Germany,North Rhine-Westphalia,Manufacturing,Production & trades,Permanent,84.82,3381,37.4,3.77,2.8
2022-Q2,Germany,North Rhine-Westphalia,Manufacturing,Production & trades,Permanent,90.01,3391,38.2,4.12,4.5
2022-Q3,Germany,North Rhine-Westphalia,Manufacturing,Production & trades,Permanent,85.48,3479,37.1,4.13,3.2
2022-Q4,Germany,North Rhine-Westphalia,Manufacturing,Production & trades,Permanent,86.58,3497,38.3,3.99,3.7
2023-Q1,Germany,North Rhine-Westphalia,Manufacturing,Production & trades,Permanent,85.63,3553,37.7,4.23,2.6
2023-Q2,Germany,North Rhine-Westphalia,Manufacturing,Production & trades,Permanent,88.02,3585,37.8,3.89,3.7
2023-Q3,Germany,North Rhine-Westphalia,Manufacturing,Production & trades,Permanent,89.4,3604,37.0,3.79,3.8
2023-Q4,Germany,North Rhine-Westphalia,Manufacturing,Production & trades,Permanent,85.61,3735,38.0,3.33,4.2
2024-Q1,Germany,North Rhine-Westphalia,Manufacturing,Production & trades,Permanent,84.38,3653,37.1,3.82,5.5
2024-Q2,Germany,North Rhine-Westphalia,Manufacturing,Production & trades,Permanent,91.01,3802,38.2,3.06,3.0
2024-Q3,Germany,North Rhine-Westphalia,Manufacturing,Production & trades,Permanent,88.64,3794,37.1,3.29,4.1
2024-Q4,Germany,North Rhine-Westphalia,Manufacturing,Production & trades,Permanent,89.46,3833,38.1,3.06,4.2
2025-Q1,Germany,North Rhine-Westphalia,Manufacturing,Production & trades,Permanent,91.26,3880,37.6,3.27,3.0
2025-Q2,Germany,North Rhine-Westphalia,Manufacturing,Production & trades,Permanent,93.44,3966,37.9,3.08,1.9
2025-Q3,Germany,North Rhine-Westphalia,Manufacturing,Production & trades,Permanent,89.88,4021,37.3,2.98,1.9
2025-Q4,Germany,North Rhine-Westphalia,Manufacturing,Production & trades,Permanent,89.02,4025,38.1,2.84,3.0
2021-Q1,Germany,North Rhine-Westphalia,Manufacturing,Production & trades,Temporary,25.31,2480,33.8,3.22,4.4
2021-Q2,Germany,North Rhine-Westphalia,Manufacturing,Production & trades,Temporary,26.12,2515,34.4,3.04,3.7
2021-Q3,Germany,North Rhine-Westphalia,Manufacturing,Production & trades,Temporary,26.8,2498,33.4,3.07,3.5
2021-Q4,Germany,North Rhine-Westphalia,Manufacturing,Production & trades,Temporary,25.43,2552,34.6,3.02,6.5
2022-Q1,Germany,North Rhine-Westphalia,Manufacturing,Production & trades,Temporary,25.74,2587,34.1,3.04,3.7
2022-Q2,Germany,North Rhine-Westphalia,Manufacturing,Production & trades,Temporary,27.91,2596,34.1,3.52,1.9
2022-Q3,Germany,North Rhine-Westphalia,Manufacturing,Production & trades,Temporary,27.07,2662,34.0,3.36,4.8
2022-Q4,Germany,North Rhine-Westphalia,Manufacturing,Production & trades,Temporary,25.39,2694,34.7,3.65,5.0
2023-Q1,Germany,North Rhine-Westphalia,Manufacturing,Production & trades,Temporary,27.1,2715,33.8,3.69,3.9
2023-Q2,Germany,North Rhine-Westphalia,Manufacturing,Production & trades,Temporary,26.71,2759,34.3,3.48,5.0
2023-Q3,Germany,North Rhine-Westphalia,Manufacturing,Production & trades,Temporary,27.7,2804,33.3,3.37,3.5
2023-Q4,Germany,North Rhine-Westphalia,Manufacturing,Production & trades,Temporary,26.5,2838,34.8,3.49,2.9
2024-Q1,Germany,North Rhine-Westphalia,Manufacturing,Production & trades,Temporary,26.46,2815,34.1,3.49,3.7
2024-Q2,Germany,North Rhine-Westphalia,Manufacturing,Production & trades,Temporary,26.43,2949,34.6,3.23,3.5
2024-Q3,Germany,North Rhine-Westphalia,Manufacturing,Production & trades,Temporary,26.71,2972,33.7,3.11,4.0
2024-Q4,Germany,North Rhine-Westphalia,Manufacturing,Production & trades,Temporary,26.87,2980,34.8,2.97,3.4
2025-Q1,Germany,North Rhine-Westphalia,Manufacturing,Production & trades,Temporary,26.61,2988,33.4,2.92,4.6
2025-Q2,Germany,North Rhine-Westphalia,Manufacturing,Production & trades,Temporary,27.0,3041,34.6,2.82,2.2
2025-Q3,Germany,North Rhine-Westphalia,Manufacturing,Production & trades,Temporary,27.43,3123,33.8,2.88,3.3
2025-Q4,Germany,North Rhine-Westphalia,Manufacturing,Production & trades,Temporary,26.64,3099,34.6,2.67,4.1
2021-Q1,Germany,North Rhine-Westphalia,Manufacturing,Production & trades,Self-employed,20.97,3183,41.9,3.08,8.4
2021-Q2,Germany,North Rhine-Westphalia,Manufacturing,Production & trades,Self-employed,21.46,3217,42.3,3.34,6.2
2021-Q3,Germany,North Rhine-Westphalia,Manufacturing,Production & trades,Self-employed,21.06,3257,41.2,3.66,4.8
2021-Q4,Germany,North Rhine-Westphalia,Manufacturing,Production & trades,Self-employed,20.87,3307,42.6,3.59,5.4
2022-Q1,Germany,North Rhine-Westphalia,Manufacturing,Production & trades,Self-employed,20.39,3348,41.6,3.6,4.1
2022-Q2,Germany,North Rhine-Westphalia,Manufacturing,Production & trades,Self-employed,21.85,3367,42.4,3.62,4.7
2022-Q3,Germany,North Rhine-Westphalia,Manufacturing,Production & trades,Self-employed,21.39,3470,41.6,3.52,5.3
2022-Q4,Germany,North Rhine-Westphalia,Manufacturing,Production & trades,Self-employed,21.66,3453,42.6,3.81,4.2
2023-Q1,Germany,North Rhine-Westphalia,Manufacturing,Production & trades,Self-employed,21.45,3498,41.9,4.04,6.1
2023-Q2,Germany,North Rhine-Westphalia,Manufacturing,Production & trades,Self-employed,21.57,3537,42.4,3.51,3.7
2023-Q3,Germany,North Rhine-Westphalia,Manufacturing,Production & trades,Self-employed,22.06,3655,41.3,3.52,5.4
2023-Q4,Germany,North Rhine-Westphalia,Manufacturing,Production & trades,Self-employed,21.4,3679,42.7,3.91,2.6
2024-Q1,Germany,North Rhine-Westphalia,Manufacturing,Production & trades,Self-employed,21.35,3675,41.9,3.44,3.0
2024-Q2,Germany,North Rhine-Westphalia,Manufacturing,Production & trades,Self-employed,21.74,3738,42.6,3.41,4.6
2024-Q3,Germany,North Rhine-Westphalia,Manufacturing,Production & trades,Self-employed,22.31,3880,41.6,3.18,4.2
2024-Q4,Germany,North Rhine-Westphalia,Manufacturing,Production & trades,Self-employed,21.38,3878,42.6,3.32,3.1
2025-Q1,Germany,North Rhine-Westphalia,Manufacturing,Production & trades,Self-employed,21.2,3883,41.6,3.01,5.4
2025-Q2,Germany,North Rhine-Westphalia,Manufacturing,Production & trades,Self-employed,22.76,3935,42.4,3.43,5.6
2025-Q3,Germany,North Rhine-Westphalia,Manufacturing,Production & trades,Self-employed,22.39,4015,41.5,3.04,7.1
2025-Q4,Germany,North Rhine-Westphalia,Manufacturing,Production & trades,Self-employed,21.42,3996,42.4,3.18,4.2
2021-Q1,Germany,North Rhine-Westphalia,Construction,Managers,Permanent,19.04,4738,38.3,4.45,9.6
2021-Q2,Germany,North Rhine-Westphalia,Construction,Managers,Permanent,19.0,4841,38.4,4.05,8.4
2021-Q3,Germany,North Rhine-Westphalia,Construction,Managers,Permanent,19.32,4815,37.7,4.67,9.3
2021-Q4,Germany,North Rhine-Westphalia,Construction,Managers,Permanent,19.02,4884,38.6,4.58,6.4
2022-Q1,Germany,North Rhine-Westphalia,Construction,Managers,Permanent,18.99,4957,38.2,4.21,9.0
2022-Q2,Germany,North Rhine-Westphalia,Construction,Managers,Permanent,19.49,5000,38.5,5.11,10.7
2022-Q3,Germany,North Rhine-Westphalia,Construction,Managers,Permanent,19.54,5070,37.8,4.89,8.5
2022-Q4,Germany,North Rhine-Westphalia,Construction,Managers,Permanent,19.79,5231,38.7,4.82,8.2
2023-Q1,Germany,North Rhine-Westphalia,Construction,Managers,Permanent,19.42,5315,37.8,4.42,7.6
2023-Q2,Germany,North Rhine-Westphalia,Construction,Managers,Permanent,19.8,5372,38.2,4.49,8.9
2023-Q3,Germany,North Rhine-Westphalia,Construction,Managers,Permanent,19.72,5375,37.5,4.84,9.5
2023-Q4,Germany,North Rhine-Westphalia,Construction,Managers,Permanent,19.83,5454,38.7,4.47,6.6
2024-Q1,Germany,North Rhine-Westphalia,Construction,Managers,Permanent,19.5,5517,37.8,4.14,6.6
2024-Q2,Germany,North Rhine-Westphalia,Construction,Managers,Permanent,20.31,5579,38.1,4.44,10.2
2024-Q3,Germany,North Rhine-Westphalia,Construction,Managers,Permanent,20.13,5634,37.5,4.18,10.5
2024-Q4,Germany,North Rhine-Westphalia,Construction,Managers,Permanent,20.12,5765,38.8,3.92,8.6
2025-Q1,Germany,North Rhine-Westphalia,Construction,Managers,Permanent,20.47,5869,38.1,3.92,8.4
2025-Q2,Germany,North Rhine-Westphalia,Construction,Managers,Permanent,19.8,5833,38.9,3.56,5.6
2025-Q3,Germany,North Rhine-Westphalia,Construction,Managers,Permanent,20.79,5958,38.0,3.79,9.1
2025-Q4,Germany,North Rhine-Westphalia,Construction,Managers,Permanent,19.85,6045,38.6,3.66,8.8
2021-Q1,Germany,North Rhine-Westphalia,Construction,Managers,Self-employed,4.2,5055,43.0,4.05,8.4
2021-Q2,Germany,North Rhine-Westphalia,Construction,Managers,Self-employed,4.64,5035,43.3,3.69,9.9
2021-Q3,Germany,North Rhine-Westphalia,Construction,Managers,Self-employed,4.62,5168,42.4,3.85,11.4
2021-Q4,Germany,North Rhine-Westphalia,Construction,Managers,Self-employed,4.63,5204,43.6,3.99,10.3
2022-Q1,Germany,North Rhine-Westphalia,Construction,Managers,Self-employed,4.55,5215,42.8,4.21,10.4
2022-Q2,Germany,North Rhine-Westphalia,Construction,Managers,Self-employed,4.65,5288,43.2,4.65,8.7
2022-Q3,Germany,North Rhine-Westphalia,Construction,Managers,Self-employed,4.71,5443,42.4,4.41,10.8
2022-Q4,Germany,North Rhine-Westphalia,Construction,Managers,Self-employed,4.59,5454,43.5,4.44,9.4
2023-Q1,Germany,North Rhine-Westphalia,Construction,Managers,Self-employed,4.59,5585,42.9,4.78,9.6
2023-Q2,Germany,North Rhine-Westphalia,Construction,Managers,Self-employed,4.72,5581,43.5,4.86,11.0
2023-Q3,Germany,North Rhine-Westphalia,Construction,Managers,Self-employed,4.76,5615,42.3,4.45,10.0
2023-Q4,Germany,North Rhine-Westphalia,Construction,Managers,Self-employed,4.71,5818,43.3,3.6,9.0
2024-Q1,Germany,North Rhine-Westphalia,Construction,Managers,Self-employed,4.59,5924,42.6,4.28,9.4
2024-Q2,Germany,North Rhine-Westphalia,Construction,Managers,Self-employed,4.75,5962,43.4,3.55,8.9
2024-Q3,Germany,North Rhine-Westphalia,Construction,Managers,Self-employed,4.73,5962,42.5,3.53,9.0
2024-Q4,Germany,North Rhine-Westphalia,Construction,Managers,Self-employed,4.51,6087,43.7,3.68,7.8
2025-Q1,Germany,North Rhine-Westphalia,Construction,Managers,Self-employed,4.57,6194,42.8,3.64,10.6
2025-Q2,Germany,North Rhine-Westphalia,Construction,Managers,Self-employed,4.83,6160,43.1,3.65,9.2
2025-Q3,Germany,North Rhine-Westphalia,Construction,Managers,Self-employed,4.72,6293,42.3,3.53,9.2
2025-Q4,Germany,North Rhine-Westphalia,Construction,Managers,Self-employed,4.65,6248,43.6,3.56,10.1
2021-Q1,Germany,North Rhine-Westphalia,Construction,Technicians,Permanent,44.12,3483,37.9,4.38,7.4
2021-Q2,Germany,North Rhine-Westphalia,Construction,Technicians,Permanent,45.87,3546,38.7,4.5,6.7
2021-Q3,Germany,North Rhine-Westphalia,Construction,Technicians,Permanent,47.6,3541,37.7,5.04,7.7
2021-Q4,Germany,North Rhine-Westphalia,Construction,Technicians,Permanent,44.52,3579,38.6,4.55,4.7
2022-Q1,Germany,North Rhine-Westphalia,Construction,Technicians,Permanent,46.72,3663,38.3,5.5,8.7
2022-Q2,Germany,North Rhine-Westphalia,Construction,Technicians,Permanent,46.83,3703,38.4,4.61,5.4
2022-Q3,Germany,North Rhine-Westphalia,Construction,Technicians,Permanent,47.37,3751,37.7,5.61,6.3
2022-Q4,Germany,North Rhine-Westphalia,Construction,Technicians,Permanent,46.23,3776,39.1,5.52,7.8
2023-Q1,Germany,North Rhine-Westphalia,Construction,Technicians,Permanent,45.19,3821,38.0,5.39,4.7
2023-Q2,Germany,North Rhine-Westphalia,Construction,Technicians,Permanent,47.17,3890,38.6,5.42,6.1
2023-Q3,Germany,North Rhine-Westphalia,Construction,Technicians,Permanent,47.44,3948,38.1,5.09,7.3
2023-Q4,Germany,North Rhine-Westphalia,Construction,Technicians,Permanent,45.8,3936,38.3,4.73,6.8
2024-Q1,Germany,North Rhine-Westphalia,Construction,Technicians,Permanent,45.99,4079,37.9,4.5,10.4
2024-Q2,Germany,North Rhine-Westphalia,Construction,Technicians,Permanent,47.09,4081,38.7,5.24,7.7
2024-Q3,Germany,North Rhine-Westphalia,Construction,Technicians,Permanent,47.75,4088,37.8,4.48,6.2
2024-Q4,Germany,North Rhine-Westphalia,Construction,Technicians,Permanent,45.79,4156,38.9,4.39,5.3
2025-Q1,Germany,North Rhine-Westphalia,Construction,Technicians,Permanent,47.3,4216,37.8,4.58,6.2
2025-Q2,Germany,North Rhine-Westphalia,Construction,Technicians,Permanent,47.18,4317,38.2,4.09,9.4
2025-Q3,Germany,North Rhine-Westphalia,Construction,Technicians,Permanent,49.4,4386,37.8,4.63,7.1
2025-Q4,Germany,North Rhine-Westphalia,Construction,Technicians,Permanent,47.33,4388,38.5,4.45,5.2
2021-Q1,Germany,North Rhine-Westphalia,Construction,Technicians,Temporary,12.72,2717,34.0,3.63,6.2
2021-Q2,Germany,North Rhine-Westphalia,Construction,Technicians,Temporary,12.91,2772,34.6,3.87,8.2
2021-Q3,Germany,North Rhine-Westphalia,Construction,Technicians,Temporary,13.61,2758,33.4,3.86,6.5
2021-Q4,Germany,North Rhine-Westphalia,Construction,Technicians,Temporary,12.94,2882,34.8,4.03,5.8
2022-Q1,Germany,North Rhine-Westphalia,Construction,Technicians,Temporary,12.84,2852,34.0,4.63,3.8
2022-Q2,Germany,North Rhine-Westphalia,Construction,Technicians,Temporary,13.24,2938,34.7,4.75,5.4
2022-Q3,Germany,North Rhine-Westphalia,Construction,Technicians,Temporary,13.61,2904,33.4,4.03,6.9
2022-Q4,Germany,North Rhine-Westphalia,Construction,Technicians,Temporary,13.08,3007,34.6,4.7,6.8
2023-Q1,Germany,North Rhine-Westphalia,Construction,Technicians,Temporary,13.39,3076,33.7,4.74,6.0
2023-Q2,Germany,North Rhine-Westphalia,Construction,Technicians,Temporary,13.15,3076,34.8,4.57,6.7
2023-Q3,Germany,North Rhine-Westphalia,Construction,Technicians,Temporary,13.95,3115,33.6,3.84,6.3
2023-Q4,Germany,North Rhine-Westphalia,Construction,Technicians,Temporary,13.16,3106,34.6,4.29,5.6
2024-Q1,Germany,North Rhine-Westphalia,Construction,Technicians,Temporary,13.09,3211,33.9,3.98,5.8
2024-Q2,Germany,North Rhine-Westphalia,Construction,Technicians,Temporary,13.96,3248,34.3,4.11,7.5
2024-Q3,Germany,North Rhine-Westphalia,Construction,Technicians,Temporary,13.48,3239,33.6,3.74,4.7
2024-Q4,Germany,North Rhine-Westphalia,Construction,Technicians,Temporary,13.26,3309,35.0,3.75,3.0
2025-Q1,Germany,North Rhine-Westphalia,Construction,Technicians,Temporary,13.38,3380,34.1,3.76,4.5
2025-Q2,Germany,North Rhine-Westphalia,Construction,Technicians,Temporary,13.35,3365,34.4,3.55,6.2
2025-Q3,Germany,North Rhine-Westphalia,Construction,Technicians,Temporary,13.92,3449,33.8,3.54,5.8
2025-Q4,Germany,North Rhine-Westphalia,Construction,Technicians,Temporary,13.9,3490,34.6,3.3,5.8
2021-Q1,Germany,North Rhine-Westphalia,Construction,Production & trades,Permanent,59.36,2935,38.1,4.18,1.9
2021-Q2,Germany,North Rhine-Westphalia,Construction,Production & trades,Permanent,60.47,2938,38.8,3.96,1.8
2021-Q3,Germany,North Rhine-Westphalia,Construction,Production & trades,Permanent,59.9,2988,37.6,4.34,3.8
2021-Q4,Germany,North Rhine-Westphalia,Construction,Production & trades,Permanent,61.15,3068,38.7,3.95,3.3
2022-Q1,Germany,North Rhine-Westphalia,Construction,Production & trades,Permanent,57.0,3076,38.2,4.29,4.5
2022-Q2,Germany,North Rhine-Westphalia,Construction,Production & trades,Permanent,61.4,3084,38.6,4.51,3.2
2022-Q3,Germany,North Rhine-Westphalia,Construction,Production & trades,Permanent,63.17,3146,38.0,4.78,3.3
2022-Q4,Germany,North Rhine-Westphalia,Construction,Production & trades,Permanent,59.88,3167,38.7,5.02,2.8
2023-Q1,Germany,North Rhine-Westphalia,Construction,Production & trades,Permanent,58.5,3221,37.7,4.57,1.0
2023-Q2,Germany,North Rhine-Westphalia,Construction,Production & trades,Permanent,60.78,3290,38.7,4.81,1.8
2023-Q3,Germany,North Rhine-Westphalia,Construction,Production & trades,Permanent,58.4,3312,37.8,4.51,1.9
2023-Q4,Germany,North Rhine-Westphalia,Construction,Production & trades,Permanent,59.45,3357,38.8,3.8,0.4
2024-Q1,Germany,North Rhine-Westphalia,Construction,Production & trades,Permanent,59.98,3436,38.1,4.39,3.5
2024-Q2,Germany,North Rhine-Westphalia,Construction,Production & trades,Permanent,62.15,3466,38.3,4.3,0.4
2024-Q3,Germany,North Rhine-Westphalia,Construction,Production & trades,Permanent,61.8,3487,37.6,3.8,2.2
2024-Q4,Germany,North Rhine-Westphalia,Construction,Production & trades,Permanent,59.22,3516,38.4,3.96,2.4
2025-Q1,Germany,North Rhine-Westphalia,Construction,Production & trades,Permanent,59.13,3624,38.0,3.78,1.2
2025-Q2,Germany,North Rhine-Westphalia,Construction,Production & trades,Permanent,61.0,3653,38.4,3.45,2.5
2025-Q3,Germany,North Rhine-Westphalia,Construction,Production & trades,Permanent,62.16,3624,37.4,3.97,1.2
2025-Q4,Germany,North Rhine-Westphalia,Construction,Production & trades,Permanent,63.05,3735,38.6,3.66,3.0
2021-Q1,Germany,North Rhine-Westphalia,Construction,Production & trades,Temporary,18.09,2445,34.5,4.49,2.4
2021-Q2,Germany,North Rhine-Westphalia,Construction,Production & trades,Temporary,18.52,2510,34.8,4.08,1.6
2021-Q3,Germany,North Rhine-Westphalia,Construction,Production & trades,Temporary,17.48,2532,33.8,4.65,2.1
2021-Q4,Germany,North Rhine-Westphalia,Construction,Production & trades,Temporary,17.22,2538,34.8,4.45,1.7
2022-Q1,Germany,North Rhine-Westphalia,Construction,Production & trades,Temporary,17.69,2591,34.4,5.09,1.0
2022-Q2,Germany,North Rhine-Westphalia,Construction,Production & trades,Temporary,17.82,2584,34.7,5.06,0.5
2022-Q3,Germany,North Rhine-Westphalia,Construction,Production & trades,Temporary,17.94,2653,34.0,5.32,0
2022-Q4,Germany,North Rhine-Westphalia,Construction,Production & trades,Temporary,17.67,2725,34.8,5.34,0.5
2023-Q1,Germany,North Rhine-Westphalia,Construction,Production & trades,Temporary,18.01,2732,34.6,4.96,1.0
2023-Q2,Germany,North Rhine-Westphalia,Construction,Production & trades,Temporary,17.75,2755,34.8,4.86,0.7
2023-Q3,Germany,North Rhine-Westphalia,Construction,Production & trades,Temporary,18.24,2804,34.4,4.54,2.0
2023-Q4,Germany,North Rhine-Westphalia,Construction,Production & trades,Temporary,17.98,2836,35.2,4.8,2.4
2024-Q1,Germany,North Rhine-Westphalia,Construction,Production & trades,Temporary,17.69,2868,34.5,4.51,3.1
2024-Q2,Germany,North Rhine-Westphalia,Construction,Production & trades,Temporary,17.78,2892,34.7,4.46,0.7
2024-Q3,Germany,North Rhine-Westphalia,Construction,Production & trades,Temporary,18.16,2948,33.8,4.47,1.2
2024-Q4,Germany,North Rhine-Westphalia,Construction,Production & trades,Temporary,17.67,2964,34.9,4.05,1.3
2025-Q1,Germany,North Rhine-Westphalia,Construction,Production & trades,Temporary,17.67,2984,34.5,3.97,0.8
2025-Q2,Germany,North Rhine-Westphalia,Construction,Production & trades,Temporary,18.7,3060,34.9,3.97,2.0
2025-Q3,Germany,North Rhine-Westphalia,Construction,Production & trades,Temporary,19.41,3106,34.1,3.59,2.0
2025-Q4,Germany,North Rhine-Westphalia,Construction,Production & trades,Temporary,17.97,3129,35.4,4.3,1.1
2021-Q1,Germany,North Rhine-Westphalia,Construction,Production & trades,Self-employed,12.71,3230,42.2,3.73,2.8
2021-Q2,Germany,North Rhine-Westphalia,Construction,Production & trades,Self-employed,13.35,3283,42.5,3.59,2.5
2021-Q3,Germany,North Rhine-Westphalia,Construction,Production & trades,Self-employed,13.06,3328,41.5,3.92,1.3
2021-Q4,Germany,North Rhine-Westphalia,Construction,Production & trades,Self-employed,12.21,3316,43.0,4.42,1.6
2022-Q1,Germany,North Rhine-Westphalia,Construction,Production & trades,Self-employed,12.31,3361,42.2,4.11,3.0
2022-Q2,Germany,North Rhine-Westphalia,Construction,Production & trades,Self-employed,13.18,3420,42.3,4.91,1.7
2022-Q3,Germany,North Rhine-Westphalia,Construction,Production & trades,Self-employed,12.83,3503,41.5,4.63,0.8
2022-Q4,Germany,North Rhine-Westphalia,Construction,Production & trades,Self-employed,13.12,3628,42.8,4.57,3.0
2023-Q1,Germany,North Rhine-Westphalia,Construction,Production & trades,Self-employed,12.85,3569,42.2,4.59,2.0
2023-Q2,Germany,North Rhine-Westphalia,Construction,Production & trades,Self-employed,13.14,3596,42.4,4.47,1.3
2023-Q3,Germany,North Rhine-Westphalia,Construction,Production & trades,Self-employed,13.47,3655,42.0,4.26,3.5
2023-Q4,Germany,North Rhine-Westphalia,Construction,Production & trades,Self-employed,12.65,3675,42.5,4.05,2.6
2024-Q1,Germany,North Rhine-Westphalia,Construction,Production & trades,Self-employed,12.94,3796,41.8,4.16,2.2
2024-Q2,Germany,North Rhine-Westphalia,Construction,Production & trades,Self-employed,13.35,3826,42.5,3.84,2.6
2024-Q3,Germany,North Rhine-Westphalia,Construction,Production & trades,Self-employed,13.71,3876,41.3,4.04,1.1
2024-Q4,Germany,North Rhine-Westphalia,Construction,Production & trades,Self-employed,12.73,3912,42.8,4.0,1.8
2025-Q1,Germany,North Rhine-Westphalia,Construction,Production & trades,Self-employed,13.24,4005,42.2,3.65,2.8
2025-Q2,Germany,North Rhine-Westphalia,Construction,Production & trades,Self-employed,13.34,4029,42.8,3.43,2.3
2025-Q3,Germany,North Rhine-Westphalia,Construction,Production & trades,Self-employed,13.37,4078,41.7,3.47,1.9
2025-Q4,Germany,North Rhine-Westphalia,Construction,Production & trades,Self-employed,13.53,4113,42.6,3.7,1.4
2021-Q1,Germany,North Rhine-Westphalia,Finance,Managers,Permanent,17.54,6236,36.5,2.78,64.9
2021-Q2,Germany,North Rhine-Westphalia,Finance,Managers,Permanent,18.5,6264,37.0,2.87,62.3
2021-Q3,Germany,North Rhine-Westphalia,Finance,Managers,Permanent,18.95,6456,36.2,2.73,62.7
2021-Q4,Germany,North Rhine-Westphalia,Finance,Managers,Permanent,17.67,6529,37.5,3.11,62.2
2022-Q1,Germany,North Rhine-Westphalia,Finance,Managers,Permanent,18.1,6521,36.5,3.01,63.5
2022-Q2,Germany,North Rhine-Westphalia,Finance,Managers,Permanent,18.4,6581,37.3,3.35,59.5
2022-Q3,Germany,North Rhine-Westphalia,Finance,Managers,Permanent,19.44,6650,36.2,3.34,59.5
2022-Q4,Germany,North Rhine-Westphalia,Finance,Managers,Permanent,18.73,6800,37.2,3.11,57.2
2023-Q1,Germany,North Rhine-Westphalia,Finance,Managers,Permanent,18.02,6852,36.6,3.44,57.0
2023-Q2,Germany,North Rhine-Westphalia,Finance,Managers,Permanent,18.99,6970,37.1,3.82,55.4
2023-Q3,Germany,North Rhine-Westphalia,Finance,Managers,Permanent,18.48,7145,36.4,3.37,56.5
2023-Q4,Germany,North Rhine-Westphalia,Finance,Managers,Permanent,18.77,7200,37.1,2.92,53.8
2024-Q1,Germany,North Rhine-Westphalia,Finance,Managers,Permanent,18.47,7315,36.9,2.67,53.6
2024-Q2,Germany,North Rhine-Westphalia,Finance,Managers,Permanent,19.08,7374,37.0,2.7,56.2
2024-Q3,Germany,North Rhine-Westphalia,Finance,Managers,Permanent,19.36,7484,36.2,2.56,54.8
2024-Q4,Germany,North Rhine-Westphalia,Finance,Managers,Permanent,18.98,7562,37.0,2.64,53.0
2025-Q1,Germany,North Rhine-Westphalia,Finance,Managers,Permanent,18.82,7576,36.3,2.52,54.9
2025-Q2,Germany,North Rhine-Westphalia,Finance,Managers,Permanent,19.34,7620,37.2,2.74,56.0
2025-Q3,Germany,North Rhine-Westphalia,Finance,Managers,Permanent,19.36,7761,36.1,2.5,55.4
2025-Q4,Germany,North Rhine-Westphalia,Finance,Managers,Permanent,19.02,7837,37.3,2.6,54.1
2021-Q1,Germany,North Rhine-Westphalia,Finance,Managers,Self-employed,3.96,6745,41.2,3.03,72.8
2021-Q2,Germany,North Rhine-Westphalia,Finance,Managers,Self-employed,4.15,6629,41.8,2.88,71.7
2021-Q3,Germany,North Rhine-Westphalia,Finance,Managers,Self-employed,4.12,6813,40.8,2.84,70.6
2021-Q4,Germany,North Rhine-Westphalia,Finance,Managers,Self-employed,4.08,6887,42.1,3.29,71.2
2022-Q1,Germany,North Rhine-Westphalia,Finance,Managers,Self-employed,4.11,6985,41.3,3.21,69.6
2022-Q2,Germany,North Rhine-Westphalia,Finance,Managers,Self-employed,4.13,7068,41.9,3.19,67.6
2022-Q3,Germany,North Rhine-Westphalia,Finance,Managers,Self-employed,4.2,7080,40.9,3.34,69.0
2022-Q4,Germany,North Rhine-Westphalia,Finance,Managers,Self-employed,4.11,7238,41.9,3.45,65.0
2023-Q1,Germany,North Rhine-Westphalia,Finance,Managers,Self-employed,4.01,7311,41.2,3.0,65.7
2023-Q2,Germany,North Rhine-Westphalia,Finance,Managers,Self-employed,4.22,7472,41.8,3.21,64.7
2023-Q3,Germany,North Rhine-Westphalia,Finance,Managers,Self-employed,4.26,7590,41.1,2.99,60.2
2023-Q4,Germany,North Rhine-Westphalia,Finance,Managers,Self-employed,4.19,7636,41.9,2.96,62.3
2024-Q1,Germany,North Rhine-Westphalia,Finance,Managers,Self-employed,4.05,7611,41.3,2.88,59.3
2024-Q2,Germany,North Rhine-Westphalia,Finance,Managers,Self-employed,4.15,7872,41.6,2.76,63.3
2024-Q3,Germany,North Rhine-Westphalia,Finance,Managers,Self-employed,4.28,7875,40.9,2.71,62.5
2024-Q4,Germany,North Rhine-Westphalia,Finance,Managers,Self-employed,4.18,8051,41.8,2.91,62.4
2025-Q1,Germany,North Rhine-Westphalia,Finance,Managers,Self-employed,3.96,8095,41.3,2.5,62.2
2025-Q2,Germany,North Rhine-Westphalia,Finance,Managers,Self-employed,4.42,8140,42.0,2.77,63.0
2025-Q3,Germany,North Rhine-Westphalia,Finance,Managers,Self-employed,4.25,8260,41.1,2.64,62.6
2025-Q4,Germany,North Rhine-Westphalia,Finance,Managers,Self-employed,4.18,8344,41.8,2.86,63.4
2021-Q1,Germany,North Rhine-Westphalia,Finance,Professionals,Permanent,48.4,5504,37.1,2.74,65.2
2021-Q2,Germany,North Rhine-Westphalia,Finance,Professionals,Permanent,51.14,5588,37.7,3.06,66.4
2021-Q3,Germany,North Rhine-Westphalia,Finance,Professionals,Permanent,50.32,5707,36.9,2.74,65.5
2021-Q4,Germany,North Rhine-Westphalia,Finance,Professionals,Permanent,49.02,5792,38.0,3.38,65.0
2022-Q1,Germany,North Rhine-Westphalia,Finance,Professionals,Permanent,49.22,5797,37.1,2.83,63.3
2022-Q2,Germany,North Rhine-Westphalia,Finance,Professionals,Permanent,50.98,5783,38.0,2.91,61.6
2022-Q3,Germany,North Rhine-Westphalia,Finance,Professionals,Permanent,49.72,5921,36.6,3.3,61.7
2022-Q4,Germany,North Rhine-Westphalia,Finance,Professionals,Permanent,50.5,5963,37.7,3.19,62.5
2023-Q1,Germany,North Rhine-Westphalia,Finance,Professionals,Permanent,50.14,6041,37.0,3.03,62.0
2023-Q2,Germany,North Rhine-Westphalia,Finance,Professionals,Permanent,49.65,6168,37.6,3.13,59.5
2023-Q3,Germany,North Rhine-Westphalia,Finance,Professionals,Permanent,52.44,6108,36.7,3.06,58.0
2023-Q4,Germany,North Rhine-Westphalia,Finance,Professionals,Permanent,50.3,6284,37.6,2.94,56.5
2024-Q1,Germany,North Rhine-Westphalia,Finance,Professionals,Permanent,49.95,6393,37.2,2.71,54.9
2024-Q2,Germany,North Rhine-Westphalia,Finance,Professionals,Permanent,50.14,6483,37.7,2.86,58.3
2024-Q3,Germany,North Rhine-Westphalia,Finance,Professionals,Permanent,52.64,6673,36.9,2.76,56.8
2024-Q4,Germany,North Rhine-Westphalia,Finance,Professionals,Permanent,50.05,6726,37.9,2.49,56.4
2025-Q1,Germany,North Rhine-Westphalia,Finance,Professionals,Permanent,50.84,6791,37.1,2.67,57.4
2025-Q2,Germany,North Rhine-Westphalia,Finance,Professionals,Permanent,51.06,6785,37.5,2.65,57.1
2025-Q3,Germany,North Rhine-Westphalia,Finance,Professionals,Permanent,52.9,6815,36.5,2.52,58.8
2025-Q4,Germany,North Rhine-Westphalia,Finance,Professionals,Permanent,51.02,7033,38.1,2.57,57.8
2021-Q1,Germany,North Rhine-Westphalia,Finance,Professionals,Temporary,13.05,4710,33.0,2.68,59.4
2021-Q2,Germany,North Rhine-Westphalia,Finance,Professionals,Temporary,13.94,4710,33.7,2.88,58.8
2021-Q3,Germany,North Rhine-Westphalia,Finance,Professionals,Temporary,13.85,4722,32.4,2.82,58.6
2021-Q4,Germany,North Rhine-Westphalia,Finance,Professionals,Temporary,13.93,4786,33.4,3.01,60.3
2022-Q1,Germany,North Rhine-Westphalia,Finance,Professionals,Temporary,13.63,4898,33.2,2.95,58.8
2022-Q2,Germany,North Rhine-Westphalia,Finance,Professionals,Temporary,13.28,4986,33.5,3.19,59.6
2022-Q3,Germany,North Rhine-Westphalia,Finance,Professionals,Temporary,14.09,5051,32.6,3.18,54.1
2022-Q4,Germany,North Rhine-Westphalia,Finance,Professionals,Temporary,13.53,5106,33.9,3.74,57.1
2023-Q1,Germany,North Rhine-Westphalia,Finance,Professionals,Temporary,14.08,5143,33.0,3.29,53.0
2023-Q2,Germany,North Rhine-Westphalia,Finance,Professionals,Temporary,14.36,5269,33.4,2.93,53.8
2023-Q3,Germany,North Rhine-Westphalia,Finance,Professionals,Temporary,13.74,5238,32.4,3.22,52.5
2023-Q4,Germany,North Rhine-Westphalia,Finance,Professionals,Temporary,13.57,5477,33.5,3.1,52.2
2024-Q1,Germany,North Rhine-Westphalia,Finance,Professionals,Temporary,13.91,5374,33.2,2.99,53.7
2024-Q2,Germany,North Rhine-Westphalia,Finance,Professionals,Temporary,14.42,5464,33.7,2.82,54.2
2024-Q3,Germany,North Rhine-Westphalia,Finance,Professionals,Temporary,13.99,5563,32.4,2.61,53.2
2024-Q4,Germany,North Rhine-Westphalia,Finance,Professionals,Temporary,14.26,5594,33.6,2.67,55.1
2025-Q1,Germany,North Rhine-Westphalia,Finance,Professionals,Temporary,14.04,5686,32.8,2.66,53.4
2025-Q2,Germany,North Rhine-Westphalia,Finance,Professionals,Temporary,14.16,5668,33.6,2.79,55.6
2025-Q3,Germany,North Rhine-Westphalia,Finance,Professionals,Temporary,14.23,5883,32.6,2.57,55.1
2025-Q4,Germany,North Rhine-Westphalia,Finance,Professionals,Temporary,14.21,5829,33.8,2.54,54.8
2021-Q1,Germany,North Rhine-Westphalia,Finance,Professionals,Self-employed,9.98,6072,41.2,3.04,77.2
2021-Q2,Germany,North Rhine-Westphalia,Finance,Professionals,Self-employed,10.43,6088,41.6,2.85,73.4
2021-Q3,Germany,North Rhine-Westphalia,Finance,Professionals,Self-employed,10.24,6282,41.0,2.93,74.3
2021-Q4,Germany,North Rhine-Westphalia,Finance,Professionals,Self-employed,10.35,6146,41.9,2.7,76.0
2022-Q1,Germany,North Rhine-Westphalia,Finance,Professionals,Self-employed,9.86,6248,41.4,2.92,72.9
2022-Q2,Germany,North Rhine-Westphalia,Finance,Professionals,Self-employed,10.24,6307,41.6,3.3,70.8
2022-Q3,Germany,North Rhine-Westphalia,Finance,Professionals,Self-employed,10.76,6496,41.0,3.11,70.6
2022-Q4,Germany,North Rhine-Westphalia,Finance,Professionals,Self-employed,10.14,6534,42.0,3.75,70.6
2023-Q1,Germany,North Rhine-Westphalia,Finance,Professionals,Self-employed,10.18,6645,41.1,3.4,69.0
2023-Q2,Germany,North Rhine-Westphalia,Finance,Professionals,Self-employed,10.34,6789,41.8,3.0,69.4
2023-Q3,Germany,North Rhine-Westphalia,Finance,Professionals,Self-employed,10.7,6871,40.9,2.88,66.4
2023-Q4,Germany,North Rhine-Westphalia,Finance,Professionals,Self-employed,10.11,6944,42.0,3.14,67.1
2024-Q1,Germany,North Rhine-Westphalia,Finance,Professionals,Self-employed,9.98,7009,41.4,2.98,65.0
2024-Q2,Germany,North Rhine-Westphalia,Finance,Professionals,Self-employed,10.7,7115,41.8,2.97,66.0
2024-Q3,Germany,North Rhine-Westphalia,Finance,Professionals,Self-employed,10.54,7232,40.7,2.82,63.8
2024-Q4,Germany,North Rhine-Westphalia,Finance,Professionals,Self-employed,10.35,7371,41.8,2.53,67.2
2025-Q1,Germany,North Rhine-Westphalia,Finance,Professionals,Self-employed,10.57,7263,41.2,2.67,67.1
2025-Q2,Germany,North Rhine-Westphalia,Finance,Professionals,Self-employed,10.56,7587,41.6,2.8,68.7
2025-Q3,Germany,North Rhine-Westphalia,Finance,Professionals,Self-employed,11.04,7435,41.2,2.71,67.5
2025-Q4,Germany,North Rhine-Westphalia,Finance,Professionals,Self-employed,10.68,7690,42.2,2.58,69.2
2021-Q1,Germany,North Rhine-Westphalia,Finance,Clerical & service,Permanent,44.57,3724,36.7,2.77,43.1
2021-Q2,Germany,North Rhine-Westphalia,Finance,Clerical & service,Permanent,44.23,3684,37.3,2.97,42.6
2021-Q3,Germany,North Rhine-Westphalia,Finance,Clerical & service,Permanent,45.2,3782,36.2,2.76,43.8
2021-Q4,Germany,North Rhine-Westphalia,Finance,Clerical & service,Permanent,45.29,3826,37.6,2.87,39.1
2022-Q1,Germany,North Rhine-Westphalia,Finance,Clerical & service,Permanent,44.88,3942,36.8,3.16,39.0
2022-Q2,Germany,North Rhine-Westphalia,Finance,Clerical & service,Permanent,47.07,3985,37.3,3.15,39.8
2022-Q3,Germany,North Rhine-Westphalia,Finance,Clerical & service,Permanent,46.94,3977,36.5,3.1,38.1
2022-Q4,Germany,North Rhine-Westphalia,Finance,Clerical & service,Permanent,46.16,4008,37.4,3.4,37.1
2023-Q1,Germany,North Rhine-Westphalia,Finance,Clerical & service,Permanent,44.87,4096,36.9,3.26,38.4
2023-Q2,Germany,North Rhine-Westphalia,Finance,Clerical & service,Permanent,45.17,4160,36.9,2.91,36.9
2023-Q3,Germany,North Rhine-Westphalia,Finance,Clerical & service,Permanent,47.77,4174,36.7,3.08,37.0
2023-Q4,Germany,North Rhine-Westphalia,Finance,Clerical & service,Permanent,45.53,4192,37.6,2.9,35.4
2024-Q1,Germany,North Rhine-Westphalia,Finance,Clerical & service,Permanent,45.42,4326,36.7,2.49,38.4
2024-Q2,Germany,North Rhine-Westphalia,Finance,Clerical & service,Permanent,47.4,4422,37.7,2.96,37.6
2024-Q3,Germany,North Rhine-Westphalia,Finance,Clerical & service,Permanent,47.65,4502,36.4,2.64,34.9
2024-Q4,Germany,North Rhine-Westphalia,Finance,Clerical & service,Permanent,46.35,4512,37.5,2.7,38.1
2025-Q1,Germany,North Rhine-Westphalia,Finance,Clerical & service,Permanent,46.25,4495,37.0,2.36,34.7
2025-Q2,Germany,North Rhine-Westphalia,Finance,Clerical & service,Permanent,48.3,4610,37.3,2.48,40.2
2025-Q3,Germany,North Rhine-Westphalia,Finance,Clerical & service,Permanent,47.48,4637,36.2,2.58,37.4
2025-Q4,Germany,North Rhine-Westphalia,Finance,Clerical & service,Permanent,45.25,4684,37.5,2.39,34.9
2021-Q1,Germany,North Rhine-Westphalia,Finance,Clerical & service,Temporary,13.39,2981,34.3,2.82,38.2
2021-Q2,Germany,North Rhine-Westphalia,Finance,Clerical & service,Temporary,13.99,3023,34.3,2.86,38.4
2021-Q3,Germany,North Rhine-Westphalia,Finance,Clerical & service,Temporary,13.77,3039,33.3,3.08,38.5
2021-Q4,Germany,North Rhine-Westphalia,Finance,Clerical & service,Temporary,13.27,3067,34.7,3.27,38.5
2022-Q1,Germany,North Rhine-Westphalia,Finance,Clerical & service,Temporary,13.08,3141,34.1,3.1,34.7
2022-Q2,Germany,North Rhine-Westphalia,Finance,Clerical & service,Temporary,13.73,3145,34.1,3.18,34.7
2022-Q3,Germany,North Rhine-Westphalia,Finance,Clerical & service,Temporary,14.58,3236,33.5,3.53,36.0
2022-Q4,Germany,North Rhine-Westphalia,Finance,Clerical & service,Temporary,13.93,3266,34.7,2.82,34.1
2023-Q1,Germany,North Rhine-Westphalia,Finance,Clerical & service,Temporary,13.68,3319,34.2,3.25,35.5
2023-Q2,Germany,North Rhine-Westphalia,Finance,Clerical & service,Temporary,14.16,3324,34.4,3.07,37.2
2023-Q3,Germany,North Rhine-Westphalia,Finance,Clerical & service,Temporary,13.86,3327,33.4,3.17,33.4
2023-Q4,Germany,North Rhine-Westphalia,Finance,Clerical & service,Temporary,14.61,3326,34.4,3.04,32.4
2024-Q1,Germany,North Rhine-Westphalia,Finance,Clerical & service,Temporary,13.83,3444,33.8,2.8,33.2
2024-Q2,Germany,North Rhine-Westphalia,Finance,Clerical & service,Temporary,14.5,3512,34.0,3.0,32.2
2024-Q3,Germany,North Rhine-Westphalia,Finance,Clerical & service,Temporary,14.39,3514,33.3,2.38,35.2
2024-Q4,Germany,North Rhine-Westphalia,Finance,Clerical & service,Temporary,14.23,3586,34.1,2.86,34.5
2025-Q1,Germany,North Rhine-Westphalia,Finance,Clerical & service,Temporary,13.68,3596,33.9,2.57,32.9
2025-Q2,Germany,North Rhine-Westphalia,Finance,Clerical & service,Temporary,14.07,3670,34.1,2.52,34.7
2025-Q3,Germany,North Rhine-Westphalia,Finance,Clerical & service,Temporary,14.32,3687,33.2,2.57,33.3
2025-Q4,Germany,North Rhine-Westphalia,Finance,Clerical & service,Temporary,14.38,3738,34.8,2.55,34.2
2021-Q1,Germany,North Rhine-Westphalia,Public services,Managers,Permanent,29.04,4861,35.7,2.18,41.4
2021-Q2,Germany,North Rhine-Westphalia,Public services,Managers,Permanent,30.69,4954,36.2,2.01,41.0
2021-Q3,Germany,North Rhine-Westphalia,Public services,Managers,Permanent,30.58,5006,35.2,2.37,39.2
2021-Q4,Germany,North Rhine-Westphalia,Public services,Managers,Permanent,29.55,5047,36.1,2.68,38.7
2022-Q1,Germany,North Rhine-Westphalia,Public services,Managers,Permanent,29.76,5172,35.5,2.28,39.1
2022-Q2,Germany,North Rhine-Westphalia,Public services,Managers,Permanent,31.07,5166,36.1,2.57,36.9
2022-Q3,Germany,North Rhine-Westphalia,Public services,Managers,Permanent,30.68,5218,35.2,2.65,39.3
2022-Q4,Germany,North Rhine-Westphalia,Public services,Managers,Permanent,30.19,5410,36.3,2.65,38.0
2023-Q1,Germany,North Rhine-Westphalia,Public services,Managers,Permanent,30.36,5318,35.2,2.49,36.5
2023-Q2,Germany,North Rhine-Westphalia,Public services,Managers,Permanent,30.58,5380,36.4,2.43,35.3
2023-Q3,Germany,North Rhine-Westphalia,Public services,Managers,Permanent,31.72,5451,34.9,2.37,35.3
2023-Q4,Germany,North Rhine-Westphalia,Public services,Managers,Permanent,30.87,5599,36.2,2.07,36.0
2024-Q1,Germany,North Rhine-Westphalia,Public services,Managers,Permanent,31.24,5787,35.7,2.31,34.2
2024-Q2,Germany,North Rhine-Westphalia,Public services,Managers,Permanent,31.35,5681,36.3,1.94,34.1
2024-Q3,Germany,North Rhine-Westphalia,Public services,Managers,Permanent,32.04,5834,35.1,1.86,34.5
2024-Q4,Germany,North Rhine-Westphalia,Public services,Managers,Permanent,31.51,5877,36.5,2.14,35.0
2025-Q1,Germany,North Rhine-Westphalia,Public services,Managers,Permanent,30.21,5956,35.6,2.1,36.8
2025-Q2,Germany,North Rhine-Westphalia,Public services,Managers,Permanent,32.46,6041,36.1,1.97,37.8
2025-Q3,Germany,North Rhine-Westphalia,Public services,Managers,Permanent,31.64,6091,35.1,1.91,34.6
2025-Q4,Germany,North Rhine-Westphalia,Public services,Managers,Permanent,31.31,6220,36.6,1.96,34.0
2021-Q1,Germany,North Rhine-Westphalia,Public services,Managers,Self-employed,6.32,5415,39.1,2.34,47.7
2021-Q2,Germany,North Rhine-Westphalia,Public services,Managers,Self-employed,6.44,5428,40.0,2.41,47.2
2021-Q3,Germany,North Rhine-Westphalia,Public services,Managers,Self-employed,6.37,5565,38.7,2.48,47.0
2021-Q4,Germany,North Rhine-Westphalia,Public services,Managers,Self-employed,6.42,5535,39.8,2.37,44.0
2022-Q1,Germany,North Rhine-Westphalia,Public services,Managers,Self-employed,6.23,5662,39.5,2.69,43.4
2022-Q2,Germany,North Rhine-Westphalia,Public services,Managers,Self-employed,6.67,5694,39.8,2.82,45.2
2022-Q3,Germany,North Rhine-Westphalia,Public services,Managers,Self-employed,6.62,5803,39.2,3.02,42.3
2022-Q4,Germany,North Rhine-Westphalia,Public services,Managers,Self-employed,6.27,5856,39.8,2.79,44.6
2023-Q1,Germany,North Rhine-Westphalia,Public services,Managers,Self-employed,6.39,5831,39.1,2.67,42.7
2023-Q2,Germany,North Rhine-Westphalia,Public services,Managers,Self-employed,6.62,6000,39.9,2.8,41.3
2023-Q3,Germany,North Rhine-Westphalia,Public services,Managers,Self-employed,6.83,6036,39.2,2.46,42.2
2023-Q4,Germany,North Rhine-Westphalia,Public services,Managers,Self-employed,6.71,6232,40.0,2.62,40.7
2024-Q1,Germany,North Rhine-Westphalia,Public services,Managers,Self-employed,6.65,6277,39.0,2.45,38.6
2024-Q2,Germany,North Rhine-Westphalia,Public services,Managers,Self-employed,6.74,6266,39.7,2.71,39.4
2024-Q3,Germany,North Rhine-Westphalia,Public services,Managers,Self-employed,6.98,6405,39.0,2.34,41.5
2024-Q4,Germany,North Rhine-Westphalia,Public services,Managers,Self-employed,6.81,6423,40.0,2.1,41.1
2025-Q1,Germany,North Rhine-Westphalia,Public services,Managers,Self-employed,6.65,6470,39.2,2.2,40.2
2025-Q2,Germany,North Rhine-Westphalia,Public services,Managers,Self-employed,6.85,6605,39.3,2.11,40.0
2025-Q3,Germany,North Rhine-Westphalia,Public services,Managers,Self-employed,6.88,6672,38.9,2.12,39.4
2025-Q4,Germany,North Rhine-Westphalia,Public services,Managers,Self-employed,6.53,6815,40.1,2.18,43.3
2021-Q1,Germany,North Rhine-Westphalia,Public services,Professionals,Permanent,62.4,4319,34.8,2.25,45.2
2021-Q2,Germany,North Rhine-Westphalia,Public services,Professionals,Permanent,64.65,4376,35.4,2.53,42.9
2021-Q3,Germany,North Rhine-Westphalia,Public services,Professionals,Permanent,64.16,4421,34.4,2.37,43.4
2021-Q4,Germany,North Rhine-Westphalia,Public services,Professionals,Permanent,64.04,4477,36.1,2.61,41.3
2022-Q1,Germany,North Rhine-Westphalia,Public services,Professionals,Permanent,63.24,4569,35.0,2.85,39.2
2022-Q2,Germany,North Rhine-Westphalia,Public services,Professionals,Permanent,62.9,4674,35.7,2.78,42.4
2022-Q3,Germany,North Rhine-Westphalia,Public services,Professionals,Permanent,65.16,4619,34.7,2.59,41.8
2022-Q4,Germany,North Rhine-Westphalia,Public services,Professionals,Permanent,64.88,4628,35.7,3.01,39.8
2023-Q1,Germany,North Rhine-Westphalia,Public services,Professionals,Permanent,63.38,4734,35.0,2.72,36.2
2023-Q2,Germany,North Rhine-Westphalia,Public services,Professionals,Permanent,65.67,4838,35.6,2.71,38.6
2023-Q3,Germany,North Rhine-Westphalia,Public services,Professionals,Permanent,66.73,4889,34.8,2.82,38.7
2023-Q4,Germany,North Rhine-Westphalia,Public services,Professionals,Permanent,65.2,4981,35.8,2.43,39.9
2024-Q1,Germany,North Rhine-Westphalia,Public services,Professionals,Permanent,63.47,5009,35.2,2.25,34.6
2024-Q2,Germany,North Rhine-Westphalia,Public services,Professionals,Permanent,66.49,5055,35.7,2.49,38.0
2024-Q3,Germany,North Rhine-Westphalia,Public services,Professionals,Permanent,65.86,5239,34.8,2.38,37.4
2024-Q4,Germany,North Rhine-Westphalia,Public services,Professionals,Permanent,64.51,5248,35.7,2.37,35.9
2025-Q1,Germany,North Rhine-Westphalia,Public services,Professionals,Permanent,63.84,5313,35.2,1.95,38.3
2025-Q2,Germany,North Rhine-Westphalia,Public services,Professionals,Permanent,66.57,5342,35.5,2.01,36.4
2025-Q3,Germany,North Rhine-Westphalia,Public services,Professionals,Permanent,66.77,5391,35.1,2.32,37.2
2025-Q4,Germany,North Rhine-Westphalia,Public services,Professionals,Permanent,64.89,5551,35.8,2.2,39.4
2021-Q1,Germany,North Rhine-Westphalia,Public services,Professionals,Temporary,19.78,3316,31.7,2.01,41.4
2021-Q2,Germany,North Rhine-Westphalia,Public services,Professionals,Temporary,20.74,3371,32.1,2.51,39.6
2021-Q3,Germany,North Rhine-Westphalia,Public services,Professionals,Temporary,20.34,3392,30.9,2.37,38.3
2021-Q4,Germany,North Rhine-Westphalia,Public services,Professionals,Temporary,20.17,3418,32.0,2.39,38.4
2022-Q1,Germany,North Rhine-Westphalia,Public services,Professionals,Temporary,19.91,3479,31.8,2.52,38.0
2022-Q2,Germany,North Rhine-Westphalia,Public services,Professionals,Temporary,20.14,3530,32.1,2.34,35.8
2022-Q3,Germany,North Rhine-Westphalia,Public services,Professionals,Temporary,21.45,3558,31.4,2.71,35.3
2022-Q4,Germany,North Rhine-Westphalia,Public services,Professionals,Temporary,21.04,3602,32.1,2.72,35.0
2023-Q1,Germany,North Rhine-Westphalia,Public services,Professionals,Temporary,20.38,3737,31.6,2.64,37.1
2023-Q2,Germany,North Rhine-Westphalia,Public services,Professionals,Temporary,21.03,3697,32.3,2.51,36.1
2023-Q3,Germany,North Rhine-Westphalia,Public services,Professionals,Temporary,21.8,3792,31.1,2.46,35.8
2023-Q4,Germany,North Rhine-Westphalia,Public services,Professionals,Temporary,20.1,3826,32.5,2.4,33.5
2024-Q1,Germany,North Rhine-Westphalia,Public services,Professionals,Temporary,20.48,3878,31.9,2.19,31.8
2024-Q2,Germany,North Rhine-Westphalia,Public services,Professionals,Temporary,21.3,3837,32.2,2.23,34.5
2024-Q3,Germany,North Rhine-Westphalia,Public services,Professionals,Temporary,20.92,3954,31.4,2.15,34.3
2024-Q4,Germany,North Rhine-Westphalia,Public services,Professionals,Temporary,20.17,4006,32.5,2.1,34.9
2025-Q1,Germany,North Rhine-Westphalia,Public services,Professionals,Temporary,20.54,4064,31.8,1.94,34.7
2025-Q2,Germany,North Rhine-Westphalia,Public services,Professionals,Temporary,21.35,4117,32.4,2.08,33.3
2025-Q3,Germany,North Rhine-Westphalia,Public services,Professionals,Temporary,21.77,4158,31.6,1.96,34.1
2025-Q4,Germany,North Rhine-Westphalia,Public services,Professionals,Temporary,21.01,4209,32.4,1.88,35.2
2021-Q1,Germany,North Rhine-Westphalia,Public services,Professionals,Self-employed,13.28,4618,39.5,2.52,49.9
2021-Q2,Germany,North Rhine-Westphalia,Public services,Professionals,Self-employed,13.47,4567,40.0,2.58,48.5
2021-Q3,Germany,North Rhine-Westphalia,Public services,Professionals,Self-employed,13.66,4711,38.9,2.77,46.9
2021-Q4,Germany,North Rhine-Westphalia,Public services,Professionals,Self-employed,13.44,4770,40.2,2.46,49.2
2022-Q1,Germany,North Rhine-Westphalia,Public services,Professionals,Self-employed,13.57,4746,39.5,2.83,47.8
2022-Q2,Germany,North Rhine-Westphalia,Public services,Professionals,Self-employed,13.3,4886,40.2,2.96,46.0
2022-Q3,Germany,North Rhine-Westphalia,Public services,Professionals,Self-employed,13.72,4924,39.3,3.02,45.0
2022-Q4,Germany,North Rhine-Westphalia,Public services,Professionals,Self-employed,13.15,4957,40.3,2.8,44.3
2023-Q1,Germany,North Rhine-Westphalia,Public services,Professionals,Self-employed,13.41,5068,39.7,2.98,45.3
2023-Q2,Germany,North Rhine-Westphalia,Public services,Professionals,Self-employed,13.51,5154,40.1,2.89,41.8
2023-Q3,Germany,North Rhine-Westphalia,Public services,Professionals,Self-employed,13.5,5178,39.0,2.63,43.9
2023-Q4,Germany,North Rhine-Westphalia,Public services,Professionals,Self-employed,13.25,5180,39.9,2.54,43.9
2024-Q1,Germany,North Rhine-Westphalia,Public services,Professionals,Self-employed,13.55,5277,39.6,2.42,41.6
2024-Q2,Germany,North Rhine-Westphalia,Public services,Professionals,Self-employed,13.71,5367,40.1,2.22,42.2
2024-Q3,Germany,North Rhine-Westphalia,Public services,Professionals,Self-employed,14.09,5408,39.3,2.3,42.4
2024-Q4,Germany,North Rhine-Westphalia,Public services,Professionals,Self-employed,13.53,5520,40.3,2.19,42.7
2025-Q1,Germany,North Rhine-Westphalia,Public services,Professionals,Self-employed,13.18,5613,39.6,2.27,41.7
2025-Q2,Germany,North Rhine-Westphalia,Public services,Professionals,Self-employed,14.19,5651,39.7,2.38,43.4
2025-Q3,Germany,North Rhine-Westphalia,Public services,Professionals,Self-employed,14.28,5725,38.9,2.09,43.3
2025-Q4,Germany,North Rhine-Westphalia,Public services,Professionals,Self-employed,13.99,5825,40.0,2.09,42.7
2021-Q1,Germany,North Rhine-Westphalia,Public services,Clerical & service,Permanent,70.05,2964,35.9,1.93,26.4
2021-Q2,Germany,North Rhine-Westphalia,Public services,Clerical & service,Permanent,69.67,2951,36.1,2.07,28.2
2021-Q3,Germany,North Rhine-Westphalia,Public services,Clerical & service,Permanent,73.2,3005,35.7,2.16,26.6
2021-Q4,Germany,North Rhine-Westphalia,Public services,Clerical & service,Permanent,71.71,3027,36.4,2.14,25.0
2022-Q1,Germany,North Rhine-Westphalia,Public services,Clerical & service,Permanent,70.67,3114,35.5,2.24,27.9
2022-Q2,Germany,North Rhine-Westphalia,Public services,Clerical & service,Permanent,72.1,3097,36.1,2.33,27.3
2022-Q3,Germany,North Rhine-Westphalia,Public services,Clerical & service,Permanent,72.98,3188,35.1,2.83,26.3
2022-Q4,Germany,North Rhine-Westphalia,Public services,Clerical & service,Permanent,70.77,3221,36.3,2.52,26.1
2023-Q1,Germany,North Rhine-Westphalia,Public services,Clerical & service,Permanent,73.3,3234,35.4,2.58,26.7
2023-Q2,Germany,North Rhine-Westphalia,Public services,Clerical & service,Permanent,73.44,3298,35.8,2.39,23.8
2023-Q3,Germany,North Rhine-Westphalia,Public services,Clerical & service,Permanent,75.77,3326,35.0,2.41,24.9
2023-Q4,Germany,North Rhine-Westphalia,Public services,Clerical & service,Permanent,71.45,3375,36.4,2.26,23.3
2024-Q1,Germany,North Rhine-Westphalia,Public services,Clerical & service,Permanent,73.67,3399,35.6,1.86,20.4
2024-Q2,Germany,North Rhine-Westphalia,Public services,Clerical & service,Permanent,73.89,3456,35.9,2.0,24.7
2024-Q3,Germany,North Rhine-Westphalia,Public services,Clerical & service,Permanent,75.29,3511,35.4,1.85,24.6
2024-Q4,Germany,North Rhine-Westphalia,Public services,Clerical & service,Permanent,73.22,3510,36.1,2.04,23.8
2025-Q1,Germany,North Rhine-Westphalia,Public services,Clerical & service,Permanent,73.99,3559,35.7,1.88,23.5
2025-Q2,Germany,North Rhine-Westphalia,Public services,Clerical & service,Permanent,77.04,3678,35.7,1.86,25.5
2025-Q3,Germany,North Rhine-Westphalia,Public services,Clerical & service,Permanent,76.04,3669,35.0,1.78,24.3
2025-Q4,Germany,North Rhine-Westphalia,Public services,Clerical & service,Permanent,74.33,3701,36.1,1.71,26.9
2021-Q1,Germany,North Rhine-Westphalia,Public services,Clerical & service,Temporary,20.58,2264,32.0,2.13,25.4
2021-Q2,Germany,North Rhine-Westphalia,Public services,Clerical & service,Temporary,20.47,2293,32.5,2.28,25.2
2021-Q3,Germany,North Rhine-Westphalia,Public services,Clerical & service,Temporary,20.41,2291,31.2,2.38,24.7
2021-Q4,Germany,North Rhine-Westphalia,Public services,Clerical & service,Temporary,20.51,2316,32.4,2.6,25.1
2022-Q1,Germany,North Rhine-Westphalia,Public services,Clerical & service,Temporary,20.51,2408,31.9,2.71,23.5
2022-Q2,Germany,North Rhine-Westphalia,Public services,Clerical & service,Temporary,21.08,2385,32.3,2.86,24.2
2022-Q3,Germany,North Rhine-Westphalia,Public services,Clerical & service,Temporary,21.41,2442,31.7,2.94,24.4
2022-Q4,Germany,North Rhine-Westphalia,Public services,Clerical & service,Temporary,20.94,2462,32.5,2.89,22.8
2023-Q1,Germany,North Rhine-Westphalia,Public services,Clerical & service,Temporary,20.36,2534,31.8,2.78,20.9
2023-Q2,Germany,North Rhine-Westphalia,Public services,Clerical & service,Temporary,21.29,2526,32.3,2.61,22.9
2023-Q3,Germany,North Rhine-Westphalia,Public services,Clerical & service,Temporary,21.87,2547,31.2,2.95,19.9
2023-Q4,Germany,North Rhine-Westphalia,Public services,Clerical & service,Temporary,21.16,2599,32.5,2.42,23.6
2024-Q1,Germany,North Rhine-Westphalia,Public services,Clerical & service,Temporary,20.81,2596,32.3,2.54,21.3
2024-Q2,Germany,North Rhine-Westphalia,Public services,Clerical & service,Temporary,21.65,2645,32.1,2.24,21.9
2024-Q3,Germany,North Rhine-Westphalia,Public services,Clerical & service,Temporary,21.71,2700,31.5,2.21,21.8
2024-Q4,Germany,North Rhine-Westphalia,Public services,Clerical & service,Temporary,20.81,2745,32.9,2.23,21.6
2025-Q1,Germany,North Rhine-Westphalia,Public services,Clerical & service,Temporary,20.89,2773,31.8,2.37,20.4
2025-Q2,Germany,North Rhine-Westphalia,Public services,Clerical & service,Temporary,21.62,2804,32.4,2.07,20.2
2025-Q3,Germany,North Rhine-Westphalia,Public services,Clerical & service,Temporary,22.09,2787,31.4,1.94,19.4
2025-Q4,Germany,North Rhine-Westphalia,Public services,Clerical & service,Temporary,22.19,2862,32.9,2.09,21.5
2021-Q1,Germany,North Rhine-Westphalia,Trade & hospitality,Managers,Permanent,34.66,4079,37.8,4.73,14.6
2021-Q2,Germany,North Rhine-Westphalia,Trade & hospitality,Managers,Permanent,34.56,4118,37.9,4.25,13.5
2021-Q3,Germany,North Rhine-Westphalia,Trade & hospitality,Managers,Permanent,34.56,4150,36.9,4.53,13.2
2021-Q4,Germany,North Rhine-Westphalia,Trade & hospitality,Managers,Permanent,35.31,4180,38.2,5.51,13.3
2022-Q1,Germany,North Rhine-Westphalia,Trade & hospitality,Managers,Permanent,35.19,4209,37.8,4.96,14.2
2022-Q2,Germany,North Rhine-Westphalia,Trade & hospitality,Managers,Permanent,35.31,4343,37.8,5.35,15.7
2022-Q3,Germany,North Rhine-Westphalia,Trade & hospitality,Managers,Permanent,35.95,4319,37.1,5.51,13.8
2022-Q4,Germany,North Rhine-Westphalia,Trade & hospitality,Managers,Permanent,34.71,4360,38.3,5.57,14.1
2023-Q1,Germany,North Rhine-Westphalia,Trade & hospitality,Managers,Permanent,34.25,4450,37.1,5.31,13.6
2023-Q2,Germany,North Rhine-Westphalia,Trade & hospitality,Managers,Permanent,35.41,4575,37.9,4.98,13.9
2023-Q3,Germany,North Rhine-Westphalia,Trade & hospitality,Managers,Permanent,36.5,4623,36.8,5.17,13.6
2023-Q4,Germany,North Rhine-Westphalia,Trade & hospitality,Managers,Permanent,35.39,4682,38.0,5.02,13.2
2024-Q1,Germany,North Rhine-Westphalia,Trade & hospitality,Managers,Permanent,35.46,4724,37.3,4.87,11.7
2024-Q2,Germany,North Rhine-Westphalia,Trade & hospitality,Managers,Permanent,36.06,4836,38.0,4.54,14.5
2024-Q3,Germany,North Rhine-Westphalia,Trade & hospitality,Managers,Permanent,36.88,4817,37.0,4.37,12.1
2024-Q4,Germany,North Rhine-Westphalia,Trade & hospitality,Managers,Permanent,35.94,4954,38.0,4.74,14.3
2025-Q1,Germany,North Rhine-Westphalia,Trade & hospitality,Managers,Permanent,34.79,4964,37.3,4.45,14.2
2025-Q2,Germany,North Rhine-Westphalia,Trade & hospitality,Managers,Permanent,36.21,5011,38.0,4.29,12.6
2025-Q3,Germany,North Rhine-Westphalia,Trade & hospitality,Managers,Permanent,37.74,5142,37.1,4.34,12.0
2025-Q4,Germany,North Rhine-Westphalia,Trade & hospitality,Managers,Permanent,36.41,5142,38.0,4.03,12.5
2021-Q1,Germany,North Rhine-Westphalia,Trade & hospitality,Managers,Self-employed,7.91,4373,42.0,4.42,16.8
2021-Q2,Germany,North Rhine-Westphalia,Trade & hospitality,Managers,Self-employed,8.21,4409,42.4,4.29,16.8
2021-Q3,Germany,North Rhine-Westphalia,Trade & hospitality,Managers,Self-employed,8.16,4407,41.3,4.61,16.5
2021-Q4,Germany,North Rhine-Westphalia,Trade & hospitality,Managers,Self-employed,8.14,4577,42.6,4.55,15.3
2022-Q1,Germany,North Rhine-Westphalia,Trade & hospitality,Managers,Self-employed,7.97,4583,42.0,4.84,15.2
2022-Q2,Germany,North Rhine-Westphalia,Trade & hospitality,Managers,Self-employed,8.06,4595,41.7,5.23,17.3
2022-Q3,Germany,North Rhine-Westphalia,Trade & hospitality,Managers,Self-employed,8.44,4728,41.0,4.74,15.6
2022-Q4,Germany,North Rhine-Westphalia,Trade & hospitality,Managers,Self-employed,7.78,4704,42.0,5.35,17.6
2023-Q1,Germany,North Rhine-Westphalia,Trade & hospitality,Managers,Self-employed,8.11,4837,42.0,5.28,18.2
2023-Q2,Germany,North Rhine-Westphalia,Trade & hospitality,Managers,Self-employed,8.31,4921,42.3,4.77,15.2
2023-Q3,Germany,North Rhine-Westphalia,Trade & hospitality,Managers,Self-employed,8.59,4937,41.7,4.87,13.2
2023-Q4,Germany,North Rhine-Westphalia,Trade & hospitality,Managers,Self-employed,8.17,4997,42.3,4.92,14.9
2024-Q1,Germany,North Rhine-Westphalia,Trade & hospitality,Managers,Self-employed,7.95,5077,41.8,4.94,12.6
2024-Q2,Germany,North Rhine-Westphalia,Trade & hospitality,Managers,Self-employed,8.65,5179,42.3,4.31,14.5
2024-Q3,Germany,North Rhine-Westphalia,Trade & hospitality,Managers,Self-employed,8.25,5174,41.3,4.18,13.7
2024-Q4,Germany,North Rhine-Westphalia,Trade & hospitality,Managers,Self-employed,8.45,5238,42.4,4.14,12.4
2025-Q1,Germany,North Rhine-Westphalia,Trade & hospitality,Managers,Self-employed,8.4,5201,42.0,4.0,16.1
2025-Q2,Germany,North Rhine-Westphalia,Trade & hospitality,Managers,Self-employed,8.33,5323,42.0,4.19,14.6
2025-Q3,Germany,North Rhine-Westphalia,Trade & hospitality,Managers,Self-employed,8.33,5538,41.3,4.09,14.0
2025-Q4,Germany,North Rhine-Westphalia,Trade & hospitality,Managers,Self-employed,8.31,5529,42.7,3.82,16.9
2021-Q1,Germany,North Rhine-Westphalia,Trade & hospitality,Clerical & service,Permanent,89.61,2370,37.1,4.02,10.8
2021-Q2,Germany,North Rhine-Westphalia,Trade & hospitality,Clerical & service,Permanent,95.34,2419,37.6,4.07,9.6
2021-Q3,Germany,North Rhine-Westphalia,Trade & hospitality,Clerical & service,Permanent,96.73,2487,36.6,4.21,9.2
2021-Q4,Germany,North Rhine-Westphalia,Trade & hospitality,Clerical & service,Permanent,92.02,2471,37.7,4.39,9.3
2022-Q1,Germany,North Rhine-Westphalia,Trade & hospitality,Clerical & service,Permanent,93.59,2526,36.9,4.7,10.2
2022-Q2,Germany,North Rhine-Westphalia,Trade & hospitality,Clerical & service,Permanent,96.28,2507,37.7,4.44,9.1
2022-Q3,Germany,North Rhine-Westphalia,Trade & hospitality,Clerical & service,Permanent,98.03,2620,36.6,5.31,10.8
2022-Q4,Germany,North Rhine-Westphalia,Trade & hospitality,Clerical & service,Permanent,97.96,2615,37.7,5.16,6.3
2023-Q1,Germany,North Rhine-Westphalia,Trade & hospitality,Clerical & service,Permanent,95.88,2653,37.3,4.23,7.7
2023-Q2,Germany,North Rhine-Westphalia,Trade & hospitality,Clerical & service,Permanent,93.98,2718,37.5,4.26,7.9
2023-Q3,Germany,North Rhine-Westphalia,Trade & hospitality,Clerical & service,Permanent,96.7,2746,36.5,4.56,8.6
2023-Q4,Germany,North Rhine-Westphalia,Trade & hospitality,Clerical & service,Permanent,96.24,2760,37.6,4.46,9.0
2024-Q1,Germany,North Rhine-Westphalia,Trade & hospitality,Clerical & service,Permanent,97.03,2794,37.2,4.03,10.7
2024-Q2,Germany,North Rhine-Westphalia,Trade & hospitality,Clerical & service,Permanent,98.76,2824,37.4,3.95,9.2
2024-Q3,Germany,North Rhine-Westphalia,Trade & hospitality,Clerical & service,Permanent,101.17,2850,36.8,4.35,7.7
2024-Q4,Germany,North Rhine-Westphalia,Trade & hospitality,Clerical & service,Permanent,98.58,2876,37.8,3.77,6.2
2025-Q1,Germany,North Rhine-Westphalia,Trade & hospitality,Clerical & service,Permanent,93.91,2896,37.0,3.91,9.0
2025-Q2,Germany,North Rhine-Westphalia,Trade & hospitality,Clerical & service,Permanent,100.84,2963,37.4,3.56,9.1
2025-Q3,Germany,North Rhine-Westphalia,Trade & hospitality,Clerical & service,Permanent,103.39,2973,36.6,3.94,7.3
2025-Q4,Germany,North Rhine-Westphalia,Trade & hospitality,Clerical & service,Permanent,100.8,3018,37.9,3.76,7.9
2021-Q1,Germany,North Rhine-Westphalia,Trade & hospitality,Clerical & service,Temporary,26.12,1803,34.0,4.25,9.3
2021-Q2,Germany,North Rhine-Westphalia,Trade & hospitality,Clerical & service,Temporary,27.83,1799,34.2,4.49,9.4
2021-Q3,Germany,North Rhine-Westphalia,Trade & hospitality,Clerical & service,Temporary,26.97,1824,33.3,4.44,8.5
2021-Q4,Germany,North Rhine-Westphalia,Trade & hospitality,Clerical & service,Temporary,26.18,1871,34.5,4.27,8.9
2022-Q1,Germany,North Rhine-Westphalia,Trade & hospitality,Clerical & service,Temporary,26.64,1838,33.8,4.72,6.5
2022-Q2,Germany,North Rhine-Westphalia,Trade & hospitality,Clerical & service,Temporary,28.13,1895,34.3,4.89,8.9
2022-Q3,Germany,North Rhine-Westphalia,Trade & hospitality,Clerical & service,Temporary,28.41,1904,33.5,4.56,9.7
2022-Q4,Germany,North Rhine-Westphalia,Trade & hospitality,Clerical & service,Temporary,27.56,1940,34.7,4.53,7.8
2023-Q1,Germany,North Rhine-Westphalia,Trade & hospitality,Clerical & service,Temporary,26.92,1950,33.6,4.83,7.8
2023-Q2,Germany,North Rhine-Westphalia,Trade & hospitality,Clerical & service,Temporary,27.85,1955,34.1,4.55,9.1
2023-Q3,Germany,North Rhine-Westphalia,Trade & hospitality,Clerical & service,Temporary,28.63,2024,33.5,4.69,6.8
2023-Q4,Germany,North Rhine-Westphalia,Trade & hospitality,Clerical & service,Temporary,27.64,2010,34.6,4.59,7.4
2024-Q1,Germany,North Rhine-Westphalia,Trade & hospitality,Clerical & service,Temporary,27.59,2055,33.8,4.18,5.8
2024-Q2,Germany,North Rhine-Westphalia,Trade & hospitality,Clerical & service,Temporary,28.38,2090,34.3,3.97,7.5
2024-Q3,Germany,North Rhine-Westphalia,Trade & hospitality,Clerical & service,Temporary,29.08,2125,33.5,3.75,6.5
2024-Q4,Germany,North Rhine-Westphalia,Trade & hospitality,Clerical & service,Temporary,28.78,2143,34.6,4.1,6.4
2025-Q1,Germany,North Rhine-Westphalia,Trade & hospitality,Clerical & service,Temporary,28.17,2192,33.7,3.71,8.8
2025-Q2,Germany,North Rhine-Westphalia,Trade & hospitality,Clerical & service,Temporary,29.01,2205,34.2,3.63,9.5
2025-Q3,Germany,North Rhine-Westphalia,Trade & hospitality,Clerical & service,Temporary,28.87,2235,33.3,4.29,8.9
2025-Q4,Germany,North Rhine-Westphalia,Trade & hospitality,Clerical & service,Temporary,29.01,2227,34.5,3.82,8.5
2021-Q1,Germany,North Rhine-Westphalia,Trade & hospitality,Production & trades,Permanent,92.62,2571,37.0,4.31,6.1
2021-Q2,Germany,North Rhine-Westphalia,Trade & hospitality,Production & trades,Permanent,94.58,2599,37.1,4.25,4.1
2021-Q3,Germany,North Rhine-Westphalia,Trade & hospitality,Production & trades,Permanent,95.14,2646,37.2,4.45,2.6
2021-Q4,Germany,North Rhine-Westphalia,Trade & hospitality,Production & trades,Permanent,93.2,2635,37.4,4.79,3.0
2022-Q1,Germany,North Rhine-Westphalia,Trade & hospitality,Production & trades,Permanent,91.24,2646,37.2,4.79,4.7
2022-Q2,Germany,North Rhine-Westphalia,Trade & hospitality,Production & trades,Permanent,97.64,2642,37.8,5.07,2.7
2022-Q3,Germany,North Rhine-Westphalia,Trade & hospitality,Production & trades,Permanent,100.01,2738,37.0,5.06,4.5
2022-Q4,Germany,North Rhine-Westphalia,Trade & hospitality,Production & trades,Permanent,96.63,2750,37.8,4.83,2.5
2023-Q1,Germany,North Rhine-Westphalia,Trade & hospitality,Production & trades,Permanent,91.74,2806,37.1,5.18,2.6
2023-Q2,Germany,North Rhine-Westphalia,Trade & hospitality,Production & trades,Permanent,96.23,2844,37.2,3.97,5.3
2023-Q3,Germany,North Rhine-Westphalia,Trade & hospitality,Production & trades,Permanent,99.36,2879,36.4,5.06,2.4
2023-Q4,Germany,North Rhine-Westphalia,Trade & hospitality,Production & trades,Permanent,96.98,2912,37.5,4.38,2.0
2024-Q1,Germany,North Rhine-Westphalia,Trade & hospitality,Production & trades,Permanent,91.53,2924,36.9,4.28,2.9
2024-Q2,Germany,North Rhine-Westphalia,Trade & hospitality,Production & trades,Permanent,97.73,2945,37.7,4.38,3.7
2024-Q3,Germany,North Rhine-Westphalia,Trade & hospitality,Production & trades,Permanent,98.06,3063,36.5,3.79,4.3
2024-Q4,Germany,North Rhine-Westphalia,Trade & hospitality,Production & trades,Permanent,97.41,3033,37.9,3.7,4.1
2025-Q1,Germany,North Rhine-Westphalia,Trade & hospitality,Production & trades,Permanent,98.48,3096,36.9,4.18,1.5
2025-Q2,Germany,North Rhine-Westphalia,Trade & hospitality,Production & trades,Permanent,95.54,3161,37.3,3.74,3.6
2025-Q3,Germany,North Rhine-Westphalia,Trade & hospitality,Production & trades,Permanent,99.41,3171,36.7,4.17,2.4
2025-Q4,Germany,North Rhine-Westphalia,Trade & hospitality,Production & trades,Permanent,95.81,3204,37.8,3.76,1.7
2021-Q1,Germany,North Rhine-Westphalia,Trade & hospitality,Production & trades,Temporary,27.56,2024,33.5,4.21,4.8
2021-Q2,Germany,North Rhine-Westphalia,Trade & hospitality,Production & trades,Temporary,28.34,2039,34.2,4.67,4.6
2021-Q3,Germany,North Rhine-Westphalia,Trade & hospitality,Production & trades,Temporary,28.15,2068,33.1,3.98,6.2
2021-Q4,Germany,North Rhine-Westphalia,Trade & hospitality,Production & trades,Temporary,27.61,2089,34.5,5.34,4.4
2022-Q1,Germany,North Rhine-Westphalia,Trade & hospitality,Production & trades,Temporary,27.03,2127,33.6,5.1,3.9
2022-Q2,Germany,North Rhine-Westphalia,Trade & hospitality,Production & trades,Temporary,27.57,2137,33.8,5.77,3.7
2022-Q3,Germany,North Rhine-Westphalia,Trade & hospitality,Production & trades,Temporary,28.46,2164,33.5,5.58,2.4
2022-Q4,Germany,North Rhine-Westphalia,Trade & hospitality,Production & trades,Temporary,28.0,2194,34.3,5.64,5.6
2023-Q1,Germany,North Rhine-Westphalia,Trade & hospitality,Production & trades,Temporary,27.71,2232,33.4,4.85,1.2
2023-Q2,Germany,North Rhine-Westphalia,Trade & hospitality,Production & trades,Temporary,28.81,2238,34.0,4.78,6.7
2023-Q3,Germany,North Rhine-Westphalia,Trade & hospitality,Production & trades,Temporary,28.6,2287,33.1,4.63,2.9
2023-Q4,Germany,North Rhine-Westphalia,Trade & hospitality,Production & trades,Temporary,28.2,2286,34.3,4.66,3.3
2024-Q1,Germany,North Rhine-Westphalia,Trade & hospitality,Production & trades,Temporary,27.21,2317,33.6,4.43,1.0
2024-Q2,Germany,North Rhine-Westphalia,Trade & hospitality,Production & trades,Temporary,29.15,2353,34.2,4.3,3.4
2024-Q3,Germany,North Rhine-Westphalia,Trade & hospitality,Production & trades,Temporary,29.39,2397,33.2,4.5,4.4
2024-Q4,Germany,North Rhine-Westphalia,Trade & hospitality,Production & trades,Temporary,29.9,2419,34.3,4.58,3.3
2025-Q1,Germany,North Rhine-Westphalia,Trade & hospitality,Production & trades,Temporary,28.62,2472,33.6,4.28,1.3
2025-Q2,Germany,North Rhine-Westphalia,Trade & hospitality,Production & trades,Temporary,29.38,2499,34.1,4.22,2.4
2025-Q3,Germany,North Rhine-Westphalia,Trade & hospitality,Production & trades,Temporary,29.87,2507,33.0,3.67,3.5
2025-Q4,Germany,North Rhine-Westphalia,Trade & hospitality,Production & trades,Temporary,28.89,2547,34.3,3.69,2.4
2021-Q1,Germany,North Rhine-Westphalia,Trade & hospitality,Production & trades,Self-employed,22.7,2752,41.3,4.02,3.0
2021-Q2,Germany,North Rhine-Westphalia,Trade & hospitality,Production & trades,Self-employed,23.47,2798,41.7,3.95,2.4
2021-Q3,Germany,North Rhine-Westphalia,Trade & hospitality,Production & trades,Self-employed,23.55,2844,41.2,4.0,3.6
2021-Q4,Germany,North Rhine-Westphalia,Trade & hospitality,Production & trades,Self-employed,23.09,2853,42.1,4.37,2.6
2022-Q1,Germany,North Rhine-Westphalia,Trade & hospitality,Production & trades,Self-employed,22.63,2939,41.3,4.49,4.2
2022-Q2,Germany,North Rhine-Westphalia,Trade & hospitality,Production & trades,Self-employed,24.18,2923,41.9,4.97,3.5
2022-Q3,Germany,North Rhine-Westphalia,Trade & hospitality,Production & trades,Self-employed,24.42,3004,41.1,4.59,5.2
2022-Q4,Germany,North Rhine-Westphalia,Trade & hospitality,Production & trades,Self-employed,23.41,3006,42.1,4.6,4.4
2023-Q1,Germany,North Rhine-Westphalia,Trade & hospitality,Production & trades,Self-employed,23.75,3028,41.4,4.74,3.3
2023-Q2,Germany,North Rhine-Westphalia,Trade & hospitality,Production & trades,Self-employed,23.59,3085,41.9,5.01,2.3
2023-Q3,Germany,North Rhine-Westphalia,Trade & hospitality,Production & trades,Self-employed,23.85,3135,41.4,4.91,5.7
2023-Q4,Germany,North Rhine-Westphalia,Trade & hospitality,Production & trades,Self-employed,24.18,3196,42.1,4.01,2.1
2024-Q1,Germany,North Rhine-Westphalia,Trade & hospitality,Production & trades,Self-employed,24.01,3175,41.3,4.07,4.9
2024-Q2,Germany,North Rhine-Westphalia,Trade & hospitality,Production & trades,Self-employed,24.31,3287,41.8,3.68,4.0
2024-Q3,Germany,North Rhine-Westphalia,Trade & hospitality,Production & trades,Self-employed,24.57,3284,41.1,4.24,3.3
2024-Q4,Germany,North Rhine-Westphalia,Trade & hospitality,Production & trades,Self-employed,24.07,3313,42.1,4.22,3.8
2025-Q1,Germany,North Rhine-Westphalia,Trade & hospitality,Production & trades,Self-employed,23.91,3341,41.7,3.86,4.2
2025-Q2,Germany,North Rhine-Westphalia,Trade & hospitality,Production & trades,Self-employed,24.73,3421,41.7,3.69,2.4
2025-Q3,Germany,North Rhine-Westphalia,Trade & hospitality,Production & trades,Self-employed,24.77,3531,40.9,3.68,3.0
2025-Q4,Germany,North Rhine-Westphalia,Trade & hospitality,Production & trades,Self-employed,24.45,3576,42.2,3.69,5.4
2021-Q1,Netherlands,North Holland,Finance,Managers,Permanent,7.77,6539,35.2,3.55,64.9
2021-Q2,Netherlands,North Holland,Finance,Managers,Permanent,8.48,6460,35.2,3.91,62.5
2021-Q3,Netherlands,North Holland,Finance,Managers,Permanent,8.31,6643,34.1,4.24,63.5
2021-Q4,Netherlands,North Holland,Finance,Managers,Permanent,8.09,6733,35.8,3.77,61.0
2022-Q1,Netherlands,North Holland,Finance,Managers,Permanent,8.07,6781,35.0,3.74,60.9
2022-Q2,Netherlands,North Holland,Finance,Managers,Permanent,8.54,6851,35.2,4.23,58.4
2022-Q3,Netherlands,North Holland,Finance,Managers,Permanent,8.32,6950,34.6,4.54,58.0
2022-Q4,Netherlands,North Holland,Finance,Managers,Permanent,8.46,6944,35.5,4.02,57.5
2023-Q1,Netherlands,North Holland,Finance,Managers,Permanent,8.34,7128,34.7,4.02,58.2
2023-Q2,Netherlands,North Holland,Finance,Managers,Permanent,8.6,7093,35.5,3.85,54.3
2023-Q3,Netherlands,North Holland,Finance,Managers,Permanent,8.76,7305,34.2,3.97,55.6
2023-Q4,Netherlands,North Holland,Finance,Managers,Permanent,8.38,7393,35.7,3.93,53.7
2024-Q1,Netherlands,North Holland,Finance,Managers,Permanent,8.08,7518,34.8,3.48,53.4
2024-Q2,Netherlands,North Holland,Finance,Managers,Permanent,8.11,7516,35.5,3.22,54.5
2024-Q3,Netherlands,North Holland,Finance,Managers,Permanent,8.77,7520,34.9,3.52,54.1
2024-Q4,Netherlands,North Holland,Finance,Managers,Permanent,8.46,7689,35.8,3.4,53.6
2025-Q1,Netherlands,North Holland,Finance,Managers,Permanent,8.47,7914,34.6,3.34,54.9
2025-Q2,Netherlands,North Holland,Finance,Managers,Permanent,8.88,7884,35.4,3.05,55.9
2025-Q3,Netherlands,North Holland,Finance,Managers,Permanent,8.5,8013,34.2,3.14,53.9
2025-Q4,Netherlands,North Holland,Finance,Managers,Permanent,8.78,8138,35.4,3.16,55.4
2021-Q1,Netherlands,North Holland,Finance,Managers,Self-employed,2.03,7143,39.2,2.9,70.2
2021-Q2,Netherlands,North Holland,Finance,Managers,Self-employed,2.08,7280,39.3,3.18,70.9
2021-Q3,Netherlands,North Holland,Finance,Managers,Self-employed,2.07,7365,38.4,3.58,71.5
2021-Q4,Netherlands,North Holland,Finance,Managers,Self-employed,2.04,7444,39.5,3.93,70.6
2022-Q1,Netherlands,North Holland,Finance,Managers,Self-employed,2.06,7619,39.1,3.64,69.1
2022-Q2,Netherlands,North Holland,Finance,Managers,Self-employed,2.15,7685,39.4,3.95,70.1
2022-Q3,Netherlands,North Holland,Finance,Managers,Self-employed,2.16,7783,38.4,4.25,66.6
2022-Q4,Netherlands,North Holland,Finance,Managers,Self-employed,2.08,7762,39.6,4.07,65.2
2023-Q1,Netherlands,North Holland,Finance,Managers,Self-employed,2.1,7906,38.9,3.87,63.5
2023-Q2,Netherlands,North Holland,Finance,Managers,Self-employed,2.11,7999,39.6,3.81,64.2
2023-Q3,Netherlands,North Holland,Finance,Managers,Self-employed,2.21,8218,38.2,3.73,62.8
2023-Q4,Netherlands,North Holland,Finance,Managers,Self-employed,2.16,8192,39.7,3.8,62.5
2024-Q1,Netherlands,North Holland,Finance,Managers,Self-employed,2.07,8202,38.8,3.16,62.7
2024-Q2,Netherlands,North Holland,Finance,Managers,Self-employed,2.13,8411,39.7,2.83,61.8
2024-Q3,Netherlands,North Holland,Finance,Managers,Self-employed,2.23,8526,38.6,3.21,62.9
2024-Q4,Netherlands,North Holland,Finance,Managers,Self-employed,2.18,8710,40.0,3.04,64.2
2025-Q1,Netherlands,North Holland,Finance,Managers,Self-employed,2.19,8815,39.0,3.23,63.9
2025-Q2,Netherlands,North Holland,Finance,Managers,Self-employed,2.15,8803,39.8,3.38,64.1
2025-Q3,Netherlands,North Holland,Finance,Managers,Self-employed,2.22,9081,38.4,3.29,61.2
2025-Q4,Netherlands,North Holland,Finance,Managers,Self-employed,2.17,9131,39.7,3.01,64.9
2021-Q1,Netherlands,North Holland,Finance,Professionals,Permanent,20.11,5446,35.3,3.74,67.7
2021-Q2,Netherlands,North Holland,Finance,Professionals,Permanent,21.11,5440,35.5,3.88,66.4
2021-Q3,Netherlands,North Holland,Finance,Professionals,Permanent,20.32,5544,34.2,4.26,64.9
2021-Q4,Netherlands,North Holland,Finance,Professionals,Permanent,20.35,5681,35.5,4.54,63.6
2022-Q1,Netherlands,North Holland,Finance,Professionals,Permanent,20.24,5800,34.7,4.47,64.3
2022-Q2,Netherlands,North Holland,Finance,Professionals,Permanent,20.87,5807,35.1,4.16,61.6
2022-Q3,Netherlands,North Holland,Finance,Professionals,Permanent,21.35,5876,34.4,4.67,61.2
2022-Q4,Netherlands,North Holland,Finance,Professionals,Permanent,20.8,6054,35.8,4.68,63.1
2023-Q1,Netherlands,North Holland,Finance,Professionals,Permanent,20.28,6027,34.8,4.46,59.2
2023-Q2,Netherlands,North Holland,Finance,Professionals,Permanent,20.88,6115,35.6,4.56,58.6
2023-Q3,Netherlands,North Holland,Finance,Professionals,Permanent,21.23,6195,34.2,4.55,56.6
2023-Q4,Netherlands,North Holland,Finance,Professionals,Permanent,20.93,6285,35.7,4.1,58.4
2024-Q1,Netherlands,North Holland,Finance,Professionals,Permanent,20.87,6322,34.9,4.56,58.9
2024-Q2,Netherlands,North Holland,Finance,Professionals,Permanent,22.09,6375,35.2,3.73,57.5
2024-Q3,Netherlands,North Holland,Finance,Professionals,Permanent,21.79,6439,34.1,3.84,56.3
2024-Q4,Netherlands,North Holland,Finance,Professionals,Permanent,21.08,6613,35.3,3.96,56.4
2025-Q1,Netherlands,North Holland,Finance,Professionals,Permanent,20.79,6637,35.0,3.75,58.3
2025-Q2,Netherlands,North Holland,Finance,Professionals,Permanent,20.86,6750,35.3,3.43,56.2
2025-Q3,Netherlands,North Holland,Finance,Professionals,Permanent,21.64,6865,34.7,3.82,55.6
2025-Q4,Netherlands,North Holland,Finance,Professionals,Permanent,21.41,6994,35.9,3.34,59.0
2021-Q1,Netherlands,North Holland,Finance,Professionals,Temporary,6.19,4657,31.3,4.17,63.3
2021-Q2,Netherlands,North Holland,Finance,Professionals,Temporary,6.51,4748,31.7,4.08,58.6
2021-Q3,Netherlands,North Holland,Finance,Professionals,Temporary,6.39,4784,30.8,3.82,58.8
2021-Q4,Netherlands,North Holland,Finance,Professionals,Temporary,6.12,4879,31.7,3.74,58.4
2022-Q1,Netherlands,North Holland,Finance,Professionals,Temporary,6.25,4878,31.0,3.98,57.9
2022-Q2,Netherlands,North Holland,Finance,Professionals,Temporary,6.47,4949,31.7,4.08,55.6
2022-Q3,Netherlands,North Holland,Finance,Professionals,Temporary,6.38,5033,30.5,4.49,56.0
2022-Q4,Netherlands,North Holland,Finance,Professionals,Temporary,6.25,5024,31.6,4.36,54.8
2023-Q1,Netherlands,North Holland,Finance,Professionals,Temporary,6.0,5096,30.7,4.51,52.0
2023-Q2,Netherlands,North Holland,Finance,Professionals,Temporary,6.52,5145,31.6,4.77,53.8
2023-Q3,Netherlands,North Holland,Finance,Professionals,Temporary,6.32,5338,30.7,4.59,55.3
2023-Q4,Netherlands,North Holland,Finance,Professionals,Temporary,6.46,5356,31.8,4.14,54.3
2024-Q1,Netherlands,North Holland,Finance,Professionals,Temporary,6.35,5400,31.0,4.12,53.3
2024-Q2,Netherlands,North Holland,Finance,Professionals,Temporary,6.42,5495,31.7,3.97,54.8
2024-Q3,Netherlands,North Holland,Finance,Professionals,Temporary,6.55,5660,30.8,3.99,50.6
2024-Q4,Netherlands,North Holland,Finance,Professionals,Temporary,6.29,5553,32.2,4.1,53.3
2025-Q1,Netherlands,North Holland,Finance,Professionals,Temporary,6.29,5704,31.3,3.42,52.6
2025-Q2,Netherlands,North Holland,Finance,Professionals,Temporary,6.6,5726,31.7,3.72,54.3
2025-Q3,Netherlands,North Holland,Finance,Professionals,Temporary,6.52,5853,31.0,3.25,55.4
2025-Q4,Netherlands,North Holland,Finance,Professionals,Temporary,6.39,5897,31.8,3.31,55.7
2021-Q1,Netherlands,North Holland,Finance,Professionals,Self-employed,4.6,6588,39.4,3.33,74.5
2021-Q2,Netherlands,North Holland,Finance,Professionals,Self-employed,4.48,6615,39.6,3.73,76.2
2021-Q3,Netherlands,North Holland,Finance,Professionals,Self-employed,4.69,6691,38.7,3.74,73.1
2021-Q4,Netherlands,North Holland,Finance,Professionals,Self-employed,4.5,6806,40.2,3.84,73.6
2022-Q1,Netherlands,North Holland,Finance,Professionals,Self-employed,4.63,6844,39.0,4.02,72.8
2022-Q2,Netherlands,North Holland,Finance,Professionals,Self-employed,4.76,6935,40.0,4.26,71.7
2022-Q3,Netherlands,North Holland,Finance,Professionals,Self-employed,4.82,7045,39.0,3.88,72.2
2022-Q4,Netherlands,North Holland,Finance,Professionals,Self-employed,4.73,7083,40.1,4.33,71.3
2023-Q1,Netherlands,North Holland,Finance,Professionals,Self-employed,4.69,7227,39.4,3.91,67.2
2023-Q2,Netherlands,North Holland,Finance,Professionals,Self-employed,4.98,7290,39.8,3.8,67.5
2023-Q3,Netherlands,North Holland,Finance,Professionals,Self-employed,4.84,7367,38.8,3.39,67.3
2023-Q4,Netherlands,North Holland,Finance,Professionals,Self-employed,4.74,7503,39.9,3.56,65.5
2024-Q1,Netherlands,North Holland,Finance,Professionals,Self-employed,4.6,7592,39.4,3.68,64.8
2024-Q2,Netherlands,North Holland,Finance,Professionals,Self-employed,4.76,7655,39.9,3.84,64.2
2024-Q3,Netherlands,North Holland,Finance,Professionals,Self-employed,4.86,7762,38.7,3.64,65.3
2024-Q4,Netherlands,North Holland,Finance,Professionals,Self-employed,4.67,7966,40.1,3.36,65.7
2025-Q1,Netherlands,North Holland,Finance,Professionals,Self-employed,4.79,7947,39.5,3.14,65.3
2025-Q2,Netherlands,North Holland,Finance,Professionals,Self-employed,4.86,8135,39.7,3.03,65.0
2025-Q3,Netherlands,North Holland,Finance,Professionals,Self-employed,4.99,8279,39.2,3.09,64.9
2025-Q4,Netherlands,North Holland,Finance,Professionals,Self-employed,4.84,8282,40.1,2.93,66.9
2021-Q1,Netherlands,North Holland,Finance,Clerical & service,Permanent,21.07,3775,34.5,3.25,42.5
2021-Q2,Netherlands,North Holland,Finance,Clerical & service,Permanent,22.51,3805,35.1,3.68,39.8
2021-Q3,Netherlands,North Holland,Finance,Clerical & service,Permanent,22.79,3848,34.1,3.93,41.9
2021-Q4,Netherlands,North Holland,Finance,Clerical & service,Permanent,21.17,3931,35.5,4.03,41.6
2022-Q1,Netherlands,North Holland,Finance,Clerical & service,Permanent,21.55,3879,34.6,3.98,39.8
2022-Q2,Netherlands,North Holland,Finance,Clerical & service,Permanent,22.77,4034,35.2,4.39,40.4
2022-Q3,Netherlands,North Holland,Finance,Clerical & service,Permanent,22.16,4100,34.1,4.21,38.2
2022-Q4,Netherlands,North Holland,Finance,Clerical & service,Permanent,21.95,4142,35.6,4.19,38.3
2023-Q1,Netherlands,North Holland,Finance,Clerical & service,Permanent,20.99,4168,34.5,4.39,39.6
2023-Q2,Netherlands,North Holland,Finance,Clerical & service,Permanent,22.17,4212,35.2,4.14,37.7
2023-Q3,Netherlands,North Holland,Finance,Clerical & service,Permanent,22.32,4348,34.1,4.35,39.4
2023-Q4,Netherlands,North Holland,Finance,Clerical & service,Permanent,22.57,4238,35.4,3.94,36.5
2024-Q1,Netherlands,North Holland,Finance,Clerical & service,Permanent,22.0,4341,34.9,3.62,35.7
2024-Q2,Netherlands,North Holland,Finance,Clerical & service,Permanent,23.53,4475,35.0,3.52,36.0
2024-Q3,Netherlands,North Holland,Finance,Clerical & service,Permanent,23.13,4502,34.0,3.36,38.3
2024-Q4,Netherlands,North Holland,Finance,Clerical & service,Permanent,22.68,4515,35.5,3.49,37.2
2025-Q1,Netherlands,North Holland,Finance,Clerical & service,Permanent,22.09,4622,34.6,3.6,36.0
2025-Q2,Netherlands,North Holland,Finance,Clerical & service,Permanent,23.12,4633,35.1,3.47,36.7
2025-Q3,Netherlands,North Holland,Finance,Clerical & service,Permanent,22.84,4667,33.9,3.23,39.4
2025-Q4,Netherlands,North Holland,Finance,Clerical & service,Permanent,22.99,4789,35.2,3.37,37.0
2021-Q1,Netherlands,North Holland,Finance,Clerical & service,Temporary,6.38,3177,31.0,3.7,38.8
2021-Q2,Netherlands,North Holland,Finance,Clerical & service,Temporary,6.71,3209,31.6,3.63,38.0
2021-Q3,Netherlands,North Holland,Finance,Clerical & service,Temporary,6.76,3267,31.1,3.65,38.8
2021-Q4,Netherlands,North Holland,Finance,Clerical & service,Temporary,6.64,3332,32.0,3.87,39.2
2022-Q1,Netherlands,North Holland,Finance,Clerical & service,Temporary,6.6,3316,31.6,4.16,37.8
2022-Q2,Netherlands,North Holland,Finance,Clerical & service,Temporary,6.97,3408,31.6,4.37,36.2
2022-Q3,Netherlands,North Holland,Finance,Clerical & service,Temporary,6.66,3440,30.9,4.37,37.6
2022-Q4,Netherlands,North Holland,Finance,Clerical & service,Temporary,6.39,3494,31.8,3.75,37.5
2023-Q1,Netherlands,North Holland,Finance,Clerical & service,Temporary,6.81,3499,31.3,4.38,36.8
2023-Q2,Netherlands,North Holland,Finance,Clerical & service,Temporary,6.78,3565,32.2,4.3,36.1
2023-Q3,Netherlands,North Holland,Finance,Clerical & service,Temporary,7.07,3664,30.9,4.16,35.8
2023-Q4,Netherlands,North Holland,Finance,Clerical & service,Temporary,6.59,3717,31.7,4.29,33.9
2024-Q1,Netherlands,North Holland,Finance,Clerical & service,Temporary,6.67,3707,31.6,3.78,32.1
2024-Q2,Netherlands,North Holland,Finance,Clerical & service,Temporary,6.77,3742,31.9,3.75,31.8
2024-Q3,Netherlands,North Holland,Finance,Clerical & service,Temporary,6.76,3787,31.1,3.71,31.9
2024-Q4,Netherlands,North Holland,Finance,Clerical & service,Temporary,6.73,3861,32.0,3.47,36.2
2025-Q1,Netherlands,North Holland,Finance,Clerical & service,Temporary,6.64,3894,31.5,3.57,33.8
2025-Q2,Netherlands,North Holland,Finance,Clerical & service,Temporary,7.14,3960,31.9,3.08,32.8
2025-Q3,Netherlands,North Holland,Finance,Clerical & service,Temporary,6.97,3960,31.2,3.45,33.8
2025-Q4,Netherlands,North Holland,Finance,Clerical & service,Temporary,6.83,4038,32.0,3.38,33.4
2021-Q1,Netherlands,North Holland,ICT,Managers,Permanent,8.37,6237,34.1,6.61,87.2
2021-Q2,Netherlands,North Holland,ICT,Managers,Permanent,8.43,6404,34.6,6.09,89.8
2021-Q3,Netherlands,North Holland,ICT,Managers,Permanent,9.03,6396,33.8,6.15,84.2
2021-Q4,Netherlands,North Holland,ICT,Managers,Permanent,8.36,6475,35.0,7.01,87.1
2022-Q1,Netherlands,North Holland,ICT,Managers,Permanent,8.34,6640,34.0,7.91,85.4
2022-Q2,Netherlands,North Holland,ICT,Managers,Permanent,8.78,6612,34.9,8.06,84.2
2022-Q3,Netherlands,North Holland,ICT,Managers,Permanent,9.03,6801,34.1,7.21,82.2
2022-Q4,Netherlands,North Holland,ICT,Managers,Permanent,8.9,6770,35.0,8.37,81.2
2023-Q1,Netherlands,North Holland,ICT,Managers,Permanent,8.52,6890,34.2,7.32,78.4
2023-Q2,Netherlands,North Holland,ICT,Managers,Permanent,8.99,7017,34.4,7.26,77.9
2023-Q3,Netherlands,North Holland,ICT,Managers,Permanent,9.33,7076,33.9,7.67,77.6
2023-Q4,Netherlands,North Holland,ICT,Managers,Permanent,8.98,7166,34.8,6.76,76.8
2024-Q1,Netherlands,North Holland,ICT,Managers,Permanent,8.95,7208,33.9,6.83,76.4
2024-Q2,Netherlands,North Holland,ICT,Managers,Permanent,9.15,7445,34.7,6.45,73.1
2024-Q3,Netherlands,North Holland,ICT,Managers,Permanent,8.95,7437,34.0,6.35,78.0
2024-Q4,Netherlands,North Holland,ICT,Managers,Permanent,9.15,7530,34.5,6.12,75.4
2025-Q1,Netherlands,North Holland,ICT,Managers,Permanent,9.1,7575,34.1,6.56,74.0
2025-Q2,Netherlands,North Holland,ICT,Managers,Permanent,9.13,7703,35.0,5.88,77.0
2025-Q3,Netherlands,North Holland,ICT,Managers,Permanent,9.4,7870,33.6,6.17,77.8
2025-Q4,Netherlands,North Holland,ICT,Managers,Permanent,9.13,7962,34.6,5.92,77.7
2021-Q1,Netherlands,North Holland,ICT,Managers,Self-employed,1.71,6832,38.2,6.23,92
2021-Q2,Netherlands,North Holland,ICT,Managers,Self-employed,1.82,6851,38.4,5.53,92
2021-Q3,Netherlands,North Holland,ICT,Managers,Self-employed,1.88,7072,37.5,6.36,92
2021-Q4,Netherlands,North Holland,ICT,Managers,Self-employed,1.81,7152,38.4,6.92,92
2022-Q1,Netherlands,North Holland,ICT,Managers,Self-employed,1.84,7123,37.7,6.52,92
2022-Q2,Netherlands,North Holland,ICT,Managers,Self-employed,1.91,7239,38.4,6.74,92
2022-Q3,Netherlands,North Holland,ICT,Managers,Self-employed,1.86,7371,37.8,7.08,92
2022-Q4,Netherlands,North Holland,ICT,Managers,Self-employed,1.86,7443,38.8,6.56,91.8
2023-Q1,Netherlands,North Holland,ICT,Managers,Self-employed,1.85,7537,38.1,7.47,91.5
2023-Q2,Netherlands,North Holland,ICT,Managers,Self-employed,1.89,7602,38.5,6.92,89.8
2023-Q3,Netherlands,North Holland,ICT,Managers,Self-employed,2.02,7803,37.5,6.59,87.4
2023-Q4,Netherlands,North Holland,ICT,Managers,Self-employed,1.82,8007,39.0,6.34,86.9
2024-Q1,Netherlands,North Holland,ICT,Managers,Self-employed,1.93,7963,38.0,6.76,87.9
2024-Q2,Netherlands,North Holland,ICT,Managers,Self-employed,2.0,8165,38.5,5.53,87.8
2024-Q3,Netherlands,North Holland,ICT,Managers,Self-employed,2.07,8233,37.4,6.29,83.7
2024-Q4,Netherlands,North Holland,ICT,Managers,Self-employed,1.92,8390,39.1,5.56,89.3
2025-Q1,Netherlands,North Holland,ICT,Managers,Self-employed,1.89,8503,38.1,5.6,89.8
2025-Q2,Netherlands,North Holland,ICT,Managers,Self-employed,2.03,8570,38.5,5.71,87.3
2025-Q3,Netherlands,North Holland,ICT,Managers,Self-employed,2.01,8635,38.0,5.41,89.8
2025-Q4,Netherlands,North Holland,ICT,Managers,Self-employed,2.02,8697,38.6,5.24,89.1
2021-Q1,Netherlands,North Holland,ICT,Professionals,Permanent,17.91,5575,34.0,7.07,91.9
2021-Q2,Netherlands,North Holland,ICT,Professionals,Permanent,18.68,5684,34.9,6.54,92
2021-Q3,Netherlands,North Holland,ICT,Professionals,Permanent,19.17,5708,33.7,6.89,91.5
2021-Q4,Netherlands,North Holland,ICT,Professionals,Permanent,18.2,5755,34.7,7.1,90.1
2022-Q1,Netherlands,North Holland,ICT,Professionals,Permanent,18.66,5850,34.2,7.41,89.0
2022-Q2,Netherlands,North Holland,ICT,Professionals,Permanent,19.32,5995,34.9,7.45,86.7
2022-Q3,Netherlands,North Holland,ICT,Professionals,Permanent,19.76,5900,33.4,7.74,85.7
2022-Q4,Netherlands,North Holland,ICT,Professionals,Permanent,18.67,6145,34.7,7.31,85.4
2023-Q1,Netherlands,North Holland,ICT,Professionals,Permanent,18.61,6077,34.0,8.09,84.1
2023-Q2,Netherlands,North Holland,ICT,Professionals,Permanent,18.88,6273,34.7,6.95,82.0
2023-Q3,Netherlands,North Holland,ICT,Professionals,Permanent,20.42,6410,33.6,6.39,84.3
2023-Q4,Netherlands,North Holland,ICT,Professionals,Permanent,19.8,6425,35.1,6.51,80.6
2024-Q1,Netherlands,North Holland,ICT,Professionals,Permanent,19.86,6523,34.2,5.4,78.4
2024-Q2,Netherlands,North Holland,ICT,Professionals,Permanent,20.15,6555,34.4,5.29,79.5
2024-Q3,Netherlands,North Holland,ICT,Professionals,Permanent,19.78,6532,33.8,6.36,78.6
2024-Q4,Netherlands,North Holland,ICT,Professionals,Permanent,19.97,6682,34.6,6.44,80.8
2025-Q1,Netherlands,North Holland,ICT,Professionals,Permanent,19.17,6798,33.8,5.58,78.8
2025-Q2,Netherlands,North Holland,ICT,Professionals,Permanent,19.87,6812,34.3,5.86,82.3
2025-Q3,Netherlands,North Holland,ICT,Professionals,Permanent,20.73,6917,33.9,5.34,80.4
2025-Q4,Netherlands,North Holland,ICT,Professionals,Permanent,20.11,7111,34.8,5.86,81.4
2021-Q1,Netherlands,North Holland,ICT,Professionals,Temporary,5.04,4348,30.3,6.15,86.2
2021-Q2,Netherlands,North Holland,ICT,Professionals,Temporary,5.14,4342,30.5,6.26,85.1
2021-Q3,Netherlands,North Holland,ICT,Professionals,Temporary,5.13,4463,29.8,6.43,83.7
2021-Q4,Netherlands,North Holland,ICT,Professionals,Temporary,4.98,4465,31.0,6.18,83.4
2022-Q1,Netherlands,North Holland,ICT,Professionals,Temporary,4.91,4576,29.9,6.75,80.8
2022-Q2,Netherlands,North Holland,ICT,Professionals,Temporary,5.28,4612,30.5,7.07,80.2
2022-Q3,Netherlands,North Holland,ICT,Professionals,Temporary,5.31,4606,30.1,7.42,79.5
2022-Q4,Netherlands,North Holland,ICT,Professionals,Temporary,5.05,4685,30.7,7.85,78.1
2023-Q1,Netherlands,North Holland,ICT,Professionals,Temporary,5.27,4822,30.1,7.43,76.7
2023-Q2,Netherlands,North Holland,ICT,Professionals,Temporary,5.35,4879,30.9,7.74,76.2
2023-Q3,Netherlands,North Holland,ICT,Professionals,Temporary,5.38,4962,29.8,6.66,73.4
2023-Q4,Netherlands,North Holland,ICT,Professionals,Temporary,5.39,4939,30.8,6.33,75.9
2024-Q1,Netherlands,North Holland,ICT,Professionals,Temporary,5.16,5006,30.2,6.95,73.5
2024-Q2,Netherlands,North Holland,ICT,Professionals,Temporary,5.51,5077,30.5,6.16,73.1
2024-Q3,Netherlands,North Holland,ICT,Professionals,Temporary,5.48,5120,29.5,6.31,70.2
2024-Q4,Netherlands,North Holland,ICT,Professionals,Temporary,5.49,5257,30.6,5.8,74.1
2025-Q1,Netherlands,North Holland,ICT,Professionals,Temporary,5.31,5276,30.2,6.32,75.1
2025-Q2,Netherlands,North Holland,ICT,Professionals,Temporary,5.5,5353,30.9,5.43,74.4
2025-Q3,Netherlands,North Holland,ICT,Professionals,Temporary,5.69,5414,30.0,6.44,75.4
2025-Q4,Netherlands,North Holland,ICT,Professionals,Temporary,5.61,5395,30.9,5.9,74.2
2021-Q1,Netherlands,North Holland,ICT,Professionals,Self-employed,3.65,6053,39.1,6.14,92
2021-Q2,Netherlands,North Holland,ICT,Professionals,Self-employed,3.69,6016,39.3,6.21,92
2021-Q3,Netherlands,North Holland,ICT,Professionals,Self-employed,3.78,6085,38.5,6.67,92
2021-Q4,Netherlands,North Holland,ICT,Professionals,Self-employed,3.72,6308,39.2,6.64,92
2022-Q1,Netherlands,North Holland,ICT,Professionals,Self-employed,3.62,6344,38.6,7.41,92
2022-Q2,Netherlands,North Holland,ICT,Professionals,Self-employed,3.78,6361,39.0,7.31,92
2022-Q3,Netherlands,North Holland,ICT,Professionals,Self-employed,3.83,6507,38.0,7.68,92
2022-Q4,Netherlands,North Holland,ICT,Professionals,Self-employed,3.71,6649,39.4,7.06,92
2023-Q1,Netherlands,North Holland,ICT,Professionals,Self-employed,3.86,6677,38.6,7.59,92
2023-Q2,Netherlands,North Holland,ICT,Professionals,Self-employed,3.96,6754,39.1,7.75,92
2023-Q3,Netherlands,North Holland,ICT,Professionals,Self-employed,4.01,6855,38.2,6.85,92
2023-Q4,Netherlands,North Holland,ICT,Professionals,Self-employed,3.77,6913,39.3,7.04,90.9
2024-Q1,Netherlands,North Holland,ICT,Professionals,Self-employed,3.78,6962,38.8,6.88,89.9
2024-Q2,Netherlands,North Holland,ICT,Professionals,Self-employed,3.83,7019,39.3,6.56,91.5
2024-Q3,Netherlands,North Holland,ICT,Professionals,Self-employed,4.02,7198,38.3,5.95,91.2
2024-Q4,Netherlands,North Holland,ICT,Professionals,Self-employed,3.99,7263,39.2,6.17,91.9
2025-Q1,Netherlands,North Holland,ICT,Professionals,Self-employed,3.9,7281,38.8,5.44,92
2025-Q2,Netherlands,North Holland,ICT,Professionals,Self-employed,4.04,7485,39.3,5.6,92
2025-Q3,Netherlands,North Holland,ICT,Professionals,Self-employed,4.11,7438,38.0,6.6,92
2025-Q4,Netherlands,North Holland,ICT,Professionals,Self-employed,3.93,7575,39.3,5.56,92
2021-Q1,Netherlands,North Holland,ICT,Technicians,Permanent,13.06,4621,33.9,6.74,70.7
2021-Q2,Netherlands,North Holland,ICT,Technicians,Permanent,13.89,4656,34.1,6.84,69.1
2021-Q3,Netherlands,North Holland,ICT,Technicians,Permanent,14.35,4777,33.4,7.14,69.4
2021-Q4,Netherlands,North Holland,ICT,Technicians,Permanent,13.73,4812,34.1,7.55,66.5
2022-Q1,Netherlands,North Holland,ICT,Technicians,Permanent,14.16,4838,33.7,7.25,63.5
2022-Q2,Netherlands,North Holland,ICT,Technicians,Permanent,14.19,4951,34.2,7.45,65.3
2022-Q3,Netherlands,North Holland,ICT,Technicians,Permanent,14.7,4972,33.1,7.93,64.3
2022-Q4,Netherlands,North Holland,ICT,Technicians,Permanent,14.48,5149,34.4,7.48,61.4
2023-Q1,Netherlands,North Holland,ICT,Technicians,Permanent,13.89,5156,33.6,8.39,62.1
2023-Q2,Netherlands,North Holland,ICT,Technicians,Permanent,15.13,5158,34.1,8.54,61.1
2023-Q3,Netherlands,North Holland,ICT,Technicians,Permanent,15.25,5214,33.1,7.17,60.9
2023-Q4,Netherlands,North Holland,ICT,Technicians,Permanent,13.89,5374,34.4,7.51,59.6
2024-Q1,Netherlands,North Holland,ICT,Technicians,Permanent,14.86,5342,33.8,6.89,57.0
2024-Q2,Netherlands,North Holland,ICT,Technicians,Permanent,15.09,5404,34.1,6.85,59.0
2024-Q3,Netherlands,North Holland,ICT,Technicians,Permanent,14.97,5505,33.2,6.79,61.0
2024-Q4,Netherlands,North Holland,ICT,Technicians,Permanent,14.73,5488,34.4,6.47,60.9
2025-Q1,Netherlands,North Holland,ICT,Technicians,Permanent,14.65,5679,33.8,6.4,58.7
2025-Q2,Netherlands,North Holland,ICT,Technicians,Permanent,15.26,5663,34.5,5.93,60.1
2025-Q3,Netherlands,North Holland,ICT,Technicians,Permanent,15.64,5810,33.0,5.48,60.3
2025-Q4,Netherlands,North Holland,ICT,Technicians,Permanent,14.77,5870,34.5,6.03,63.2
2021-Q1,Netherlands,North Holland,ICT,Technicians,Temporary,4.34,3677,30.2,6.31,61.6
2021-Q2,Netherlands,North Holland,ICT,Technicians,Temporary,4.52,3724,30.7,7.12,62.4
2021-Q3,Netherlands,North Holland,ICT,Technicians,Temporary,4.61,3776,29.9,7.0,62.1
2021-Q4,Netherlands,North Holland,ICT,Technicians,Temporary,4.51,3781,31.1,6.1,59.8
2022-Q1,Netherlands,North Holland,ICT,Technicians,Temporary,4.42,3834,30.2,6.18,61.6
2022-Q2,Netherlands,North Holland,ICT,Technicians,Temporary,4.74,3908,30.7,7.6,60.8
2022-Q3,Netherlands,North Holland,ICT,Technicians,Temporary,4.78,3946,29.9,7.43,58.5
2022-Q4,Netherlands,North Holland,ICT,Technicians,Temporary,4.53,4000,30.7,7.37,58.5
2023-Q1,Netherlands,North Holland,ICT,Technicians,Temporary,4.47,4093,30.2,7.79,55.4
2023-Q2,Netherlands,North Holland,ICT,Technicians,Temporary,4.68,4082,30.8,7.22,55.6
2023-Q3,Netherlands,North Holland,ICT,Technicians,Temporary,4.67,4137,29.5,6.23,56.7
2023-Q4,Netherlands,North Holland,ICT,Technicians,Temporary,4.55,4160,31.0,7.39,55.2
2024-Q1,Netherlands,North Holland,ICT,Technicians,Temporary,4.6,4220,30.7,6.32,54.1
2024-Q2,Netherlands,North Holland,ICT,Technicians,Temporary,4.77,4265,30.7,6.24,54.9
2024-Q3,Netherlands,North Holland,ICT,Technicians,Temporary,4.74,4394,29.5,6.78,54.0
2024-Q4,Netherlands,North Holland,ICT,Technicians,Temporary,4.81,4432,31.1,6.28,56.1
2025-Q1,Netherlands,North Holland,ICT,Technicians,Temporary,4.83,4463,30.1,6.92,55.4
2025-Q2,Netherlands,North Holland,ICT,Technicians,Temporary,4.88,4528,30.5,5.78,56.4
2025-Q3,Netherlands,North Holland,ICT,Technicians,Temporary,4.97,4570,29.8,6.12,54.7
2025-Q4,Netherlands,North Holland,ICT,Technicians,Temporary,4.77,4653,31.0,5.47,57.0
2021-Q1,Netherlands,North Holland,Public services,Managers,Permanent,12.61,5046,32.8,3.25,41.5
2021-Q2,Netherlands,North Holland,Public services,Managers,Permanent,12.55,5149,33.6,3.3,39.1
2021-Q3,Netherlands,North Holland,Public services,Managers,Permanent,12.94,5208,32.6,3.94,39.3
2021-Q4,Netherlands,North Holland,Public services,Managers,Permanent,12.71,5293,33.7,3.65,38.8
2022-Q1,Netherlands,North Holland,Public services,Managers,Permanent,12.92,5433,32.8,3.83,39.0
2022-Q2,Netherlands,North Holland,Public services,Managers,Permanent,13.4,5512,33.6,3.93,39.0
2022-Q3,Netherlands,North Holland,Public services,Managers,Permanent,13.47,5494,32.6,3.54,38.1
2022-Q4,Netherlands,North Holland,Public services,Managers,Permanent,12.99,5629,33.7,3.83,36.2
2023-Q1,Netherlands,North Holland,Public services,Managers,Permanent,12.9,5631,33.4,3.73,35.4
2023-Q2,Netherlands,North Holland,Public services,Managers,Permanent,13.02,5678,33.5,3.26,38.2
2023-Q3,Netherlands,North Holland,Public services,Managers,Permanent,13.21,5814,32.9,3.68,36.2
2023-Q4,Netherlands,North Holland,Public services,Managers,Permanent,12.97,5870,33.7,3.48,36.2
2024-Q1,Netherlands,North Holland,Public services,Managers,Permanent,13.3,5951,33.3,3.27,33.4
2024-Q2,Netherlands,North Holland,Public services,Managers,Permanent,13.54,6077,33.4,3.09,34.9
2024-Q3,Netherlands,North Holland,Public services,Managers,Permanent,13.7,6179,32.8,2.97,36.2
2024-Q4,Netherlands,North Holland,Public services,Managers,Permanent,13.13,6116,33.5,2.96,34.2
2025-Q1,Netherlands,North Holland,Public services,Managers,Permanent,13.25,6240,32.9,3.13,34.6
2025-Q2,Netherlands,North Holland,Public services,Managers,Permanent,13.73,6344,33.4,3.19,34.3
2025-Q3,Netherlands,North Holland,Public services,Managers,Permanent,13.96,6482,32.2,3.05,35.3
2025-Q4,Netherlands,North Holland,Public services,Managers,Permanent,13.41,6423,33.9,3.08,36.1
2021-Q1,Netherlands,North Holland,Public services,Managers,Self-employed,2.96,5264,37.5,3.36,47.2
2021-Q2,Netherlands,North Holland,Public services,Managers,Self-employed,3.05,5418,38.5,3.46,47.4
2021-Q3,Netherlands,North Holland,Public services,Managers,Self-employed,3.22,5394,37.4,3.34,45.6
2021-Q4,Netherlands,North Holland,Public services,Managers,Self-employed,3.05,5487,38.4,3.8,44.1
2022-Q1,Netherlands,North Holland,Public services,Managers,Self-employed,3.1,5619,38.0,3.75,43.2
2022-Q2,Netherlands,North Holland,Public services,Managers,Self-employed,3.26,5628,38.6,3.64,44.6
2022-Q3,Netherlands,North Holland,Public services,Managers,Self-employed,3.18,5719,37.5,3.92,43.9
2022-Q4,Netherlands,North Holland,Public services,Managers,Self-employed,3.19,5855,38.6,3.81,43.4
2023-Q1,Netherlands,North Holland,Public services,Managers,Self-employed,3.14,5940,37.7,3.79,43.3
2023-Q2,Netherlands,North Holland,Public services,Managers,Self-employed,3.17,5987,38.1,3.61,42.4
2023-Q3,Netherlands,North Holland,Public services,Managers,Self-employed,3.3,6007,37.4,3.85,40.1
2023-Q4,Netherlands,North Holland,Public services,Managers,Self-employed,3.17,6150,38.0,3.64,38.7
2024-Q1,Netherlands,North Holland,Public services,Managers,Self-employed,3.08,6192,37.8,3.43,39.6
2024-Q2,Netherlands,North Holland,Public services,Managers,Self-employed,3.23,6239,37.9,3.34,40.2
2024-Q3,Netherlands,North Holland,Public services,Managers,Self-employed,3.22,6302,37.1,3.26,40.5
2024-Q4,Netherlands,North Holland,Public services,Managers,Self-employed,3.08,6483,38.6,3.18,40.3
2025-Q1,Netherlands,North Holland,Public services,Managers,Self-employed,3.11,6541,37.9,2.86,39.9
2025-Q2,Netherlands,North Holland,Public services,Managers,Self-employed,3.35,6564,38.1,2.9,39.6
2025-Q3,Netherlands,North Holland,Public services,Managers,Self-employed,3.29,6561,37.1,3.0,39.3
2025-Q4,Netherlands,North Holland,Public services,Managers,Self-employed,3.12,6672,38.7,2.85,42.1
2021-Q1,Netherlands,North Holland,Public services,Professionals,Permanent,28.97,4441,33.2,2.83,44.4
2021-Q2,Netherlands,North Holland,Public services,Professionals,Permanent,29.64,4479,33.5,2.84,42.1
2021-Q3,Netherlands,North Holland,Public services,Professionals,Permanent,29.51,4549,33.0,2.99,43.3
2021-Q4,Netherlands,North Holland,Public services,Professionals,Permanent,29.32,4512,34.0,3.1,40.4
2022-Q1,Netherlands,North Holland,Public services,Professionals,Permanent,28.92,4664,33.1,3.16,42.4
2022-Q2,Netherlands,North Holland,Public services,Professionals,Permanent,29.98,4666,33.7,3.33,39.0
2022-Q3,Netherlands,North Holland,Public services,Professionals,Permanent,30.25,4742,32.6,3.65,40.9
2022-Q4,Netherlands,North Holland,Public services,Professionals,Permanent,29.11,4814,33.8,3.55,39.0
2023-Q1,Netherlands,North Holland,Public services,Professionals,Permanent,28.76,4834,32.9,3.47,40.1
2023-Q2,Netherlands,North Holland,Public services,Professionals,Permanent,29.9,4918,33.9,3.42,37.6
2023-Q3,Netherlands,North Holland,Public services,Professionals,Permanent,30.71,4999,32.9,3.26,39.1
2023-Q4,Netherlands,North Holland,Public services,Professionals,Permanent,29.37,5027,33.3,3.1,35.0
2024-Q1,Netherlands,North Holland,Public services,Professionals,Permanent,29.67,5172,33.5,3.0,37.8
2024-Q2,Netherlands,North Holland,Public services,Professionals,Permanent,30.01,5143,33.7,2.91,35.3
2024-Q3,Netherlands,North Holland,Public services,Professionals,Permanent,31.45,5299,33.0,2.81,36.2
2024-Q4,Netherlands,North Holland,Public services,Professionals,Permanent,30.14,5285,34.2,2.79,38.4
2025-Q1,Netherlands,North Holland,Public services,Professionals,Permanent,29.99,5388,33.0,2.94,35.4
2025-Q2,Netherlands,North Holland,Public services,Professionals,Permanent,31.73,5457,33.9,2.81,40.0
2025-Q3,Netherlands,North Holland,Public services,Professionals,Permanent,31.24,5512,33.0,2.74,37.9
2025-Q4,Netherlands,North Holland,Public services,Professionals,Permanent,30.26,5528,33.6,2.68,40.0
2021-Q1,Netherlands,North Holland,Public services,Professionals,Temporary,8.84,3460,29.6,3.53,41.1
2021-Q2,Netherlands,North Holland,Public services,Professionals,Temporary,9.24,3497,29.9,3.32,39.5
2021-Q3,Netherlands,North Holland,Public services,Professionals,Temporary,9.63,3532,29.0,3.35,38.1
2021-Q4,Netherlands,North Holland,Public services,Professionals,Temporary,9.3,3611,30.3,3.73,38.8
2022-Q1,Netherlands,North Holland,Public services,Professionals,Temporary,9.18,3678,29.3,3.5,38.6
2022-Q2,Netherlands,North Holland,Public services,Professionals,Temporary,9.32,3708,29.9,4.17,37.8
2022-Q3,Netherlands,North Holland,Public services,Professionals,Temporary,9.61,3753,28.8,4.08,36.2
2022-Q4,Netherlands,North Holland,Public services,Professionals,Temporary,9.21,3819,30.5,3.74,36.3
2023-Q1,Netherlands,North Holland,Public services,Professionals,Temporary,9.42,3799,29.4,4.0,35.7
2023-Q2,Netherlands,North Holland,Public services,Professionals,Temporary,9.31,3898,29.9,3.84,34.8
2023-Q3,Netherlands,North Holland,Public services,Professionals,Temporary,9.66,3933,29.0,3.6,35.4
2023-Q4,Netherlands,North Holland,Public services,Professionals,Temporary,9.25,3986,30.2,3.52,34.1
2024-Q1,Netherlands,North Holland,Public services,Professionals,Temporary,9.21,4091,29.3,3.12,32.1
2024-Q2,Netherlands,North Holland,Public services,Professionals,Temporary,9.23,4093,29.5,3.17,33.7
2024-Q3,Netherlands,North Holland,Public services,Professionals,Temporary,9.77,4146,28.9,3.06,35.6
2024-Q4,Netherlands,North Holland,Public services,Professionals,Temporary,9.61,4253,30.1,3.03,34.2
2025-Q1,Netherlands,North Holland,Public services,Professionals,Temporary,9.2,4190,29.6,2.96,31.9
2025-Q2,Netherlands,North Holland,Public services,Professionals,Temporary,9.73,4335,30.0,3.05,33.1
2025-Q3,Netherlands,North Holland,Public services,Professionals,Temporary,9.69,4322,29.2,3.19,33.6
2025-Q4,Netherlands,North Holland,Public services,Professionals,Temporary,9.39,4426,29.9,3.27,33.2
2021-Q1,Netherlands,North Holland,Public services,Professionals,Self-employed,6.84,4945,37.7,3.14,50.5
2021-Q2,Netherlands,North Holland,Public services,Professionals,Self-employed,6.9,4956,38.0,3.74,48.8
2021-Q3,Netherlands,North Holland,Public services,Professionals,Self-employed,6.9,4980,37.1,3.02,49.8
2021-Q4,Netherlands,North Holland,Public services,Professionals,Self-employed,6.74,5019,38.3,3.37,47.8
2022-Q1,Netherlands,North Holland,Public services,Professionals,Self-employed,6.89,5203,37.6,3.67,47.4
2022-Q2,Netherlands,North Holland,Public services,Professionals,Self-employed,6.8,5174,38.0,3.87,45.1
2022-Q3,Netherlands,North Holland,Public services,Professionals,Self-employed,7.05,5304,37.2,3.75,46.3
2022-Q4,Netherlands,North Holland,Public services,Professionals,Self-employed,6.92,5387,38.3,4.03,45.1
2023-Q1,Netherlands,North Holland,Public services,Professionals,Self-employed,6.66,5333,37.4,3.68,46.1
2023-Q2,Netherlands,North Holland,Public services,Professionals,Self-employed,7.05,5473,38.4,3.65,43.2
2023-Q3,Netherlands,North Holland,Public services,Professionals,Self-employed,7.35,5505,37.3,3.66,42.8
2023-Q4,Netherlands,North Holland,Public services,Professionals,Self-employed,7.1,5623,38.4,3.83,42.7
2024-Q1,Netherlands,North Holland,Public services,Professionals,Self-employed,7.0,5639,37.4,3.57,42.0
2024-Q2,Netherlands,North Holland,Public services,Professionals,Self-employed,7.03,5794,38.1,3.53,42.7
2024-Q3,Netherlands,North Holland,Public services,Professionals,Self-employed,7.42,5869,37.0,3.25,42.6
2024-Q4,Netherlands,North Holland,Public services,Professionals,Self-employed,7.25,5912,38.3,2.92,40.7
2025-Q1,Netherlands,North Holland,Public services,Professionals,Self-employed,6.86,5970,37.4,2.87,40.3
2025-Q2,Netherlands,North Holland,Public services,Professionals,Self-employed,7.23,6037,37.9,2.96,43.3
2025-Q3,Netherlands,North Holland,Public services,Professionals,Self-employed,7.24,6096,37.3,3.04,45.1
2025-Q4,Netherlands,North Holland,Public services,Professionals,Self-employed,7.26,6309,38.1,2.97,42.2
2021-Q1,Netherlands,North Holland,Public services,Clerical & service,Permanent,32.78,2853,33.4,3.13,27.1
2021-Q2,Netherlands,North Holland,Public services,Clerical & service,Permanent,34.74,2927,33.8,2.97,27.9
2021-Q3,Netherlands,North Holland,Public services,Clerical & service,Permanent,34.56,3021,33.0,3.41,27.3
2021-Q4,Netherlands,North Holland,Public services,Clerical & service,Permanent,33.42,3055,34.1,3.36,26.6
2022-Q1,Netherlands,North Holland,Public services,Clerical & service,Permanent,34.0,3049,33.2,3.23,25.2
2022-Q2,Netherlands,North Holland,Public services,Clerical & service,Permanent,33.94,3067,34.1,3.32,25.0
2022-Q3,Netherlands,North Holland,Public services,Clerical & service,Permanent,34.68,3096,32.6,3.22,23.1
2022-Q4,Netherlands,North Holland,Public services,Clerical & service,Permanent,34.16,3121,34.0,3.99,23.6
2023-Q1,Netherlands,North Holland,Public services,Clerical & service,Permanent,34.42,3186,33.6,3.53,25.0
2023-Q2,Netherlands,North Holland,Public services,Clerical & service,Permanent,35.64,3255,33.9,3.81,27.1
2023-Q3,Netherlands,North Holland,Public services,Clerical & service,Permanent,35.52,3295,33.2,3.73,23.9
2023-Q4,Netherlands,North Holland,Public services,Clerical & service,Permanent,34.85,3331,33.7,3.6,23.9
2024-Q1,Netherlands,North Holland,Public services,Clerical & service,Permanent,34.34,3362,33.2,3.24,24.3
2024-Q2,Netherlands,North Holland,Public services,Clerical & service,Permanent,35.09,3412,33.5,2.97,22.8
2024-Q3,Netherlands,North Holland,Public services,Clerical & service,Permanent,36.79,3433,33.3,3.03,22.8
2024-Q4,Netherlands,North Holland,Public services,Clerical & service,Permanent,34.15,3515,34.1,3.11,25.4
2025-Q1,Netherlands,North Holland,Public services,Clerical & service,Permanent,33.86,3500,33.2,2.54,21.6
2025-Q2,Netherlands,North Holland,Public services,Clerical & service,Permanent,35.64,3558,33.9,2.73,23.7
2025-Q3,Netherlands,North Holland,Public services,Clerical & service,Permanent,36.17,3666,32.7,3.14,24.1
2025-Q4,Netherlands,North Holland,Public services,Clerical & service,Permanent,34.84,3600,34.4,2.93,25.2
2021-Q1,Netherlands,North Holland,Public services,Clerical & service,Temporary,10.51,2429,29.3,3.03,26.2
2021-Q2,Netherlands,North Holland,Public services,Clerical & service,Temporary,10.77,2449,29.9,3.11,25.8
2021-Q3,Netherlands,North Holland,Public services,Clerical & service,Temporary,10.76,2488,28.9,3.89,23.1
2021-Q4,Netherlands,North Holland,Public services,Clerical & service,Temporary,10.41,2508,30.1,4.0,25.6
2022-Q1,Netherlands,North Holland,Public services,Clerical & service,Temporary,10.62,2601,29.7,3.71,23.7
2022-Q2,Netherlands,North Holland,Public services,Clerical & service,Temporary,10.75,2606,29.5,3.67,24.3
2022-Q3,Netherlands,North Holland,Public services,Clerical & service,Temporary,11.06,2650,28.9,4.18,25.7
2022-Q4,Netherlands,North Holland,Public services,Clerical & service,Temporary,10.45,2684,30.2,4.27,21.1
2023-Q1,Netherlands,North Holland,Public services,Clerical & service,Temporary,10.6,2683,29.4,3.94,22.8
2023-Q2,Netherlands,North Holland,Public services,Clerical & service,Temporary,10.92,2709,30.3,3.97,22.9
2023-Q3,Netherlands,North Holland,Public services,Clerical & service,Temporary,10.93,2725,28.9,3.54,22.3
2023-Q4,Netherlands,North Holland,Public services,Clerical & service,Temporary,10.74,2786,30.1,3.62,25.0
2024-Q1,Netherlands,North Holland,Public services,Clerical & service,Temporary,10.41,2853,29.3,3.45,22.2
2024-Q2,Netherlands,North Holland,Public services,Clerical & service,Temporary,11.22,2855,30.1,3.29,19.3
2024-Q3,Netherlands,North Holland,Public services,Clerical & service,Temporary,11.14,2878,29.1,3.12,21.0
2024-Q4,Netherlands,North Holland,Public services,Clerical & service,Temporary,10.93,2927,30.2,3.3,22.1
2025-Q1,Netherlands,North Holland,Public services,Clerical & service,Temporary,10.83,2980,29.3,3.29,22.7
2025-Q2,Netherlands,North Holland,Public services,Clerical & service,Temporary,10.89,2998,30.0,3.32,23.7
2025-Q3,Netherlands,North Holland,Public services,Clerical & service,Temporary,11.33,3050,28.8,2.87,22.7
2025-Q4,Netherlands,North Holland,Public services,Clerical & service,Temporary,11.05,3043,30.0,3.02,22.7
2021-Q1,Netherlands,North Holland,Trade & hospitality,Managers,Permanent,15.35,4132,35.2,4.78,13.7
2021-Q2,Netherlands,North Holland,Trade & hospitality,Managers,Permanent,15.57,4213,35.8,5.97,14.2
2021-Q3,Netherlands,North Holland,Trade & hospitality,Managers,Permanent,16.11,4271,34.8,5.87,14.3
2021-Q4,Netherlands,North Holland,Trade & hospitality,Managers,Permanent,15.86,4269,35.7,5.86,14.6
2022-Q1,Netherlands,North Holland,Trade & hospitality,Managers,Permanent,15.56,4388,34.9,6.5,13.8
2022-Q2,Netherlands,North Holland,Trade & hospitality,Managers,Permanent,15.98,4385,35.4,6.66,14.3
2022-Q3,Netherlands,North Holland,Trade & hospitality,Managers,Permanent,15.98,4473,34.7,6.39,14.7
2022-Q4,Netherlands,North Holland,Trade & hospitality,Managers,Permanent,15.9,4579,36.1,6.57,11.7
2023-Q1,Netherlands,North Holland,Trade & hospitality,Managers,Permanent,14.98,4546,35.2,6.75,12.7
2023-Q2,Netherlands,North Holland,Trade & hospitality,Managers,Permanent,16.2,4656,35.5,5.57,14.3
2023-Q3,Netherlands,North Holland,Trade & hospitality,Managers,Permanent,16.21,4632,34.8,6.14,13.0
2023-Q4,Netherlands,North Holland,Trade & hospitality,Managers,Permanent,16.17,4715,36.0,5.91,13.5
2024-Q1,Netherlands,North Holland,Trade & hospitality,Managers,Permanent,15.75,4859,34.9,6.15,11.8
2024-Q2,Netherlands,North Holland,Trade & hospitality,Managers,Permanent,16.18,4920,35.5,5.7,12.1
2024-Q3,Netherlands,North Holland,Trade & hospitality,Managers,Permanent,16.63,4951,34.4,5.57,11.5
2024-Q4,Netherlands,North Holland,Trade & hospitality,Managers,Permanent,15.63,5011,35.5,5.34,12.0
2025-Q1,Netherlands,North Holland,Trade & hospitality,Managers,Permanent,15.76,5071,35.0,5.13,13.0
2025-Q2,Netherlands,North Holland,Trade & hospitality,Managers,Permanent,16.64,5160,35.3,5.44,12.1
2025-Q3,Netherlands,North Holland,Trade & hospitality,Managers,Permanent,16.37,5259,34.7,5.21,12.9
2025-Q4,Netherlands,North Holland,Trade & hospitality,Managers,Permanent,15.88,5272,35.5,5.01,13.6
2021-Q1,Netherlands,North Holland,Trade & hospitality,Managers,Self-employed,3.31,4611,39.3,6.24,14.5
2021-Q2,Netherlands,North Holland,Trade & hospitality,Managers,Self-employed,3.37,4652,39.5,6.62,16.8
2021-Q3,Netherlands,North Holland,Trade & hospitality,Managers,Self-employed,3.51,4772,39.3,6.69,16.3
2021-Q4,Netherlands,North Holland,Trade & hospitality,Managers,Self-employed,3.4,4744,39.7,7.05,17.7
2022-Q1,Netherlands,North Holland,Trade & hospitality,Managers,Self-employed,3.39,4777,39.3,6.95,17.0
2022-Q2,Netherlands,North Holland,Trade & hospitality,Managers,Self-employed,3.3,4880,39.9,7.77,17.3
2022-Q3,Netherlands,North Holland,Trade & hospitality,Managers,Self-employed,3.49,5007,38.8,7.36,15.3
2022-Q4,Netherlands,North Holland,Trade & hospitality,Managers,Self-employed,3.51,5065,40.0,7.62,14.6
2023-Q1,Netherlands,North Holland,Trade & hospitality,Managers,Self-employed,3.41,5114,39.4,7.47,13.9
2023-Q2,Netherlands,North Holland,Trade & hospitality,Managers,Self-employed,3.57,5220,39.7,7.03,14.4
2023-Q3,Netherlands,North Holland,Trade & hospitality,Managers,Self-employed,3.62,5199,38.5,7.53,16.0
2023-Q4,Netherlands,North Holland,Trade & hospitality,Managers,Self-employed,3.54,5304,40.0,6.88,13.4
2024-Q1,Netherlands,North Holland,Trade & hospitality,Managers,Self-employed,3.41,5281,39.2,7.14,11.8
2024-Q2,Netherlands,North Holland,Trade & hospitality,Managers,Self-employed,3.57,5424,39.5,7.08,14.7
2024-Q3,Netherlands,North Holland,Trade & hospitality,Managers,Self-employed,3.61,5527,38.9,5.75,14.6
2024-Q4,Netherlands,North Holland,Trade & hospitality,Managers,Self-employed,3.4,5567,39.8,6.09,15.1
2025-Q1,Netherlands,North Holland,Trade & hospitality,Managers,Self-employed,3.42,5601,39.2,5.54,14.2
2025-Q2,Netherlands,North Holland,Trade & hospitality,Managers,Self-employed,3.63,5727,39.9,5.74,15.7
2025-Q3,Netherlands,North Holland,Trade & hospitality,Managers,Self-employed,3.84,5769,38.6,5.94,15.5
2025-Q4,Netherlands,North Holland,Trade & hospitality,Managers,Self-employed,3.6,5836,39.9,5.76,13.4
2021-Q1,Netherlands,North Holland,Trade & hospitality,Clerical & service,Permanent,35.39,2505,35.2,5.74,9.0
2021-Q2,Netherlands,North Holland,Trade & hospitality,Clerical & service,Permanent,35.43,2505,35.4,5.87,9.3
2021-Q3,Netherlands,North Holland,Trade & hospitality,Clerical & service,Permanent,36.06,2484,34.5,5.92,8.7
2021-Q4,Netherlands,North Holland,Trade & hospitality,Clerical & service,Permanent,36.21,2510,35.8,6.4,8.3
2022-Q1,Netherlands,North Holland,Trade & hospitality,Clerical & service,Permanent,35.17,2555,35.2,6.62,8.7
2022-Q2,Netherlands,North Holland,Trade & hospitality,Clerical & service,Permanent,35.66,2588,35.3,6.1,9.0
2022-Q3,Netherlands,North Holland,Trade & hospitality,Clerical & service,Permanent,36.99,2645,34.4,6.88,9.1
2022-Q4,Netherlands,North Holland,Trade & hospitality,Clerical & service,Permanent,35.2,2662,35.7,7.79,8.2
2023-Q1,Netherlands,North Holland,Trade & hospitality,Clerical & service,Permanent,35.28,2724,34.8,7.16,8.5
2023-Q2,Netherlands,North Holland,Trade & hospitality,Clerical & service,Permanent,36.56,2769,35.6,6.76,7.3
2023-Q3,Netherlands,North Holland,Trade & hospitality,Clerical & service,Permanent,36.17,2775,34.7,7.42,6.2
2023-Q4,Netherlands,North Holland,Trade & hospitality,Clerical & service,Permanent,37.12,2779,35.5,6.68,9.2
2024-Q1,Netherlands,North Holland,Trade & hospitality,Clerical & service,Permanent,36.13,2879,35.0,5.92,9.1
2024-Q2,Netherlands,North Holland,Trade & hospitality,Clerical & service,Permanent,36.82,2922,35.7,5.89,9.3
2024-Q3,Netherlands,North Holland,Trade & hospitality,Clerical & service,Permanent,37.21,2911,34.5,5.65,9.3
2024-Q4,Netherlands,North Holland,Trade & hospitality,Clerical & service,Permanent,35.68,2928,35.6,5.83,8.3
2025-Q1,Netherlands,North Holland,Trade & hospitality,Clerical & service,Permanent,36.32,2975,34.7,5.62,7.4
2025-Q2,Netherlands,North Holland,Trade & hospitality,Clerical & service,Permanent,37.73,3004,35.4,5.99,5.9
2025-Q3,Netherlands,North Holland,Trade & hospitality,Clerical & service,Permanent,38.0,3054,34.5,4.88,7.4
2025-Q4,Netherlands,North Holland,Trade & hospitality,Clerical & service,Permanent,38.15,3116,35.8,4.93,8.6
2021-Q1,Netherlands,North Holland,Trade & hospitality,Clerical & service,Temporary,10.68,1962,31.5,5.97,9.5
2021-Q2,Netherlands,North Holland,Trade & hospitality,Clerical & service,Temporary,11.27,1972,31.7,6.42,9.7
2021-Q3,Netherlands,North Holland,Trade & hospitality,Clerical & service,Temporary,11.34,2006,30.8,6.2,9.6
2021-Q4,Netherlands,North Holland,Trade & hospitality,Clerical & service,Temporary,11.01,2042,32.0,6.93,8.8
2022-Q1,Netherlands,North Holland,Trade & hospitality,Clerical & service,Temporary,10.78,2062,31.3,6.86,8.9
2022-Q2,Netherlands,North Holland,Trade & hospitality,Clerical & service,Temporary,11.56,2072,31.7,7.66,9.9
2022-Q3,Netherlands,North Holland,Trade & hospitality,Clerical & service,Temporary,11.45,2107,30.9,7.38,6.1
2022-Q4,Netherlands,North Holland,Trade & hospitality,Clerical & service,Temporary,11.17,2149,32.3,7.47,8.7
2023-Q1,Netherlands,North Holland,Trade & hospitality,Clerical & service,Temporary,11.62,2179,31.3,7.29,6.5
2023-Q2,Netherlands,North Holland,Trade & hospitality,Clerical & service,Temporary,11.13,2222,31.7,7.14,8.4
2023-Q3,Netherlands,North Holland,Trade & hospitality,Clerical & service,Temporary,11.58,2249,31.0,7.11,9.2
2023-Q4,Netherlands,North Holland,Trade & hospitality,Clerical & service,Temporary,11.24,2262,31.9,6.31,6.8
2024-Q1,Netherlands,North Holland,Trade & hospitality,Clerical & service,Temporary,11.06,2237,31.2,6.79,7.6
2024-Q2,Netherlands,North Holland,Trade & hospitality,Clerical & service,Temporary,11.31,2321,31.7,6.2,8.2
2024-Q3,Netherlands,North Holland,Trade & hospitality,Clerical & service,Temporary,11.96,2351,31.0,6.77,7.6
2024-Q4,Netherlands,North Holland,Trade & hospitality,Clerical & service,Temporary,11.52,2339,32.2,5.65,6.9
2025-Q1,Netherlands,North Holland,Trade & hospitality,Clerical & service,Temporary,11.6,2375,31.0,5.27,8.4
2025-Q2,Netherlands,North Holland,Trade & hospitality,Clerical & service,Temporary,11.72,2396,32.1,5.19,8.1
2025-Q3,Netherlands,North Holland,Trade & hospitality,Clerical & service,Temporary,12.07,2440,30.8,5.56,6.1
2025-Q4,Netherlands,North Holland,Trade & hospitality,Clerical & service,Temporary,11.77,2497,32.2,5.52,7.3
2021-Q1,Netherlands,North Holland,Trade & hospitality,Production & trades,Permanent,41.31,2488,35.4,6.65,2.3
2021-Q2,Netherlands,North Holland,Trade & hospitality,Production & trades,Permanent,42.23,2493,35.6,5.21,5.0
2021-Q3,Netherlands,North Holland,Trade & hospitality,Production & trades,Permanent,42.66,2558,34.7,6.19,3.3
2021-Q4,Netherlands,North Holland,Trade & hospitality,Production & trades,Permanent,41.26,2594,36.0,7.03,3.9
2022-Q1,Netherlands,North Holland,Trade & hospitality,Production & trades,Permanent,39.56,2619,35.5,7.23,1.9
2022-Q2,Netherlands,North Holland,Trade & hospitality,Production & trades,Permanent,43.23,2624,35.5,7.4,3.9
2022-Q3,Netherlands,North Holland,Trade & hospitality,Production & trades,Permanent,44.73,2681,34.9,8.02,2.6
2022-Q4,Netherlands,North Holland,Trade & hospitality,Production & trades,Permanent,43.31,2700,35.9,6.88,2.7
2023-Q1,Netherlands,North Holland,Trade & hospitality,Production & trades,Permanent,42.38,2766,35.2,7.3,2.0
2023-Q2,Netherlands,North Holland,Trade & hospitality,Production & trades,Permanent,44.02,2746,36.0,6.88,3.1
2023-Q3,Netherlands,North Holland,Trade & hospitality,Production & trades,Permanent,42.1,2820,35.1,6.99,3.5
2023-Q4,Netherlands,North Holland,Trade & hospitality,Production & trades,Permanent,42.9,2834,36.1,6.89,3.2
2024-Q1,Netherlands,North Holland,Trade & hospitality,Production & trades,Permanent,43.54,2870,35.5,5.79,4.1
2024-Q2,Netherlands,North Holland,Trade & hospitality,Production & trades,Permanent,44.0,2905,36.1,6.2,2.7
2024-Q3,Netherlands,North Holland,Trade & hospitality,Production & trades,Permanent,42.63,2949,34.8,6.1,2.8
2024-Q4,Netherlands,North Holland,Trade & hospitality,Production & trades,Permanent,43.1,2995,36.0,5.72,3.5
2025-Q1,Netherlands,North Holland,Trade & hospitality,Production & trades,Permanent,43.94,2998,35.6,5.61,5.6
2025-Q2,Netherlands,North Holland,Trade & hospitality,Production & trades,Permanent,45.34,3040,35.9,6.28,2.6
2025-Q3,Netherlands,North Holland,Trade & hospitality,Production & trades,Permanent,45.76,3147,35.2,5.95,3.4
2025-Q4,Netherlands,North Holland,Trade & hospitality,Production & trades,Permanent,44.0,3119,36.1,5.19,2.5
2021-Q1,Netherlands,North Holland,Trade & hospitality,Production & trades,Temporary,13.86,2112,31.1,5.84,4.6
2021-Q2,Netherlands,North Holland,Trade & hospitality,Production & trades,Temporary,13.91,2133,31.7,6.58,2.9
2021-Q3,Netherlands,North Holland,Trade & hospitality,Production & trades,Temporary,14.38,2155,30.8,6.53,1.1
2021-Q4,Netherlands,North Holland,Trade & hospitality,Production & trades,Temporary,14.13,2199,32.2,6.6,3.6
2022-Q1,Netherlands,North Holland,Trade & hospitality,Production & trades,Temporary,14.16,2227,31.0,6.79,2.8
2022-Q2,Netherlands,North Holland,Trade & hospitality,Production & trades,Temporary,13.87,2237,31.3,7.22,2.0
2022-Q3,Netherlands,North Holland,Trade & hospitality,Production & trades,Temporary,14.83,2256,30.9,7.64,3.0
2022-Q4,Netherlands,North Holland,Trade & hospitality,Production & trades,Temporary,14.23,2346,31.7,7.72,2.0
2023-Q1,Netherlands,North Holland,Trade & hospitality,Production & trades,Temporary,14.36,2289,31.3,6.94,3.7
2023-Q2,Netherlands,North Holland,Trade & hospitality,Production & trades,Temporary,14.43,2360,31.5,6.75,4.1
2023-Q3,Netherlands,North Holland,Trade & hospitality,Production & trades,Temporary,14.55,2364,30.8,6.88,3.9
2023-Q4,Netherlands,North Holland,Trade & hospitality,Production & trades,Temporary,14.5,2397,31.9,6.44,2.1
2024-Q1,Netherlands,North Holland,Trade & hospitality,Production & trades,Temporary,14.14,2437,31.2,6.15,4.2
2024-Q2,Netherlands,North Holland,Trade & hospitality,Production & trades,Temporary,14.82,2524,31.7,5.48,3.4
2024-Q3,Netherlands,North Holland,Trade & hospitality,Production & trades,Temporary,14.75,2519,31.1,6.4,1.5
2024-Q4,Netherlands,North Holland,Trade & hospitality,Production & trades,Temporary,14.37,2571,32.3,5.59,4.0
2025-Q1,Netherlands,North Holland,Trade & hospitality,Production & trades,Temporary,14.98,2557,31.2,5.28,2.2
2025-Q2,Netherlands,North Holland,Trade & hospitality,Production & trades,Temporary,14.76,2625,31.7,6.34,2.1
2025-Q3,Netherlands,North Holland,Trade & hospitality,Production & trades,Temporary,14.59,2658,30.8,5.54,3.7
2025-Q4,Netherlands,North Holland,Trade & hospitality,Production & trades,Temporary,14.42,2667,32.2,5.68,3.0
2021-Q1,Netherlands,North Holland,Trade & hospitality,Production & trades,Self-employed,9.62,2938,39.3,5.53,3.9
2021-Q2,Netherlands,North Holland,Trade & hospitality,Production & trades,Self-employed,9.95,2990,39.6,6.06,5.8
2021-Q3,Netherlands,North Holland,Trade & hospitality,Production & trades,Self-employed,10.08,2987,38.5,6.0,3.8
2021-Q4,Netherlands,North Holland,Trade & hospitality,Production & trades,Self-employed,9.79,3051,40.0,6.19,1.7
2022-Q1,Netherlands,North Holland,Trade & hospitality,Production & trades,Self-employed,9.46,3053,39.1,6.06,5.6
2022-Q2,Netherlands,North Holland,Trade & hospitality,Production & trades,Self-employed,10.22,3083,39.2,6.05,3.5
2022-Q3,Netherlands,North Holland,Trade & hospitality,Production & trades,Self-employed,10.43,3150,38.8,6.63,3.5
2022-Q4,Netherlands,North Holland,Trade & hospitality,Production & trades,Self-employed,9.92,3160,39.8,5.97,1.8
2023-Q1,Netherlands,North Holland,Trade & hospitality,Production & trades,Self-employed,9.72,3216,39.2,6.44,5.1
2023-Q2,Netherlands,North Holland,Trade & hospitality,Production & trades,Self-employed,9.81,3205,39.9,6.21,1.8
2023-Q3,Netherlands,North Holland,Trade & hospitality,Production & trades,Self-employed,10.38,3290,38.6,6.22,5.6
2023-Q4,Netherlands,North Holland,Trade & hospitality,Production & trades,Self-employed,10.11,3297,39.9,5.99,3.6
2024-Q1,Netherlands,North Holland,Trade & hospitality,Production & trades,Self-employed,9.88,3374,39.2,5.44,4.2
2024-Q2,Netherlands,North Holland,Trade & hospitality,Production & trades,Self-employed,10.14,3465,39.4,5.36,5.3
2024-Q3,Netherlands,North Holland,Trade & hospitality,Production & trades,Self-employed,10.45,3501,38.7,5.15,3.0
2024-Q4,Netherlands,North Holland,Trade & hospitality,Production & trades,Self-employed,10.16,3497,39.8,5.13,1.7
2025-Q1,Netherlands,North Holland,Trade & hospitality,Production & trades,Self-employed,10.04,3551,38.8,5.05,3.7
2025-Q2,Netherlands,North Holland,Trade & hospitality,Production & trades,Self-employed,10.58,3590,39.7,5.49,3.4
2025-Q3,Netherlands,North Holland,Trade & hospitality,Production & trades,Self-employed,10.53,3644,38.7,4.78,4.0
2025-Q4,Netherlands,North Holland,Trade & hospitality,Production & trades,Self-employed,10.4,3730,39.7,4.99,5.3
2021-Q1,Netherlands,South Holland,Manufacturing,Managers,Permanent,15.34,5380,36.1,4.37,16.1
2021-Q2,Netherlands,South Holland,Manufacturing,Managers,Permanent,15.84,5458,36.6,4.45,16.8
2021-Q3,Netherlands,South Holland,Manufacturing,Managers,Permanent,16.03,5424,35.5,4.74,16.3
2021-Q4,Netherlands,South Holland,Manufacturing,Managers,Permanent,15.49,5500,36.8,4.52,17.9
2022-Q1,Netherlands,South Holland,Manufacturing,Managers,Permanent,15.9,5704,35.9,5.03,17.7
2022-Q2,Netherlands,South Holland,Manufacturing,Managers,Permanent,15.59,5682,36.3,5.41,16.2
2022-Q3,Netherlands,South Holland,Manufacturing,Managers,Permanent,15.92,5691,35.3,5.25,16.6
2022-Q4,Netherlands,South Holland,Manufacturing,Managers,Permanent,15.51,5940,36.8,5.74,18.3
2023-Q1,Netherlands,South Holland,Manufacturing,Managers,Permanent,15.6,6034,35.7,5.43,17.5
2023-Q2,Netherlands,South Holland,Manufacturing,Managers,Permanent,15.76,5999,36.6,5.64,14.7
2023-Q3,Netherlands,South Holland,Manufacturing,Managers,Permanent,16.42,6004,35.8,5.46,16.0
2023-Q4,Netherlands,South Holland,Manufacturing,Managers,Permanent,15.96,6187,36.7,4.98,15.3
2024-Q1,Netherlands,South Holland,Manufacturing,Managers,Permanent,15.47,6233,35.8,4.87,17.1
2024-Q2,Netherlands,South Holland,Manufacturing,Managers,Permanent,16.02,6246,36.6,4.46,15.4
2024-Q3,Netherlands,South Holland,Manufacturing,Managers,Permanent,16.22,6353,35.7,4.51,14.4
2024-Q4,Netherlands,South Holland,Manufacturing,Managers,Permanent,16.57,6381,36.8,4.07,16.0
2025-Q1,Netherlands,South Holland,Manufacturing,Managers,Permanent,15.43,6534,35.6,4.07,17.2
2025-Q2,Netherlands,South Holland,Manufacturing,Managers,Permanent,16.46,6640,36.5,4.25,16.0
2025-Q3,Netherlands,South Holland,Manufacturing,Managers,Permanent,16.43,6688,35.7,3.69,16.4
2025-Q4,Netherlands,South Holland,Manufacturing,Managers,Permanent,16.18,6806,36.7,3.99,15.4
2021-Q1,Netherlands,South Holland,Manufacturing,Managers,Self-employed,3.9,5741,39.4,5.13,20.9
2021-Q2,Netherlands,South Holland,Manufacturing,Managers,Self-employed,3.98,5827,39.9,5.11,20.2
2021-Q3,Netherlands,South Holland,Manufacturing,Managers,Self-employed,4.02,5837,39.0,4.95,21.7
2021-Q4,Netherlands,South Holland,Manufacturing,Managers,Self-employed,3.95,5945,40.1,4.58,19.9
2022-Q1,Netherlands,South Holland,Manufacturing,Managers,Self-employed,4.0,6121,39.8,5.07,19.8
2022-Q2,Netherlands,South Holland,Manufacturing,Managers,Self-employed,4.05,6222,40.1,5.66,21.6
2022-Q3,Netherlands,South Holland,Manufacturing,Managers,Self-employed,3.99,6202,38.8,5.01,20.5
2022-Q4,Netherlands,South Holland,Manufacturing,Managers,Self-employed,3.95,6270,40.4,5.63,18.3
2023-Q1,Netherlands,South Holland,Manufacturing,Managers,Self-employed,3.87,6305,39.6,5.51,19.2
2023-Q2,Netherlands,South Holland,Manufacturing,Managers,Self-employed,4.01,6555,40.2,5.37,19.3
2023-Q3,Netherlands,South Holland,Manufacturing,Managers,Self-employed,4.12,6610,38.9,4.83,18.7
2023-Q4,Netherlands,South Holland,Manufacturing,Managers,Self-employed,4.04,6623,40.2,5.49,20.2
2024-Q1,Netherlands,South Holland,Manufacturing,Managers,Self-employed,3.93,6819,39.1,4.84,17.4
2024-Q2,Netherlands,South Holland,Manufacturing,Managers,Self-employed,4.02,6886,40.0,4.52,18.0
2024-Q3,Netherlands,South Holland,Manufacturing,Managers,Self-employed,4.0,6851,39.0,4.57,18.0
2024-Q4,Netherlands,South Holland,Manufacturing,Managers,Self-employed,4.14,7017,40.2,4.55,17.7
2025-Q1,Netherlands,South Holland,Manufacturing,Managers,Self-employed,4.11,7120,39.4,4.36,17.2
2025-Q2,Netherlands,South Holland,Manufacturing,Managers,Self-employed,4.03,7058,39.9,4.05,18.1
2025-Q3,Netherlands,South Holland,Manufacturing,Managers,Self-employed,4.14,7266,39.1,4.16,18.2
2025-Q4,Netherlands,South Holland,Manufacturing,Managers,Self-employed,4.09,7205,40.1,3.79,18.0
2021-Q1,Netherlands,South Holland,Manufacturing,Professionals,Permanent,34.64,4548,35.2,4.35,20.2
2021-Q2,Netherlands,South Holland,Manufacturing,Professionals,Permanent,35.32,4593,35.8,4.84,19.7
2021-Q3,Netherlands,South Holland,Manufacturing,Professionals,Permanent,37.61,4623,34.6,4.49,18.8
2021-Q4,Netherlands,South Holland,Manufacturing,Professionals,Permanent,35.21,4667,35.9,5.01,20.1
2022-Q1,Netherlands,South Holland,Manufacturing,Professionals,Permanent,34.65,4763,35.2,5.38,17.8
2022-Q2,Netherlands,South Holland,Manufacturing,Professionals,Permanent,37.05,4854,35.5,5.46,18.7
2022-Q3,Netherlands,South Holland,Manufacturing,Professionals,Permanent,37.93,4834,34.8,5.26,18.7
2022-Q4,Netherlands,South Holland,Manufacturing,Professionals,Permanent,35.25,4914,35.8,5.41,16.9
2023-Q1,Netherlands,South Holland,Manufacturing,Professionals,Permanent,35.34,4984,35.1,5.75,20.4
2023-Q2,Netherlands,South Holland,Manufacturing,Professionals,Permanent,36.38,4985,35.7,5.19,16.5
2023-Q3,Netherlands,South Holland,Manufacturing,Professionals,Permanent,38.17,5085,34.6,4.95,18.4
2023-Q4,Netherlands,South Holland,Manufacturing,Professionals,Permanent,36.78,5087,35.9,5.19,19.5
2024-Q1,Netherlands,South Holland,Manufacturing,Professionals,Permanent,36.28,5371,35.2,5.0,16.9
2024-Q2,Netherlands,South Holland,Manufacturing,Professionals,Permanent,38.3,5264,35.7,5.13,15.9
2024-Q3,Netherlands,South Holland,Manufacturing,Professionals,Permanent,38.55,5445,34.7,4.37,17.0
2024-Q4,Netherlands,South Holland,Manufacturing,Professionals,Permanent,37.03,5428,35.7,4.73,15.1
2025-Q1,Netherlands,South Holland,Manufacturing,Professionals,Permanent,35.16,5446,35.1,4.32,16.4
2025-Q2,Netherlands,South Holland,Manufacturing,Professionals,Permanent,36.94,5520,35.6,4.12,17.4
2025-Q3,Netherlands,South Holland,Manufacturing,Professionals,Permanent,38.16,5735,34.7,4.09,17.4
2025-Q4,Netherlands,South Holland,Manufacturing,Professionals,Permanent,36.67,5742,35.7,4.05,20.5
2021-Q1,Netherlands,South Holland,Manufacturing,Professionals,Temporary,10.0,3654,31.8,4.6,18.2
2021-Q2,Netherlands,South Holland,Manufacturing,Professionals,Temporary,10.32,3716,32.6,4.55,17.4
2021-Q3,Netherlands,South Holland,Manufacturing,Professionals,Temporary,10.79,3752,31.6,4.72,17.5
2021-Q4,Netherlands,South Holland,Manufacturing,Professionals,Temporary,10.32,3834,32.5,5.2,17.6
2022-Q1,Netherlands,South Holland,Manufacturing,Professionals,Temporary,10.03,3919,31.7,4.97,17.2
2022-Q2,Netherlands,South Holland,Manufacturing,Professionals,Temporary,10.41,3908,32.4,5.21,15.1
2022-Q3,Netherlands,South Holland,Manufacturing,Professionals,Temporary,10.46,4018,31.3,4.89,18.0
2022-Q4,Netherlands,South Holland,Manufacturing,Professionals,Temporary,10.08,3989,32.3,5.65,16.2
2023-Q1,Netherlands,South Holland,Manufacturing,Professionals,Temporary,10.24,4042,31.6,5.1,14.7
2023-Q2,Netherlands,South Holland,Manufacturing,Professionals,Temporary,10.6,4034,32.4,5.8,15.6
2023-Q3,Netherlands,South Holland,Manufacturing,Professionals,Temporary,10.46,4200,31.6,5.31,13.2
2023-Q4,Netherlands,South Holland,Manufacturing,Professionals,Temporary,10.0,4213,32.8,4.89,15.8
2024-Q1,Netherlands,South Holland,Manufacturing,Professionals,Temporary,10.2,4236,31.7,4.77,14.5
2024-Q2,Netherlands,South Holland,Manufacturing,Professionals,Temporary,10.95,4301,32.5,4.9,16.8
2024-Q3,Netherlands,South Holland,Manufacturing,Professionals,Temporary,10.68,4436,31.2,4.42,16.5
2024-Q4,Netherlands,South Holland,Manufacturing,Professionals,Temporary,10.64,4455,32.5,4.58,15.9
2025-Q1,Netherlands,South Holland,Manufacturing,Professionals,Temporary,10.23,4456,32.2,4.71,16.7
2025-Q2,Netherlands,South Holland,Manufacturing,Professionals,Temporary,10.8,4580,32.5,4.22,14.7
2025-Q3,Netherlands,South Holland,Manufacturing,Professionals,Temporary,10.87,4606,31.4,4.68,16.0
2025-Q4,Netherlands,South Holland,Manufacturing,Professionals,Temporary,10.54,4705,32.9,4.19,17.5
2021-Q1,Netherlands,South Holland,Manufacturing,Professionals,Self-employed,7.66,4898,39.9,4.9,22.8
2021-Q2,Netherlands,South Holland,Manufacturing,Professionals,Self-employed,7.97,4973,40.4,4.62,22.8
2021-Q3,Netherlands,South Holland,Manufacturing,Professionals,Self-employed,7.81,5076,39.8,5.0,21.3
2021-Q4,Netherlands,South Holland,Manufacturing,Professionals,Self-employed,7.81,5135,40.2,5.13,21.3
2022-Q1,Netherlands,South Holland,Manufacturing,Professionals,Self-employed,8.04,5073,40.0,4.95,20.4
2022-Q2,Netherlands,South Holland,Manufacturing,Professionals,Self-employed,8.12,5210,40.2,5.24,19.4
2022-Q3,Netherlands,South Holland,Manufacturing,Professionals,Self-employed,8.12,5339,39.1,5.78,20.9
2022-Q4,Netherlands,South Holland,Manufacturing,Professionals,Self-employed,7.69,5329,40.1,6.03,19.8
2023-Q1,Netherlands,South Holland,Manufacturing,Professionals,Self-employed,7.89,5451,39.9,5.99,19.0
2023-Q2,Netherlands,South Holland,Manufacturing,Professionals,Self-employed,8.12,5512,40.5,5.53,18.8
2023-Q3,Netherlands,South Holland,Manufacturing,Professionals,Self-employed,8.19,5590,39.4,5.66,20.7
2023-Q4,Netherlands,South Holland,Manufacturing,Professionals,Self-employed,7.94,5638,40.6,5.37,20.3
2024-Q1,Netherlands,South Holland,Manufacturing,Professionals,Self-employed,8.12,5567,39.9,5.15,19.8
2024-Q2,Netherlands,South Holland,Manufacturing,Professionals,Self-employed,7.87,5784,40.6,4.73,17.9
2024-Q3,Netherlands,South Holland,Manufacturing,Professionals,Self-employed,8.28,5860,39.4,4.91,19.7
2024-Q4,Netherlands,South Holland,Manufacturing,Professionals,Self-employed,8.12,5997,40.6,4.47,18.1
2025-Q1,Netherlands,South Holland,Manufacturing,Professionals,Self-employed,8.16,5965,39.5,4.77,20.7
2025-Q2,Netherlands,South Holland,Manufacturing,Professionals,Self-employed,8.37,6104,39.9,4.43,19.0
2025-Q3,Netherlands,South Holland,Manufacturing,Professionals,Self-employed,8.34,6063,39.6,4.19,19.5
2025-Q4,Netherlands,South Holland,Manufacturing,Professionals,Self-employed,8.04,6207,40.5,4.54,18.7
2021-Q1,Netherlands,South Holland,Manufacturing,Technicians,Permanent,33.05,3625,35.0,4.13,14.3
2021-Q2,Netherlands,South Holland,Manufacturing,Technicians,Permanent,33.44,3679,35.6,4.21,15.1
2021-Q3,Netherlands,South Holland,Manufacturing,Technicians,Permanent,33.82,3713,34.8,5.03,13.1
2021-Q4,Netherlands,South Holland,Manufacturing,Technicians,Permanent,34.71,3716,36.0,4.69,13.2
2022-Q1,Netherlands,South Holland,Manufacturing,Technicians,Permanent,33.15,3744,34.7,4.48,14.2
2022-Q2,Netherlands,South Holland,Manufacturing,Technicians,Permanent,34.71,3837,35.9,4.36,13.6
2022-Q3,Netherlands,South Holland,Manufacturing,Technicians,Permanent,34.66,3928,35.0,5.2,13.7
2022-Q4,Netherlands,South Holland,Manufacturing,Technicians,Permanent,34.19,3971,36.0,5.26,13.3
2023-Q1,Netherlands,South Holland,Manufacturing,Technicians,Permanent,33.01,3951,35.0,4.97,14.4
2023-Q2,Netherlands,South Holland,Manufacturing,Technicians,Permanent,35.04,4072,35.7,5.34,12.4
2023-Q3,Netherlands,South Holland,Manufacturing,Technicians,Permanent,33.29,4118,34.5,5.31,12.7
2023-Q4,Netherlands,South Holland,Manufacturing,Technicians,Permanent,33.83,4106,36.0,4.73,11.7
2024-Q1,Netherlands,South Holland,Manufacturing,Technicians,Permanent,33.82,4125,35.1,4.51,11.8
2024-Q2,Netherlands,South Holland,Manufacturing,Technicians,Permanent,35.21,4264,36.0,5.09,10.5
2024-Q3,Netherlands,South Holland,Manufacturing,Technicians,Permanent,34.73,4374,34.6,3.76,14.9
2024-Q4,Netherlands,South Holland,Manufacturing,Technicians,Permanent,35.23,4348,35.7,4.37,12.5
2025-Q1,Netherlands,South Holland,Manufacturing,Technicians,Permanent,33.31,4369,34.8,4.55,12.6
2025-Q2,Netherlands,South Holland,Manufacturing,Technicians,Permanent,35.71,4420,35.5,3.66,13.5
2025-Q3,Netherlands,South Holland,Manufacturing,Technicians,Permanent,35.32,4549,34.9,3.97,11.9
2025-Q4,Netherlands,South Holland,Manufacturing,Technicians,Permanent,35.07,4539,36.0,4.6,13.8
2021-Q1,Netherlands,South Holland,Manufacturing,Technicians,Temporary,8.3,3041,31.9,4.21,11.7
2021-Q2,Netherlands,South Holland,Manufacturing,Technicians,Temporary,8.82,3056,32.4,4.45,12.5
2021-Q3,Netherlands,South Holland,Manufacturing,Technicians,Temporary,8.85,3067,31.7,4.44,13.0
2021-Q4,Netherlands,South Holland,Manufacturing,Technicians,Temporary,8.42,3100,32.7,4.97,12.9
2022-Q1,Netherlands,South Holland,Manufacturing,Technicians,Temporary,8.41,3092,32.3,4.4,14.2
2022-Q2,Netherlands,South Holland,Manufacturing,Technicians,Temporary,8.98,3142,32.6,4.62,12.5
2022-Q3,Netherlands,South Holland,Manufacturing,Technicians,Temporary,8.84,3182,31.7,5.02,11.1
2022-Q4,Netherlands,South Holland,Manufacturing,Technicians,Temporary,8.59,3248,32.9,5.1,11.7
2023-Q1,Netherlands,South Holland,Manufacturing,Technicians,Temporary,8.6,3232,32.1,5.55,13.9
2023-Q2,Netherlands,South Holland,Manufacturing,Technicians,Temporary,8.79,3376,32.5,5.26,11.5
2023-Q3,Netherlands,South Holland,Manufacturing,Technicians,Temporary,8.76,3339,31.7,5.07,13.0
2023-Q4,Netherlands,South Holland,Manufacturing,Technicians,Temporary,8.7,3405,32.5,4.8,12.5
2024-Q1,Netherlands,South Holland,Manufacturing,Technicians,Temporary,8.58,3506,32.1,4.62,12.5
2024-Q2,Netherlands,South Holland,Manufacturing,Technicians,Temporary,9.22,3541,32.3,4.44,12.2
2024-Q3,Netherlands,South Holland,Manufacturing,Technicians,Temporary,8.79,3557,31.2,3.74,12.0
2024-Q4,Netherlands,South Holland,Manufacturing,Technicians,Temporary,8.86,3584,32.6,4.15,10.7
2025-Q1,Netherlands,South Holland,Manufacturing,Technicians,Temporary,8.66,3632,32.4,3.88,11.1
2025-Q2,Netherlands,South Holland,Manufacturing,Technicians,Temporary,9.16,3710,32.7,3.33,11.0
2025-Q3,Netherlands,South Holland,Manufacturing,Technicians,Temporary,9.0,3757,31.6,3.98,14.2
2025-Q4,Netherlands,South Holland,Manufacturing,Technicians,Temporary,8.8,3751,33.0,3.82,12.6
2021-Q1,Netherlands,South Holland,Manufacturing,Production & trades,Permanent,43.61,3150,35.1,4.57,2.6
2021-Q2,Netherlands,South Holland,Manufacturing,Production & trades,Permanent,43.84,3224,35.5,4.21,4.5
2021-Q3,Netherlands,South Holland,Manufacturing,Production & trades,Permanent,46.22,3234,34.7,4.25,5.8
2021-Q4,Netherlands,South Holland,Manufacturing,Production & trades,Permanent,45.48,3296,36.0,4.91,3.9
2022-Q1,Netherlands,South Holland,Manufacturing,Production & trades,Permanent,43.8,3330,35.0,4.87,4.6
2022-Q2,Netherlands,South Holland,Manufacturing,Production & trades,Permanent,45.47,3393,35.8,5.13,4.9
2022-Q3,Netherlands,South Holland,Manufacturing,Production & trades,Permanent,46.29,3350,34.5,5.25,4.9
2022-Q4,Netherlands,South Holland,Manufacturing,Production & trades,Permanent,44.97,3409,35.9,6.18,3.3
2023-Q1,Netherlands,South Holland,Manufacturing,Production & trades,Permanent,44.3,3483,35.3,5.19,3.7
2023-Q2,Netherlands,South Holland,Manufacturing,Production & trades,Permanent,46.13,3495,35.5,5.37,4.4
2023-Q3,Netherlands,South Holland,Manufacturing,Production & trades,Permanent,48.85,3583,34.7,4.9,4.0
2023-Q4,Netherlands,South Holland,Manufacturing,Production & trades,Permanent,46.09,3587,35.9,5.01,2.5
2024-Q1,Netherlands,South Holland,Manufacturing,Production & trades,Permanent,45.64,3622,35.2,4.15,2.9
2024-Q2,Netherlands,South Holland,Manufacturing,Production & trades,Permanent,46.69,3720,35.6,4.43,3.7
2024-Q3,Netherlands,South Holland,Manufacturing,Production & trades,Permanent,48.0,3746,34.8,4.0,6.4
2024-Q4,Netherlands,South Holland,Manufacturing,Production & trades,Permanent,46.59,3767,35.9,4.05,2.8
2025-Q1,Netherlands,South Holland,Manufacturing,Production & trades,Permanent,43.02,3808,35.3,4.06,4.0
2025-Q2,Netherlands,South Holland,Manufacturing,Production & trades,Permanent,47.08,3843,35.4,4.16,3.3
2025-Q3,Netherlands,South Holland,Manufacturing,Production & trades,Permanent,48.63,3984,34.8,4.29,4.1
2025-Q4,Netherlands,South Holland,Manufacturing,Production & trades,Permanent,46.96,4016,35.7,3.98,4.8
2021-Q1,Netherlands,South Holland,Manufacturing,Production & trades,Temporary,12.81,2616,31.5,4.81,6.4
2021-Q2,Netherlands,South Holland,Manufacturing,Production & trades,Temporary,13.26,2656,32.4,4.88,5.4
2021-Q3,Netherlands,South Holland,Manufacturing,Production & trades,Temporary,13.61,2705,31.1,4.28,5.9
2021-Q4,Netherlands,South Holland,Manufacturing,Production & trades,Temporary,13.4,2722,32.3,4.75,6.4
2022-Q1,Netherlands,South Holland,Manufacturing,Production & trades,Temporary,12.99,2711,31.4,4.84,3.9
2022-Q2,Netherlands,South Holland,Manufacturing,Production & trades,Temporary,13.45,2791,32.2,5.66,4.3
2022-Q3,Netherlands,South Holland,Manufacturing,Production & trades,Temporary,13.74,2812,31.0,5.11,1.6
2022-Q4,Netherlands,South Holland,Manufacturing,Production & trades,Temporary,13.72,2840,32.4,5.8,2.2
2023-Q1,Netherlands,South Holland,Manufacturing,Production & trades,Temporary,13.26,2848,31.5,5.39,4.2
2023-Q2,Netherlands,South Holland,Manufacturing,Production & trades,Temporary,13.74,2934,32.2,5.91,3.2
2023-Q3,Netherlands,South Holland,Manufacturing,Production & trades,Temporary,13.63,2952,31.3,5.35,4.7
2023-Q4,Netherlands,South Holland,Manufacturing,Production & trades,Temporary,13.32,2984,32.3,4.86,3.6
2024-Q1,Netherlands,South Holland,Manufacturing,Production & trades,Temporary,13.93,3001,31.5,4.91,1.3
2024-Q2,Netherlands,South Holland,Manufacturing,Production & trades,Temporary,13.71,3085,32.0,5.43,4.7
2024-Q3,Netherlands,South Holland,Manufacturing,Production & trades,Temporary,13.87,3112,31.1,4.62,4.7
2024-Q4,Netherlands,South Holland,Manufacturing,Production & trades,Temporary,13.64,3138,32.3,4.19,3.3
2025-Q1,Netherlands,South Holland,Manufacturing,Production & trades,Temporary,13.17,3183,32.0,4.24,3.2
2025-Q2,Netherlands,South Holland,Manufacturing,Production & trades,Temporary,13.81,3206,32.0,4.85,1.8
2025-Q3,Netherlands,South Holland,Manufacturing,Production & trades,Temporary,14.26,3285,30.9,4.69,2.1
2025-Q4,Netherlands,South Holland,Manufacturing,Production & trades,Temporary,13.54,3328,32.2,4.04,2.5
2021-Q1,Netherlands,South Holland,Manufacturing,Production & trades,Self-employed,9.08,3417,39.9,4.49,4.4
2021-Q2,Netherlands,South Holland,Manufacturing,Production & trades,Self-employed,9.57,3493,40.6,4.55,5.2
2021-Q3,Netherlands,South Holland,Manufacturing,Production & trades,Self-employed,9.48,3555,39.7,4.49,3.9
2021-Q4,Netherlands,South Holland,Manufacturing,Production & trades,Self-employed,9.22,3596,40.8,5.13,6.3
2022-Q1,Netherlands,South Holland,Manufacturing,Production & trades,Self-employed,9.11,3696,39.9,4.66,4.8
2022-Q2,Netherlands,South Holland,Manufacturing,Production & trades,Self-employed,9.46,3657,40.8,5.06,5.0
2022-Q3,Netherlands,South Holland,Manufacturing,Production & trades,Self-employed,9.84,3761,39.8,4.95,7.0
2022-Q4,Netherlands,South Holland,Manufacturing,Production & trades,Self-employed,9.57,3759,40.8,5.32,5.0
2023-Q1,Netherlands,South Holland,Manufacturing,Production & trades,Self-employed,9.4,3788,40.0,5.33,4.0
2023-Q2,Netherlands,South Holland,Manufacturing,Production & trades,Self-employed,9.78,3844,40.9,5.81,6.0
2023-Q3,Netherlands,South Holland,Manufacturing,Production & trades,Self-employed,9.76,4017,39.8,5.1,5.8
2023-Q4,Netherlands,South Holland,Manufacturing,Production & trades,Self-employed,9.4,4010,40.8,5.14,6.8
2024-Q1,Netherlands,South Holland,Manufacturing,Production & trades,Self-employed,9.39,4044,40.2,5.05,5.5
2024-Q2,Netherlands,South Holland,Manufacturing,Production & trades,Self-employed,9.61,4144,40.6,4.83,3.6
2024-Q3,Netherlands,South Holland,Manufacturing,Production & trades,Self-employed,9.76,4149,39.6,3.93,3.0
2024-Q4,Netherlands,South Holland,Manufacturing,Production & trades,Self-employed,9.72,4204,41.1,4.06,7.3
2025-Q1,Netherlands,South Holland,Manufacturing,Production & trades,Self-employed,9.21,4303,40.1,3.87,5.3
2025-Q2,Netherlands,South Holland,Manufacturing,Production & trades,Self-employed,9.79,4308,40.7,3.92,4.0
2025-Q3,Netherlands,South Holland,Manufacturing,Production & trades,Self-employed,9.74,4338,39.7,4.26,5.4
2025-Q4,Netherlands,South Holland,Manufacturing,Production & trades,Self-employed,9.71,4410,40.6,4.13,3.5
2021-Q1,Netherlands,South Holland,Construction,Managers,Permanent,10.57,4997,35.9,5.29,10.8
2021-Q2,Netherlands,South Holland,Construction,Managers,Permanent,11.21,5054,36.5,4.85,9.2
2021-Q3,Netherlands,South Holland,Construction,Managers,Permanent,11.14,5041,35.3,5.52,8.5
2021-Q4,Netherlands,South Holland,Construction,Managers,Permanent,10.89,5130,36.7,5.48,8.7
2022-Q1,Netherlands,South Holland,Construction,Managers,Permanent,10.57,5218,36.1,5.5,9.0
2022-Q2,Netherlands,South Holland,Construction,Managers,Permanent,11.0,5335,36.7,6.12,9.0
2022-Q3,Netherlands,South Holland,Construction,Managers,Permanent,11.15,5427,35.7,5.78,9.0
2022-Q4,Netherlands,South Holland,Construction,Managers,Permanent,10.71,5409,36.7,6.55,9.1
2023-Q1,Netherlands,South Holland,Construction,Managers,Permanent,10.97,5544,36.2,5.91,9.1
2023-Q2,Netherlands,South Holland,Construction,Managers,Permanent,10.96,5534,36.4,5.91,9.2
2023-Q3,Netherlands,South Holland,Construction,Managers,Permanent,11.35,5656,35.7,6.16,8.2
2023-Q4,Netherlands,South Holland,Construction,Managers,Permanent,10.92,5709,36.7,5.29,6.4
2024-Q1,Netherlands,South Holland,Construction,Managers,Permanent,11.15,5915,35.9,5.57,7.8
2024-Q2,Netherlands,South Holland,Construction,Managers,Permanent,11.26,5913,36.5,5.16,6.9
2024-Q3,Netherlands,South Holland,Construction,Managers,Permanent,11.01,6007,35.8,4.96,6.8
2024-Q4,Netherlands,South Holland,Construction,Managers,Permanent,10.91,6040,36.8,5.03,8.8
2025-Q1,Netherlands,South Holland,Construction,Managers,Permanent,11.11,6094,36.1,5.23,8.6
2025-Q2,Netherlands,South Holland,Construction,Managers,Permanent,11.46,6197,36.2,4.9,8.8
2025-Q3,Netherlands,South Holland,Construction,Managers,Permanent,11.42,6246,35.6,4.77,7.3
2025-Q4,Netherlands,South Holland,Construction,Managers,Permanent,11.29,6265,37.0,5.02,8.3
2021-Q1,Netherlands,South Holland,Construction,Managers,Self-employed,2.58,5599,39.9,6.12,11.4
2021-Q2,Netherlands,South Holland,Construction,Managers,Self-employed,2.64,5610,40.9,5.4,11.7
2021-Q3,Netherlands,South Holland,Construction,Managers,Self-employed,2.83,5733,39.8,5.46,9.9
2021-Q4,Netherlands,South Holland,Construction,Managers,Self-employed,2.67,5749,40.7,6.11,11.9
2022-Q1,Netherlands,South Holland,Construction,Managers,Self-employed,2.7,5827,40.2,6.03,10.1
2022-Q2,Netherlands,South Holland,Construction,Managers,Self-employed,2.7,5975,40.9,5.87,9.7
2022-Q3,Netherlands,South Holland,Construction,Managers,Self-employed,2.83,6049,39.5,6.78,8.2
2022-Q4,Netherlands,South Holland,Construction,Managers,Self-employed,2.67,6186,40.8,6.25,8.4
2023-Q1,Netherlands,South Holland,Construction,Managers,Self-employed,2.64,6100,40.1,6.49,9.5
2023-Q2,Netherlands,South Holland,Construction,Managers,Self-employed,2.75,6181,40.9,6.29,7.5
2023-Q3,Netherlands,South Holland,Construction,Managers,Self-employed,2.83,6138,39.9,6.19,9.2
2023-Q4,Netherlands,South Holland,Construction,Managers,Self-employed,2.71,6417,40.7,5.69,9.4
2024-Q1,Netherlands,South Holland,Construction,Managers,Self-employed,2.69,6376,40.1,5.97,7.1
2024-Q2,Netherlands,South Holland,Construction,Managers,Self-employed,2.87,6583,40.3,5.55,6.8
2024-Q3,Netherlands,South Holland,Construction,Managers,Self-employed,2.81,6604,39.8,5.8,11.0
2024-Q4,Netherlands,South Holland,Construction,Managers,Self-employed,2.79,6779,40.4,5.48,10.2
2025-Q1,Netherlands,South Holland,Construction,Managers,Self-employed,2.7,6865,40.5,5.16,9.8
2025-Q2,Netherlands,South Holland,Construction,Managers,Self-employed,2.76,6814,40.5,5.41,9.3
2025-Q3,Netherlands,South Holland,Construction,Managers,Self-employed,2.88,6857,39.7,5.41,8.2
2025-Q4,Netherlands,South Holland,Construction,Managers,Self-employed,2.83,7096,40.5,5.36,10.1
2021-Q1,Netherlands,South Holland,Construction,Technicians,Permanent,21.59,3371,35.5,5.38,5.1
2021-Q2,Netherlands,South Holland,Construction,Technicians,Permanent,22.0,3402,36.2,6.12,7.2
2021-Q3,Netherlands,South Holland,Construction,Technicians,Permanent,22.83,3435,35.4,5.66,6.6
2021-Q4,Netherlands,South Holland,Construction,Technicians,Permanent,21.08,3493,36.6,6.67,6.5
2022-Q1,Netherlands,South Holland,Construction,Technicians,Permanent,21.97,3485,35.8,5.6,6.6
2022-Q2,Netherlands,South Holland,Construction,Technicians,Permanent,22.43,3532,36.5,6.5,5.7
2022-Q3,Netherlands,South Holland,Construction,Technicians,Permanent,22.63,3575,35.5,6.01,6.2
2022-Q4,Netherlands,South Holland,Construction,Technicians,Permanent,22.11,3633,36.4,7.12,5.8
2023-Q1,Netherlands,South Holland,Construction,Technicians,Permanent,22.84,3731,35.7,6.34,6.0
2023-Q2,Netherlands,South Holland,Construction,Technicians,Permanent,23.88,3756,36.1,5.97,6.3
2023-Q3,Netherlands,South Holland,Construction,Technicians,Permanent,24.22,3879,35.6,5.32,5.3
2023-Q4,Netherlands,South Holland,Construction,Technicians,Permanent,22.99,3877,36.5,5.55,5.5
2024-Q1,Netherlands,South Holland,Construction,Technicians,Permanent,21.55,3945,36.1,5.77,7.9
2024-Q2,Netherlands,South Holland,Construction,Technicians,Permanent,23.11,3874,36.0,5.8,6.5
2024-Q3,Netherlands,South Holland,Construction,Technicians,Permanent,23.27,3994,35.5,5.15,6.7
2024-Q4,Netherlands,South Holland,Construction,Technicians,Permanent,23.35,4063,36.5,4.65,5.8
2025-Q1,Netherlands,South Holland,Construction,Technicians,Permanent,23.08,4077,36.0,5.06,8.4
2025-Q2,Netherlands,South Holland,Construction,Technicians,Permanent,23.96,4130,36.3,5.14,6.8
2025-Q3,Netherlands,South Holland,Construction,Technicians,Permanent,23.95,4250,35.4,4.96,7.5
2025-Q4,Netherlands,South Holland,Construction,Technicians,Permanent,22.94,4246,36.7,4.77,4.6
2021-Q1,Netherlands,South Holland,Construction,Technicians,Temporary,6.49,2911,32.3,5.49,7.0
2021-Q2,Netherlands,South Holland,Construction,Technicians,Temporary,6.47,2885,32.9,5.6,4.9
2021-Q3,Netherlands,South Holland,Construction,Technicians,Temporary,6.49,2971,31.7,5.48,8.9
2021-Q4,Netherlands,South Holland,Construction,Technicians,Temporary,6.47,2999,33.1,5.11,5.6
2022-Q1,Netherlands,South Holland,Construction,Technicians,Temporary,6.25,3020,32.0,5.89,7.1
2022-Q2,Netherlands,South Holland,Construction,Technicians,Temporary,6.52,3072,32.8,5.96,6.2
2022-Q3,Netherlands,South Holland,Construction,Technicians,Temporary,6.59,3085,32.0,6.67,5.7
2022-Q4,Netherlands,South Holland,Construction,Technicians,Temporary,6.69,3115,32.7,6.88,7.3
2023-Q1,Netherlands,South Holland,Construction,Technicians,Temporary,6.45,3206,32.2,5.97,7.3
2023-Q2,Netherlands,South Holland,Construction,Technicians,Temporary,6.67,3144,33.2,6.08,5.6
2023-Q3,Netherlands,South Holland,Construction,Technicians,Temporary,6.67,3248,31.9,6.17,6.6
2023-Q4,Netherlands,South Holland,Construction,Technicians,Temporary,6.61,3314,33.3,5.77,5.6
2024-Q1,Netherlands,South Holland,Construction,Technicians,Temporary,6.68,3318,31.8,5.34,7.4
2024-Q2,Netherlands,South Holland,Construction,Technicians,Temporary,6.69,3384,33.0,5.73,5.8
2024-Q3,Netherlands,South Holland,Construction,Technicians,Temporary,6.57,3362,31.6,4.92,3.1
2024-Q4,Netherlands,South Holland,Construction,Technicians,Temporary,6.76,3451,32.9,5.28,4.8
2025-Q1,Netherlands,South Holland,Construction,Technicians,Temporary,6.53,3504,32.4,4.93,5.3
2025-Q2,Netherlands,South Holland,Construction,Technicians,Temporary,6.7,3571,32.7,5.32,7.1
2025-Q3,Netherlands,South Holland,Construction,Technicians,Temporary,6.95,3559,31.8,4.88,6.2
2025-Q4,Netherlands,South Holland,Construction,Technicians,Temporary,6.5,3612,32.9,5.13,5.4
2021-Q1,Netherlands,South Holland,Construction,Production & trades,Permanent,29.77,3074,35.7,5.31,2.7
2021-Q2,Netherlands,South Holland,Construction,Production & trades,Permanent,31.42,3143,36.4,5.52,5.3
2021-Q3,Netherlands,South Holland,Construction,Production & trades,Permanent,32.32,3200,35.4,5.79,2.2
2021-Q4,Netherlands,South Holland,Construction,Production & trades,Permanent,31.11,3215,36.7,6.33,2.8
2022-Q1,Netherlands,South Holland,Construction,Production & trades,Permanent,31.7,3218,35.7,6.1,2.2
2022-Q2,Netherlands,South Holland,Construction,Production & trades,Permanent,31.84,3227,36.6,6.33,3.0
2022-Q3,Netherlands,South Holland,Construction,Production & trades,Permanent,32.85,3321,35.1,6.91,2.2
2022-Q4,Netherlands,South Holland,Construction,Production & trades,Permanent,32.12,3372,36.6,6.27,2.5
2023-Q1,Netherlands,South Holland,Construction,Production & trades,Permanent,32.03,3374,35.8,6.7,2.0
2023-Q2,Netherlands,South Holland,Construction,Production & trades,Permanent,33.22,3462,36.5,6.09,1.6
2023-Q3,Netherlands,South Holland,Construction,Production & trades,Permanent,32.69,3499,35.3,5.95,2.7
2023-Q4,Netherlands,South Holland,Construction,Production & trades,Permanent,31.24,3512,36.6,6.02,0.6
2024-Q1,Netherlands,South Holland,Construction,Production & trades,Permanent,31.81,3605,36.0,5.36,0
2024-Q2,Netherlands,South Holland,Construction,Production & trades,Permanent,31.8,3550,36.3,5.9,3.8
2024-Q3,Netherlands,South Holland,Construction,Production & trades,Permanent,33.42,3674,35.4,5.28,0
2024-Q4,Netherlands,South Holland,Construction,Production & trades,Permanent,30.65,3711,36.6,5.47,2.3
2025-Q1,Netherlands,South Holland,Construction,Production & trades,Permanent,32.57,3724,35.6,5.3,1.4
2025-Q2,Netherlands,South Holland,Construction,Production & trades,Permanent,33.61,3835,36.5,5.23,1.1
2025-Q3,Netherlands,South Holland,Construction,Production & trades,Permanent,33.14,3902,35.5,5.26,1.8
2025-Q4,Netherlands,South Holland,Construction,Production & trades,Permanent,32.43,3914,36.8,4.71,0.5
2021-Q1,Netherlands,South Holland,Construction,Production & trades,Temporary,8.87,2548,32.3,5.99,4.4
2021-Q2,Netherlands,South Holland,Construction,Production & trades,Temporary,9.23,2549,33.2,5.75,3.0
2021-Q3,Netherlands,South Holland,Construction,Production & trades,Temporary,9.24,2580,31.5,5.72,1.4
2021-Q4,Netherlands,South Holland,Construction,Production & trades,Temporary,9.15,2629,33.3,5.46,2.8
2022-Q1,Netherlands,South Holland,Construction,Production & trades,Temporary,9.43,2630,32.2,6.36,0.9
2022-Q2,Netherlands,South Holland,Construction,Production & trades,Temporary,9.3,2685,32.9,6.4,0.4
2022-Q3,Netherlands,South Holland,Construction,Production & trades,Temporary,9.33,2737,31.9,6.55,1.2
2022-Q4,Netherlands,South Holland,Construction,Production & trades,Temporary,8.84,2730,33.0,6.04,2.3
2023-Q1,Netherlands,South Holland,Construction,Production & trades,Temporary,9.33,2750,32.6,6.9,1.1
2023-Q2,Netherlands,South Holland,Construction,Production & trades,Temporary,9.26,2857,32.5,5.55,1.6
2023-Q3,Netherlands,South Holland,Construction,Production & trades,Temporary,9.72,2874,32.1,5.87,1.0
2023-Q4,Netherlands,South Holland,Construction,Production & trades,Temporary,9.25,2872,32.9,5.77,2.1
2024-Q1,Netherlands,South Holland,Construction,Production & trades,Temporary,9.13,2908,32.4,5.29,3.9
2024-Q2,Netherlands,South Holland,Construction,Production & trades,Temporary,9.28,2959,33.0,6.08,1.7
2024-Q3,Netherlands,South Holland,Construction,Production & trades,Temporary,9.6,3043,31.9,5.23,0.6
2024-Q4,Netherlands,South Holland,Construction,Production & trades,Temporary,9.33,2994,32.9,4.53,0.1
2025-Q1,Netherlands,South Holland,Construction,Production & trades,Temporary,9.41,3040,32.5,5.55,5.1
2025-Q2,Netherlands,South Holland,Construction,Production & trades,Temporary,9.65,3090,32.9,4.74,2.4
2025-Q3,Netherlands,South Holland,Construction,Production & trades,Temporary,10.01,3157,31.6,4.62,1.4
2025-Q4,Netherlands,South Holland,Construction,Production & trades,Temporary,9.51,3196,33.1,5.04,0.4
2021-Q1,Netherlands,South Holland,Construction,Production & trades,Self-employed,6.59,3387,40.0,4.69,4.0
2021-Q2,Netherlands,South Holland,Construction,Production & trades,Self-employed,6.95,3397,40.3,5.1,0.6
2021-Q3,Netherlands,South Holland,Construction,Production & trades,Self-employed,6.78,3538,39.0,5.45,3.7
2021-Q4,Netherlands,South Holland,Construction,Production & trades,Self-employed,6.69,3505,40.2,5.47,3.7
2022-Q1,Netherlands,South Holland,Construction,Production & trades,Self-employed,6.61,3585,39.6,5.6,4.1
2022-Q2,Netherlands,South Holland,Construction,Production & trades,Self-employed,6.86,3582,40.5,5.91,0.8
2022-Q3,Netherlands,South Holland,Construction,Production & trades,Self-employed,6.87,3657,39.2,6.15,2.8
2022-Q4,Netherlands,South Holland,Construction,Production & trades,Self-employed,6.63,3694,40.2,6.26,3.6
2023-Q1,Netherlands,South Holland,Construction,Production & trades,Self-employed,6.89,3741,39.9,6.11,2.1
2023-Q2,Netherlands,South Holland,Construction,Production & trades,Self-employed,6.88,3835,40.0,5.16,0.3
2023-Q3,Netherlands,South Holland,Construction,Production & trades,Self-employed,6.94,3837,39.3,5.55,3.2
2023-Q4,Netherlands,South Holland,Construction,Production & trades,Self-employed,6.81,3897,40.7,5.15,1.3
2024-Q1,Netherlands,South Holland,Construction,Production & trades,Self-employed,6.61,3949,39.5,6.0,0.8
2024-Q2,Netherlands,South Holland,Construction,Production & trades,Self-employed,6.99,3979,40.7,4.55,2.0
2024-Q3,Netherlands,South Holland,Construction,Production & trades,Self-employed,7.3,4019,39.4,4.82,2.1
2024-Q4,Netherlands,South Holland,Construction,Production & trades,Self-employed,6.89,4078,40.6,4.88,4.2
2025-Q1,Netherlands,South Holland,Construction,Production & trades,Self-employed,7.03,4128,39.6,4.86,2.8
2025-Q2,Netherlands,South Holland,Construction,Production & trades,Self-employed,7.18,4218,40.0,5.32,4.7
2025-Q3,Netherlands,South Holland,Construction,Production & trades,Self-employed,7.32,4270,39.2,4.55,1.4
2025-Q4,Netherlands,South Holland,Construction,Production & trades,Self-employed,7.15,4266,40.2,4.5,2.2
2021-Q1,Netherlands,South Holland,Finance,Managers,Permanent,8.97,6784,34.3,3.71,63.8
2021-Q2,Netherlands,South Holland,Finance,Managers,Permanent,9.55,6993,34.9,3.49,64.3
2021-Q3,Netherlands,South Holland,Finance,Managers,Permanent,9.39,7094,33.9,3.79,60.5
2021-Q4,Netherlands,South Holland,Finance,Managers,Permanent,9.61,7108,35.0,4.09,62.3
2022-Q1,Netherlands,South Holland,Finance,Managers,Permanent,9.19,7196,34.6,4.18,59.4
2022-Q2,Netherlands,South Holland,Finance,Managers,Permanent,9.64,7385,34.6,4.18,58.7
2022-Q3,Netherlands,South Holland,Finance,Managers,Permanent,9.86,7324,34.1,4.31,59.3
2022-Q4,Netherlands,South Holland,Finance,Managers,Permanent,9.33,7478,35.1,4.71,57.0
2023-Q1,Netherlands,South Holland,Finance,Managers,Permanent,9.47,7588,34.3,4.43,56.0
2023-Q2,Netherlands,South Holland,Finance,Managers,Permanent,9.78,7649,35.0,4.67,58.1
2023-Q3,Netherlands,South Holland,Finance,Managers,Permanent,9.8,7767,34.0,4.1,54.7
2023-Q4,Netherlands,South Holland,Finance,Managers,Permanent,9.54,7875,35.3,3.82,53.3
2024-Q1,Netherlands,South Holland,Finance,Managers,Permanent,9.43,7900,34.4,3.63,53.0
2024-Q2,Netherlands,South Holland,Finance,Managers,Permanent,9.95,7935,34.9,3.66,54.0
2024-Q3,Netherlands,South Holland,Finance,Managers,Permanent,9.83,8244,34.0,3.38,54.6
2024-Q4,Netherlands,South Holland,Finance,Managers,Permanent,9.69,8262,35.0,3.27,54.3
2025-Q1,Netherlands,South Holland,Finance,Managers,Permanent,9.67,8337,34.5,3.37,53.6
2025-Q2,Netherlands,South Holland,Finance,Managers,Permanent,10.07,8508,34.9,3.35,57.7
2025-Q3,Netherlands,South Holland,Finance,Managers,Permanent,10.04,8487,33.9,3.71,56.5
2025-Q4,Netherlands,South Holland,Finance,Managers,Permanent,9.74,8801,35.6,3.33,55.7
2021-Q1,Netherlands,South Holland,Finance,Managers,Self-employed,2.19,7268,39.0,3.98,73.5
2021-Q2,Netherlands,South Holland,Finance,Managers,Self-employed,2.24,7301,39.4,4.36,70.2
2021-Q3,Netherlands,South Holland,Finance,Managers,Self-employed,2.31,7472,38.7,4.14,72.1
2021-Q4,Netherlands,South Holland,Finance,Managers,Self-employed,2.22,7616,39.2,4.12,69.6
2022-Q1,Netherlands,South Holland,Finance,Managers,Self-employed,2.21,7624,38.6,4.49,69.8
2022-Q2,Netherlands,South Holland,Finance,Managers,Self-employed,2.29,7705,39.4,4.51,68.8
2022-Q3,Netherlands,South Holland,Finance,Managers,Self-employed,2.22,7911,38.5,3.96,68.8
2022-Q4,Netherlands,South Holland,Finance,Managers,Self-employed,2.23,7970,39.6,4.61,64.8
2023-Q1,Netherlands,South Holland,Finance,Managers,Self-employed,2.21,8081,39.2,4.67,66.9
2023-Q2,Netherlands,South Holland,Finance,Managers,Self-employed,2.34,8120,39.4,4.45,64.0
2023-Q3,Netherlands,South Holland,Finance,Managers,Self-employed,2.32,8200,38.8,4.14,63.0
2023-Q4,Netherlands,South Holland,Finance,Managers,Self-employed,2.29,8340,40.1,4.53,63.3
2024-Q1,Netherlands,South Holland,Finance,Managers,Self-employed,2.26,8481,39.3,3.75,62.6
2024-Q2,Netherlands,South Holland,Finance,Managers,Self-employed,2.34,8423,39.6,3.83,60.5
2024-Q3,Netherlands,South Holland,Finance,Managers,Self-employed,2.4,8684,38.7,3.95,61.5
2024-Q4,Netherlands,South Holland,Finance,Managers,Self-employed,2.29,8789,39.9,3.6,62.4
2025-Q1,Netherlands,South Holland,Finance,Managers,Self-employed,2.29,8764,39.1,3.58,64.3
2025-Q2,Netherlands,South Holland,Finance,Managers,Self-employed,2.39,8841,39.6,3.67,62.7
2025-Q3,Netherlands,South Holland,Finance,Managers,Self-employed,2.4,9035,38.5,3.36,62.5
2025-Q4,Netherlands,South Holland,Finance,Managers,Self-employed,2.28,9157,39.9,3.5,63.4
2021-Q1,Netherlands,South Holland,Finance,Professionals,Permanent,22.24,5676,34.8,3.69,68.7
2021-Q2,Netherlands,South Holland,Finance,Professionals,Permanent,22.36,5750,35.7,3.27,64.8
2021-Q3,Netherlands,South Holland,Finance,Professionals,Permanent,22.66,5858,34.9,3.85,64.9
2021-Q4,Netherlands,South Holland,Finance,Professionals,Permanent,22.77,5887,35.5,3.44,64.7
2022-Q1,Netherlands,South Holland,Finance,Professionals,Permanent,21.97,5979,35.1,3.82,63.8
2022-Q2,Netherlands,South Holland,Finance,Professionals,Permanent,22.55,6077,35.7,3.82,61.9
2022-Q3,Netherlands,South Holland,Finance,Professionals,Permanent,23.28,6180,34.8,4.32,60.4
2022-Q4,Netherlands,South Holland,Finance,Professionals,Permanent,22.06,6178,36.0,3.79,60.6
2023-Q1,Netherlands,South Holland,Finance,Professionals,Permanent,22.61,6246,35.2,4.13,60.1
2023-Q2,Netherlands,South Holland,Finance,Professionals,Permanent,23.68,6455,35.7,3.89,58.9
2023-Q3,Netherlands,South Holland,Finance,Professionals,Permanent,22.91,6530,34.8,3.72,59.8
2023-Q4,Netherlands,South Holland,Finance,Professionals,Permanent,22.82,6480,35.8,3.55,59.1
2024-Q1,Netherlands,South Holland,Finance,Professionals,Permanent,22.71,6598,35.0,3.39,56.0
2024-Q2,Netherlands,South Holland,Finance,Professionals,Permanent,23.89,6777,35.4,3.69,58.7
2024-Q3,Netherlands,South Holland,Finance,Professionals,Permanent,23.62,6807,34.5,3.48,57.4
2024-Q4,Netherlands,South Holland,Finance,Professionals,Permanent,23.38,6856,35.7,3.09,58.5
2025-Q1,Netherlands,South Holland,Finance,Professionals,Permanent,22.79,6938,35.2,3.21,57.3
2025-Q2,Netherlands,South Holland,Finance,Professionals,Permanent,24.28,7154,35.9,3.29,55.3
2025-Q3,Netherlands,South Holland,Finance,Professionals,Permanent,24.23,7167,34.9,3.37,60.8
2025-Q4,Netherlands,South Holland,Finance,Professionals,Permanent,23.39,7113,35.9,2.99,57.7
2021-Q1,Netherlands,South Holland,Finance,Professionals,Temporary,6.15,4449,30.9,3.18,60.8
2021-Q2,Netherlands,South Holland,Finance,Professionals,Temporary,6.56,4486,31.1,3.51,60.9
2021-Q3,Netherlands,South Holland,Finance,Professionals,Temporary,6.49,4519,30.4,3.56,61.8
2021-Q4,Netherlands,South Holland,Finance,Professionals,Temporary,6.57,4583,31.6,4.08,59.4
2022-Q1,Netherlands,South Holland,Finance,Professionals,Temporary,6.15,4696,30.6,3.96,57.6
2022-Q2,Netherlands,South Holland,Finance,Professionals,Temporary,6.64,4759,31.3,3.75,58.4
2022-Q3,Netherlands,South Holland,Finance,Professionals,Temporary,6.55,4862,30.4,4.21,56.9
2022-Q4,Netherlands,South Holland,Finance,Professionals,Temporary,6.68,4822,31.5,4.31,57.6
2023-Q1,Netherlands,South Holland,Finance,Professionals,Temporary,6.23,4967,30.8,4.32,54.0
2023-Q2,Netherlands,South Holland,Finance,Professionals,Temporary,6.45,4953,31.2,4.08,53.4
2023-Q3,Netherlands,South Holland,Finance,Professionals,Temporary,6.46,5072,30.3,4.1,54.2
2023-Q4,Netherlands,South Holland,Finance,Professionals,Temporary,6.56,5162,31.4,3.79,55.2
2024-Q1,Netherlands,South Holland,Finance,Professionals,Temporary,6.57,5114,30.8,3.46,50.6
2024-Q2,Netherlands,South Holland,Finance,Professionals,Temporary,6.79,5303,31.4,3.55,52.2
2024-Q3,Netherlands,South Holland,Finance,Professionals,Temporary,6.61,5267,30.5,3.83,53.2
2024-Q4,Netherlands,South Holland,Finance,Professionals,Temporary,6.7,5437,31.6,3.24,52.9
2025-Q1,Netherlands,South Holland,Finance,Professionals,Temporary,6.56,5472,30.9,3.29,53.5
2025-Q2,Netherlands,South Holland,Finance,Professionals,Temporary,6.64,5589,31.4,3.5,51.0
2025-Q3,Netherlands,South Holland,Finance,Professionals,Temporary,6.96,5571,30.5,3.02,55.5
2025-Q4,Netherlands,South Holland,Finance,Professionals,Temporary,6.81,5646,31.5,3.13,55.1
2021-Q1,Netherlands,South Holland,Finance,Professionals,Self-employed,5.05,6162,38.8,3.63,77.0
2021-Q2,Netherlands,South Holland,Finance,Professionals,Self-employed,5.34,6219,39.3,3.77,75.2
2021-Q3,Netherlands,South Holland,Finance,Professionals,Self-employed,5.48,6355,38.8,3.53,74.0
2021-Q4,Netherlands,South Holland,Finance,Professionals,Self-employed,5.35,6348,39.8,3.79,72.9
2022-Q1,Netherlands,South Holland,Finance,Professionals,Self-employed,5.35,6363,39.0,4.45,72.1
2022-Q2,Netherlands,South Holland,Finance,Professionals,Self-employed,5.48,6553,39.0,4.64,73.1
2022-Q3,Netherlands,South Holland,Finance,Professionals,Self-employed,5.54,6619,38.8,4.55,70.4
2022-Q4,Netherlands,South Holland,Finance,Professionals,Self-employed,5.37,6714,39.8,4.47,69.8
2023-Q1,Netherlands,South Holland,Finance,Professionals,Self-employed,5.3,6741,38.8,4.49,70.1
2023-Q2,Netherlands,South Holland,Finance,Professionals,Self-employed,5.46,6967,39.3,3.96,69.6
2023-Q3,Netherlands,South Holland,Finance,Professionals,Self-employed,5.55,6867,38.6,4.51,65.8
2023-Q4,Netherlands,South Holland,Finance,Professionals,Self-employed,5.49,6981,39.6,3.85,69.4
2024-Q1,Netherlands,South Holland,Finance,Professionals,Self-employed,5.51,7125,39.0,4.23,65.5
2024-Q2,Netherlands,South Holland,Finance,Professionals,Self-employed,5.59,7197,39.5,3.81,66.0
2024-Q3,Netherlands,South Holland,Finance,Professionals,Self-employed,5.7,7184,38.8,3.89,66.6
2024-Q4,Netherlands,South Holland,Finance,Professionals,Self-employed,5.57,7388,39.3,3.23,65.5
2025-Q1,Netherlands,South Holland,Finance,Professionals,Self-employed,5.47,7680,38.9,3.57,66.8
2025-Q2,Netherlands,South Holland,Finance,Professionals,Self-employed,5.53,7549,39.4,3.68,66.2
2025-Q3,Netherlands,South Holland,Finance,Professionals,Self-employed,5.8,7646,38.5,3.54,67.3
2025-Q4,Netherlands,South Holland,Finance,Professionals,Self-employed,5.54,7729,39.7,2.95,66.3
2021-Q1,Netherlands,South Holland,Finance,Clerical & service,Permanent,25.45,3809,34.5,3.75,41.5
2021-Q2,Netherlands,South Holland,Finance,Clerical & service,Permanent,26.56,3828,35.6,3.65,43.1
2021-Q3,Netherlands,South Holland,Finance,Clerical & service,Permanent,26.62,3855,34.1,3.78,42.2
2021-Q4,Netherlands,South Holland,Finance,Clerical & service,Permanent,25.6,3973,35.2,3.58,38.3
2022-Q1,Netherlands,South Holland,Finance,Clerical & service,Permanent,25.45,4030,34.9,4.17,40.3
2022-Q2,Netherlands,South Holland,Finance,Clerical & service,Permanent,26.01,4037,35.1,4.21,41.2
2022-Q3,Netherlands,South Holland,Finance,Clerical & service,Permanent,26.34,4066,34.3,4.2,39.4
2022-Q4,Netherlands,South Holland,Finance,Clerical & service,Permanent,25.16,4167,35.7,4.32,39.4
2023-Q1,Netherlands,South Holland,Finance,Clerical & service,Permanent,25.59,4214,34.5,4.33,36.8
2023-Q2,Netherlands,South Holland,Finance,Clerical & service,Permanent,26.32,4238,35.1,4.45,38.3
2023-Q3,Netherlands,South Holland,Finance,Clerical & service,Permanent,27.2,4360,34.5,3.79,37.2
2023-Q4,Netherlands,South Holland,Finance,Clerical & service,Permanent,26.38,4402,35.4,3.74,36.9
2024-Q1,Netherlands,South Holland,Finance,Clerical & service,Permanent,25.72,4394,34.7,3.64,36.6
2024-Q2,Netherlands,South Holland,Finance,Clerical & service,Permanent,26.55,4454,35.2,3.73,37.1
2024-Q3,Netherlands,South Holland,Finance,Clerical & service,Permanent,26.91,4503,33.8,3.62,37.3
2024-Q4,Netherlands,South Holland,Finance,Clerical & service,Permanent,25.67,4596,35.6,3.55,39.3
2025-Q1,Netherlands,South Holland,Finance,Clerical & service,Permanent,26.23,4644,34.7,3.13,35.3
2025-Q2,Netherlands,South Holland,Finance,Clerical & service,Permanent,25.87,4649,35.2,3.24,36.5
2025-Q3,Netherlands,South Holland,Finance,Clerical & service,Permanent,27.95,4720,34.3,3.58,37.3
2025-Q4,Netherlands,South Holland,Finance,Clerical & service,Permanent,26.13,4793,35.3,3.23,36.9
2021-Q1,Netherlands,South Holland,Finance,Clerical & service,Temporary,8.12,3164,31.1,3.86,39.1
2021-Q2,Netherlands,South Holland,Finance,Clerical & service,Temporary,8.21,3199,31.5,3.51,38.2
2021-Q3,Netherlands,South Holland,Finance,Clerical & service,Temporary,8.27,3245,30.7,3.47,37.4
2021-Q4,Netherlands,South Holland,Finance,Clerical & service,Temporary,8.42,3303,31.5,3.88,38.8
2022-Q1,Netherlands,South Holland,Finance,Clerical & service,Temporary,7.97,3353,31.0,3.86,37.2
2022-Q2,Netherlands,South Holland,Finance,Clerical & service,Temporary,7.97,3395,31.4,4.09,36.2
2022-Q3,Netherlands,South Holland,Finance,Clerical & service,Temporary,8.55,3460,30.8,4.32,36.2
2022-Q4,Netherlands,South Holland,Finance,Clerical & service,Temporary,8.27,3460,31.5,4.5,36.5
2023-Q1,Netherlands,South Holland,Finance,Clerical & service,Temporary,8.15,3547,31.0,4.31,34.8
2023-Q2,Netherlands,South Holland,Finance,Clerical & service,Temporary,8.36,3536,31.4,4.45,32.7
2023-Q3,Netherlands,South Holland,Finance,Clerical & service,Temporary,8.32,3631,30.8,3.68,33.8
2023-Q4,Netherlands,South Holland,Finance,Clerical & service,Temporary,8.53,3646,31.5,3.76,33.4
2024-Q1,Netherlands,South Holland,Finance,Clerical & service,Temporary,8.44,3672,30.9,3.51,34.2
2024-Q2,Netherlands,South Holland,Finance,Clerical & service,Temporary,8.33,3731,31.5,3.19,33.2
2024-Q3,Netherlands,South Holland,Finance,Clerical & service,Temporary,8.73,3785,30.5,3.29,33.8
2024-Q4,Netherlands,South Holland,Finance,Clerical & service,Temporary,8.6,3863,31.7,3.48,32.1
2025-Q1,Netherlands,South Holland,Finance,Clerical & service,Temporary,8.41,3923,31.2,3.77,34.6
2025-Q2,Netherlands,South Holland,Finance,Clerical & service,Temporary,8.78,3931,31.6,3.24,32.9
2025-Q3,Netherlands,South Holland,Finance,Clerical & service,Temporary,8.66,3977,30.7,3.35,33.5
2025-Q4,Netherlands,South Holland,Finance,Clerical & service,Temporary,8.36,3995,31.8,3.2,33.7
2021-Q1,Netherlands,South Holland,Public services,Managers,Permanent,13.14,5273,33.0,2.81,41.1
2021-Q2,Netherlands,South Holland,Public services,Managers,Permanent,13.28,5332,33.7,2.9,40.1
2021-Q3,Netherlands,South Holland,Public services,Managers,Permanent,13.04,5392,32.9,3.11,40.0
2021-Q4,Netherlands,South Holland,Public services,Managers,Permanent,13.49,5442,33.7,3.31,41.4
2022-Q1,Netherlands,South Holland,Public services,Managers,Permanent,13.12,5526,32.8,3.51,38.9
2022-Q2,Netherlands,South Holland,Public services,Managers,Permanent,13.54,5582,33.8,3.31,38.8
2022-Q3,Netherlands,South Holland,Public services,Managers,Permanent,13.76,5729,32.7,3.56,36.9
2022-Q4,Netherlands,South Holland,Public services,Managers,Permanent,13.22,5774,33.9,3.56,35.5
2023-Q1,Netherlands,South Holland,Public services,Managers,Permanent,12.9,5846,33.1,3.68,38.0
2023-Q2,Netherlands,South Holland,Public services,Managers,Permanent,13.49,5758,33.7,3.5,36.9
2023-Q3,Netherlands,South Holland,Public services,Managers,Permanent,14.03,5964,32.7,3.25,33.7
2023-Q4,Netherlands,South Holland,Public services,Managers,Permanent,13.69,6017,33.9,3.37,35.4
2024-Q1,Netherlands,South Holland,Public services,Managers,Permanent,13.91,6036,33.0,3.58,34.8
2024-Q2,Netherlands,South Holland,Public services,Managers,Permanent,13.96,6163,33.6,3.58,33.8
2024-Q3,Netherlands,South Holland,Public services,Managers,Permanent,14.5,6232,33.1,2.66,34.5
2024-Q4,Netherlands,South Holland,Public services,Managers,Permanent,13.72,6427,33.8,2.97,33.4
2025-Q1,Netherlands,South Holland,Public services,Managers,Permanent,13.7,6394,33.2,2.89,37.0
2025-Q2,Netherlands,South Holland,Public services,Managers,Permanent,13.96,6471,33.9,2.67,35.7
2025-Q3,Netherlands,South Holland,Public services,Managers,Permanent,14.11,6515,32.3,2.9,36.9
2025-Q4,Netherlands,South Holland,Public services,Managers,Permanent,13.58,6773,33.7,3.05,36.0
2021-Q1,Netherlands,South Holland,Public services,Managers,Self-employed,3.09,5755,37.6,3.15,47.5
2021-Q2,Netherlands,South Holland,Public services,Managers,Self-employed,3.19,5773,38.0,3.0,48.0
2021-Q3,Netherlands,South Holland,Public services,Managers,Self-employed,3.18,5815,37.3,3.22,44.5
2021-Q4,Netherlands,South Holland,Public services,Managers,Self-employed,3.15,5884,38.5,3.07,45.0
2022-Q1,Netherlands,South Holland,Public services,Managers,Self-employed,3.1,5982,38.1,3.6,44.4
2022-Q2,Netherlands,South Holland,Public services,Managers,Self-employed,3.26,6124,38.0,3.27,43.4
2022-Q3,Netherlands,South Holland,Public services,Managers,Self-employed,3.27,6150,37.4,3.54,41.6
2022-Q4,Netherlands,South Holland,Public services,Managers,Self-employed,3.15,6198,38.6,3.61,42.9
2023-Q1,Netherlands,South Holland,Public services,Managers,Self-employed,3.22,6339,37.7,3.44,43.8
2023-Q2,Netherlands,South Holland,Public services,Managers,Self-employed,3.17,6320,38.1,3.1,40.1
2023-Q3,Netherlands,South Holland,Public services,Managers,Self-employed,3.21,6440,37.7,3.41,44.0
2023-Q4,Netherlands,South Holland,Public services,Managers,Self-employed,3.16,6530,38.0,3.24,39.0
2024-Q1,Netherlands,South Holland,Public services,Managers,Self-employed,3.16,6563,37.6,3.31,39.8
2024-Q2,Netherlands,South Holland,Public services,Managers,Self-employed,3.27,6828,38.1,3.24,41.6
2024-Q3,Netherlands,South Holland,Public services,Managers,Self-employed,3.25,6797,37.3,2.86,40.0
2024-Q4,Netherlands,South Holland,Public services,Managers,Self-employed,3.26,6920,38.5,2.57,40.3
2025-Q1,Netherlands,South Holland,Public services,Managers,Self-employed,3.26,7008,37.8,2.76,41.3
2025-Q2,Netherlands,South Holland,Public services,Managers,Self-employed,3.42,6971,38.3,2.79,41.9
2025-Q3,Netherlands,South Holland,Public services,Managers,Self-employed,3.3,7257,37.3,2.57,40.0
2025-Q4,Netherlands,South Holland,Public services,Managers,Self-employed,3.25,7268,38.4,2.46,40.4
2021-Q1,Netherlands,South Holland,Public services,Professionals,Permanent,32.77,4361,33.1,2.77,44.3
2021-Q2,Netherlands,South Holland,Public services,Professionals,Permanent,33.99,4386,33.6,2.5,42.6
2021-Q3,Netherlands,South Holland,Public services,Professionals,Permanent,32.72,4473,32.5,2.81,43.1
2021-Q4,Netherlands,South Holland,Public services,Professionals,Permanent,33.91,4486,33.7,2.88,40.7
2022-Q1,Netherlands,South Holland,Public services,Professionals,Permanent,33.45,4485,33.0,3.06,40.6
2022-Q2,Netherlands,South Holland,Public services,Professionals,Permanent,33.4,4583,33.4,3.21,39.1
2022-Q3,Netherlands,South Holland,Public services,Professionals,Permanent,34.95,4714,32.7,3.43,40.2
2022-Q4,Netherlands,South Holland,Public services,Professionals,Permanent,34.21,4732,33.3,2.91,39.9
2023-Q1,Netherlands,South Holland,Public services,Professionals,Permanent,33.19,4808,33.3,3.61,37.7
2023-Q2,Netherlands,South Holland,Public services,Professionals,Permanent,34.53,4815,33.4,2.98,39.8
2023-Q3,Netherlands,South Holland,Public services,Professionals,Permanent,35.23,4856,32.5,3.0,38.9
2023-Q4,Netherlands,South Holland,Public services,Professionals,Permanent,34.68,4975,33.7,2.8,35.1
2024-Q1,Netherlands,South Holland,Public services,Professionals,Permanent,34.14,4975,32.8,2.71,36.1
2024-Q2,Netherlands,South Holland,Public services,Professionals,Permanent,35.16,5128,33.6,2.79,36.7
2024-Q3,Netherlands,South Holland,Public services,Professionals,Permanent,35.09,5177,32.6,2.3,37.7
2024-Q4,Netherlands,South Holland,Public services,Professionals,Permanent,34.79,5102,33.6,2.48,35.7
2025-Q1,Netherlands,South Holland,Public services,Professionals,Permanent,33.52,5294,33.0,2.35,34.4
2025-Q2,Netherlands,South Holland,Public services,Professionals,Permanent,35.73,5341,33.0,2.48,38.0
2025-Q3,Netherlands,South Holland,Public services,Professionals,Permanent,36.1,5407,32.7,2.38,35.7
2025-Q4,Netherlands,South Holland,Public services,Professionals,Permanent,35.17,5461,33.2,2.35,36.7
2021-Q1,Netherlands,South Holland,Public services,Professionals,Temporary,10.79,3575,29.5,3.06,40.2
2021-Q2,Netherlands,South Holland,Public services,Professionals,Temporary,10.84,3622,29.9,3.22,38.6
2021-Q3,Netherlands,South Holland,Public services,Professionals,Temporary,10.61,3684,29.2,3.13,37.3
2021-Q4,Netherlands,South Holland,Public services,Professionals,Temporary,10.63,3753,30.6,3.45,37.2
2022-Q1,Netherlands,South Holland,Public services,Professionals,Temporary,10.27,3758,29.8,3.45,38.4
2022-Q2,Netherlands,South Holland,Public services,Professionals,Temporary,10.9,3844,30.3,3.58,35.1
2022-Q3,Netherlands,South Holland,Public services,Professionals,Temporary,11.0,3856,29.4,3.8,36.0
2022-Q4,Netherlands,South Holland,Public services,Professionals,Temporary,10.7,3852,30.8,4.33,31.8
2023-Q1,Netherlands,South Holland,Public services,Professionals,Temporary,10.76,3937,29.8,3.84,36.0
2023-Q2,Netherlands,South Holland,Public services,Professionals,Temporary,10.91,4026,30.3,3.84,35.9
2023-Q3,Netherlands,South Holland,Public services,Professionals,Temporary,11.31,4076,29.2,3.6,35.6
2023-Q4,Netherlands,South Holland,Public services,Professionals,Temporary,10.63,4102,30.9,3.26,31.9
2024-Q1,Netherlands,South Holland,Public services,Professionals,Temporary,10.91,4110,29.8,3.0,35.8
2024-Q2,Netherlands,South Holland,Public services,Professionals,Temporary,10.78,4213,30.1,3.12,33.6
2024-Q3,Netherlands,South Holland,Public services,Professionals,Temporary,11.35,4259,29.4,3.24,31.9
2024-Q4,Netherlands,South Holland,Public services,Professionals,Temporary,10.96,4324,30.4,2.94,34.4
2025-Q1,Netherlands,South Holland,Public services,Professionals,Temporary,10.75,4347,29.9,3.03,34.9
2025-Q2,Netherlands,South Holland,Public services,Professionals,Temporary,11.21,4446,30.1,2.87,34.3
2025-Q3,Netherlands,South Holland,Public services,Professionals,Temporary,11.26,4425,29.4,3.26,33.5
2025-Q4,Netherlands,South Holland,Public services,Professionals,Temporary,10.91,4528,30.2,2.78,33.5
2021-Q1,Netherlands,South Holland,Public services,Professionals,Self-employed,8.3,4853,37.5,3.23,48.6
2021-Q2,Netherlands,South Holland,Public services,Professionals,Self-employed,8.67,4891,37.7,2.97,50.4
2021-Q3,Netherlands,South Holland,Public services,Professionals,Self-employed,8.58,4959,37.1,3.1,47.1
2021-Q4,Netherlands,South Holland,Public services,Professionals,Self-employed,8.54,5031,38.4,2.86,47.2
2022-Q1,Netherlands,South Holland,Public services,Professionals,Self-employed,8.16,5042,37.4,3.67,47.9
2022-Q2,Netherlands,South Holland,Public services,Professionals,Self-employed,8.51,5119,37.7,3.43,46.8
2022-Q3,Netherlands,South Holland,Public services,Professionals,Self-employed,8.8,5137,36.8,3.69,47.8
2022-Q4,Netherlands,South Holland,Public services,Professionals,Self-employed,8.58,5250,38.2,3.83,44.3
2023-Q1,Netherlands,South Holland,Public services,Professionals,Self-employed,8.25,5280,37.5,3.26,44.9
2023-Q2,Netherlands,South Holland,Public services,Professionals,Self-employed,8.65,5402,37.7,3.45,41.5
2023-Q3,Netherlands,South Holland,Public services,Professionals,Self-employed,8.85,5385,37.0,3.32,43.7
2023-Q4,Netherlands,South Holland,Public services,Professionals,Self-employed,8.47,5574,37.9,3.2,43.9
2024-Q1,Netherlands,South Holland,Public services,Professionals,Self-employed,8.57,5681,37.5,2.89,41.9
2024-Q2,Netherlands,South Holland,Public services,Professionals,Self-employed,8.44,5703,38.1,3.11,40.4
2024-Q3,Netherlands,South Holland,Public services,Professionals,Self-employed,9.05,5732,37.3,2.96,43.3
2024-Q4,Netherlands,South Holland,Public services,Professionals,Self-employed,8.68,5842,38.0,2.54,41.3
2025-Q1,Netherlands,South Holland,Public services,Professionals,Self-employed,8.63,5871,37.1,2.77,42.3
2025-Q2,Netherlands,South Holland,Public services,Professionals,Self-employed,8.94,5924,37.7,3.04,44.9
2025-Q3,Netherlands,South Holland,Public services,Professionals,Self-employed,9.04,6000,37.0,2.78,43.6
2025-Q4,Netherlands,South Holland,Public services,Professionals,Self-employed,8.6,6121,38.1,2.49,43.3
2021-Q1,Netherlands,South Holland,Public services,Clerical & service,Permanent,37.17,3044,33.4,2.77,28.1
2021-Q2,Netherlands,South Holland,Public services,Clerical & service,Permanent,37.13,3171,33.9,2.75,26.3
2021-Q3,Netherlands,South Holland,Public services,Clerical & service,Permanent,36.68,3182,33.0,3.21,28.3
2021-Q4,Netherlands,South Holland,Public services,Clerical & service,Permanent,35.6,3183,34.0,3.21,27.5
2022-Q1,Netherlands,South Holland,Public services,Clerical & service,Permanent,36.54,3274,33.0,3.0,26.2
2022-Q2,Netherlands,South Holland,Public services,Clerical & service,Permanent,38.65,3325,33.5,3.54,26.5
2022-Q3,Netherlands,South Holland,Public services,Clerical & service,Permanent,37.94,3373,32.9,3.44,23.9
2022-Q4,Netherlands,South Holland,Public services,Clerical & service,Permanent,38.07,3370,34.1,3.28,26.0
2023-Q1,Netherlands,South Holland,Public services,Clerical & service,Permanent,36.75,3474,33.1,3.27,25.7
2023-Q2,Netherlands,South Holland,Public services,Clerical & service,Permanent,38.34,3477,33.4,3.65,24.3
2023-Q3,Netherlands,South Holland,Public services,Clerical & service,Permanent,37.34,3499,32.9,3.07,22.8
2023-Q4,Netherlands,South Holland,Public services,Clerical & service,Permanent,37.28,3578,33.9,2.82,24.4
2024-Q1,Netherlands,South Holland,Public services,Clerical & service,Permanent,36.46,3627,33.2,2.81,25.3
2024-Q2,Netherlands,South Holland,Public services,Clerical & service,Permanent,38.65,3667,33.5,2.87,22.1
2024-Q3,Netherlands,South Holland,Public services,Clerical & service,Permanent,39.45,3709,32.9,3.01,23.0
2024-Q4,Netherlands,South Holland,Public services,Clerical & service,Permanent,38.33,3723,33.7,2.6,23.6
2025-Q1,Netherlands,South Holland,Public services,Clerical & service,Permanent,37.4,3773,33.3,2.78,24.6
2025-Q2,Netherlands,South Holland,Public services,Clerical & service,Permanent,37.32,3836,33.9,2.42,23.9
2025-Q3,Netherlands,South Holland,Public services,Clerical & service,Permanent,38.59,3907,33.1,2.95,25.4
2025-Q4,Netherlands,South Holland,Public services,Clerical & service,Permanent,38.51,3899,33.8,2.58,25.2
2021-Q1,Netherlands,South Holland,Public services,Clerical & service,Temporary,10.44,2427,29.5,3.32,26.6
2021-Q2,Netherlands,South Holland,Public services,Clerical & service,Temporary,11.13,2416,30.3,3.0,25.4
2021-Q3,Netherlands,South Holland,Public services,Clerical & service,Temporary,11.15,2440,29.2,3.05,22.7
2021-Q4,Netherlands,South Holland,Public services,Clerical & service,Temporary,10.96,2510,30.3,3.2,26.1
2022-Q1,Netherlands,South Holland,Public services,Clerical & service,Temporary,11.04,2543,29.6,3.21,24.8
2022-Q2,Netherlands,South Holland,Public services,Clerical & service,Temporary,11.26,2556,29.9,3.37,23.0
2022-Q3,Netherlands,South Holland,Public services,Clerical & service,Temporary,10.64,2626,29.4,3.34,20.8
2022-Q4,Netherlands,South Holland,Public services,Clerical & service,Temporary,11.01,2636,30.1,3.7,21.9
2023-Q1,Netherlands,South Holland,Public services,Clerical & service,Temporary,10.83,2678,29.5,3.54,23.0
2023-Q2,Netherlands,South Holland,Public services,Clerical & service,Temporary,10.99,2691,30.2,3.47,20.6
2023-Q3,Netherlands,South Holland,Public services,Clerical & service,Temporary,11.01,2732,29.5,3.45,22.9
2023-Q4,Netherlands,South Holland,Public services,Clerical & service,Temporary,10.84,2767,30.3,3.22,22.8
2024-Q1,Netherlands,South Holland,Public services,Clerical & service,Temporary,10.91,2787,29.7,3.37,21.2
2024-Q2,Netherlands,South Holland,Public services,Clerical & service,Temporary,11.5,2850,30.4,3.11,23.0
2024-Q3,Netherlands,South Holland,Public services,Clerical & service,Temporary,11.3,2882,29.1,2.97,21.8
2024-Q4,Netherlands,South Holland,Public services,Clerical & service,Temporary,10.79,2903,30.4,2.94,22.9
2025-Q1,Netherlands,South Holland,Public services,Clerical & service,Temporary,11.28,2884,29.6,2.92,20.3
2025-Q2,Netherlands,South Holland,Public services,Clerical & service,Temporary,11.39,2993,30.3,3.01,22.3
2025-Q3,Netherlands,South Holland,Public services,Clerical & service,Temporary,11.45,2979,29.3,2.6,22.4
2025-Q4,Netherlands,South Holland,Public services,Clerical & service,Temporary,11.12,3048,30.3,2.75,22.9
2021-Q1,Netherlands,South Holland,Trade & hospitality,Managers,Permanent,16.6,3935,34.9,6.7,14.1
2021-Q2,Netherlands,South Holland,Trade & hospitality,Managers,Permanent,17.02,3951,35.4,5.95,14.8
2021-Q3,Netherlands,South Holland,Trade & hospitality,Managers,Permanent,17.39,4114,34.7,6.62,15.3
2021-Q4,Netherlands,South Holland,Trade & hospitality,Managers,Permanent,16.88,4142,35.7,6.37,13.6
2022-Q1,Netherlands,South Holland,Trade & hospitality,Managers,Permanent,16.61,4200,35.1,7.71,12.9
2022-Q2,Netherlands,South Holland,Trade & hospitality,Managers,Permanent,17.95,4214,35.6,6.8,13.7
2022-Q3,Netherlands,South Holland,Trade & hospitality,Managers,Permanent,18.01,4291,34.2,7.5,12.9
2022-Q4,Netherlands,South Holland,Trade & hospitality,Managers,Permanent,17.18,4331,35.8,8.07,12.1
2023-Q1,Netherlands,South Holland,Trade & hospitality,Managers,Permanent,17.08,4386,35.1,7.23,13.5
2023-Q2,Netherlands,South Holland,Trade & hospitality,Managers,Permanent,17.52,4483,35.4,7.6,14.7
2023-Q3,Netherlands,South Holland,Trade & hospitality,Managers,Permanent,18.1,4506,34.7,7.12,12.8
2023-Q4,Netherlands,South Holland,Trade & hospitality,Managers,Permanent,17.43,4564,35.8,6.94,13.1
2024-Q1,Netherlands,South Holland,Trade & hospitality,Managers,Permanent,17.44,4647,35.0,6.46,12.7
2024-Q2,Netherlands,South Holland,Trade & hospitality,Managers,Permanent,17.96,4642,35.6,6.35,11.7
2024-Q3,Netherlands,South Holland,Trade & hospitality,Managers,Permanent,17.93,4783,34.6,5.71,13.7
2024-Q4,Netherlands,South Holland,Trade & hospitality,Managers,Permanent,17.51,4776,35.7,5.57,12.4
2025-Q1,Netherlands,South Holland,Trade & hospitality,Managers,Permanent,17.31,4859,35.1,5.95,13.5
2025-Q2,Netherlands,South Holland,Trade & hospitality,Managers,Permanent,18.39,4946,35.2,5.68,13.2
2025-Q3,Netherlands,South Holland,Trade & hospitality,Managers,Permanent,18.3,5036,34.3,5.81,12.9
2025-Q4,Netherlands,South Holland,Trade & hospitality,Managers,Permanent,18.35,5053,35.8,5.52,10.5
2021-Q1,Netherlands,South Holland,Trade & hospitality,Managers,Self-employed,3.79,4312,39.4,6.8,15.7
2021-Q2,Netherlands,South Holland,Trade & hospitality,Managers,Self-employed,4.13,4345,40.1,6.19,15.0
2021-Q3,Netherlands,South Holland,Trade & hospitality,Managers,Self-employed,4.13,4434,39.5,6.55,15.5
2021-Q4,Netherlands,South Holland,Trade & hospitality,Managers,Self-employed,4.05,4463,40.1,6.62,17.4
2022-Q1,Netherlands,South Holland,Trade & hospitality,Managers,Self-employed,4.08,4515,39.5,6.38,16.1
2022-Q2,Netherlands,South Holland,Trade & hospitality,Managers,Self-employed,4.21,4605,39.8,6.59,16.5
2022-Q3,Netherlands,South Holland,Trade & hospitality,Managers,Self-employed,4.07,4677,39.1,7.83,14.4
2022-Q4,Netherlands,South Holland,Trade & hospitality,Managers,Self-employed,4.08,4711,40.2,7.72,13.5
2023-Q1,Netherlands,South Holland,Trade & hospitality,Managers,Self-employed,4.04,4716,39.3,7.64,15.1
2023-Q2,Netherlands,South Holland,Trade & hospitality,Managers,Self-employed,4.19,4807,40.2,7.49,13.2
2023-Q3,Netherlands,South Holland,Trade & hospitality,Managers,Self-employed,4.11,4860,39.3,6.42,15.0
2023-Q4,Netherlands,South Holland,Trade & hospitality,Managers,Self-employed,4.11,4911,40.4,6.28,15.1
2024-Q1,Netherlands,South Holland,Trade & hospitality,Managers,Self-employed,4.15,5109,39.7,6.11,13.5
2024-Q2,Netherlands,South Holland,Trade & hospitality,Managers,Self-employed,4.26,5058,40.0,6.4,14.0
2024-Q3,Netherlands,South Holland,Trade & hospitality,Managers,Self-employed,4.14,5132,39.2,6.36,15.6
2024-Q4,Netherlands,South Holland,Trade & hospitality,Managers,Self-employed,4.25,5111,40.3,6.01,15.9
2025-Q1,Netherlands,South Holland,Trade & hospitality,Managers,Self-employed,4.09,5219,39.2,5.97,14.5
2025-Q2,Netherlands,South Holland,Trade & hospitality,Managers,Self-employed,4.25,5404,39.7,6.73,15.4
2025-Q3,Netherlands,South Holland,Trade & hospitality,Managers,Self-employed,4.21,5428,39.1,6.17,14.6
2025-Q4,Netherlands,South Holland,Trade & hospitality,Managers,Self-employed,4.31,5440,40.0,5.4,15.1
2021-Q1,Netherlands,South Holland,Trade & hospitality,Clerical & service,Permanent,44.63,2359,35.4,5.09,11.3
2021-Q2,Netherlands,South Holland,Trade & hospitality,Clerical & service,Permanent,47.34,2408,35.8,5.22,9.4
2021-Q3,Netherlands,South Holland,Trade & hospitality,Clerical & service,Permanent,46.57,2456,34.8,6.22,8.6
2021-Q4,Netherlands,South Holland,Trade & hospitality,Clerical & service,Permanent,45.51,2476,35.7,6.13,8.8
2022-Q1,Netherlands,South Holland,Trade & hospitality,Clerical & service,Permanent,45.3,2504,35.3,5.85,10.5
2022-Q2,Netherlands,South Holland,Trade & hospitality,Clerical & service,Permanent,46.38,2517,35.4,5.87,9.3
2022-Q3,Netherlands,South Holland,Trade & hospitality,Clerical & service,Permanent,46.19,2585,35.1,5.93,8.4
2022-Q4,Netherlands,South Holland,Trade & hospitality,Clerical & service,Permanent,46.59,2564,35.8,5.95,7.7
2023-Q1,Netherlands,South Holland,Trade & hospitality,Clerical & service,Permanent,46.18,2603,35.2,5.92,8.7
2023-Q2,Netherlands,South Holland,Trade & hospitality,Clerical & service,Permanent,46.72,2680,35.7,5.78,8.6
2023-Q3,Netherlands,South Holland,Trade & hospitality,Clerical & service,Permanent,48.94,2684,34.8,6.51,7.6
2023-Q4,Netherlands,South Holland,Trade & hospitality,Clerical & service,Permanent,46.29,2722,36.0,5.76,10.7
2024-Q1,Netherlands,South Holland,Trade & hospitality,Clerical & service,Permanent,46.33,2788,35.4,5.58,9.0
2024-Q2,Netherlands,South Holland,Trade & hospitality,Clerical & service,Permanent,47.54,2803,35.6,5.97,7.3
2024-Q3,Netherlands,South Holland,Trade & hospitality,Clerical & service,Permanent,48.8,2854,34.9,5.23,9.5
2024-Q4,Netherlands,South Holland,Trade & hospitality,Clerical & service,Permanent,48.42,2848,36.2,4.93,7.2
2025-Q1,Netherlands,South Holland,Trade & hospitality,Clerical & service,Permanent,45.63,2866,35.2,5.09,10.4
2025-Q2,Netherlands,South Holland,Trade & hospitality,Clerical & service,Permanent,47.32,2935,35.9,5.7,10.8
2025-Q3,Netherlands,South Holland,Trade & hospitality,Clerical & service,Permanent,47.95,2974,35.1,5.34,8.6
2025-Q4,Netherlands,South Holland,Trade & hospitality,Clerical & service,Permanent,48.31,3016,36.4,5.13,9.8
2021-Q1,Netherlands,South Holland,Trade & hospitality,Clerical & service,Temporary,14.29,1915,31.8,6.8,8.1
2021-Q2,Netherlands,South Holland,Trade & hospitality,Clerical & service,Temporary,13.76,1919,32.0,6.15,7.2
2021-Q3,Netherlands,South Holland,Trade & hospitality,Clerical & service,Temporary,14.48,1986,31.0,6.78,10.9
2021-Q4,Netherlands,South Holland,Trade & hospitality,Clerical & service,Temporary,14.58,1996,32.4,6.77,10.1
2022-Q1,Netherlands,South Holland,Trade & hospitality,Clerical & service,Temporary,13.67,2016,31.6,6.22,8.4
2022-Q2,Netherlands,South Holland,Trade & hospitality,Clerical & service,Temporary,14.71,2045,32.3,7.94,5.3
2022-Q3,Netherlands,South Holland,Trade & hospitality,Clerical & service,Temporary,14.78,2060,31.0,7.29,5.6
2022-Q4,Netherlands,South Holland,Trade & hospitality,Clerical & service,Temporary,14.56,2102,32.3,8.0,5.6
2023-Q1,Netherlands,South Holland,Trade & hospitality,Clerical & service,Temporary,13.59,2152,31.5,7.17,6.8
2023-Q2,Netherlands,South Holland,Trade & hospitality,Clerical & service,Temporary,14.43,2134,32.1,6.58,7.9
2023-Q3,Netherlands,South Holland,Trade & hospitality,Clerical & service,Temporary,14.69,2183,31.3,6.88,7.7
2023-Q4,Netherlands,South Holland,Trade & hospitality,Clerical & service,Temporary,14.32,2174,32.5,7.52,7.1
2024-Q1,Netherlands,South Holland,Trade & hospitality,Clerical & service,Temporary,14.12,2191,31.7,6.32,5.9
2024-Q2,Netherlands,South Holland,Trade & hospitality,Clerical & service,Temporary,15.46,2210,32.1,6.64,6.1
2024-Q3,Netherlands,South Holland,Trade & hospitality,Clerical & service,Temporary,14.81,2285,31.5,6.16,11.5
2024-Q4,Netherlands,South Holland,Trade & hospitality,Clerical & service,Temporary,14.77,2324,32.6,6.11,8.7
2025-Q1,Netherlands,South Holland,Trade & hospitality,Clerical & service,Temporary,14.45,2323,31.6,6.13,6.7
2025-Q2,Netherlands,South Holland,Trade & hospitality,Clerical & service,Temporary,14.59,2364,31.9,5.44,9.9
2025-Q3,Netherlands,South Holland,Trade & hospitality,Clerical & service,Temporary,14.88,2409,31.3,6.02,8.4
2025-Q4,Netherlands,South Holland,Trade & hospitality,Clerical & service,Temporary,15.02,2412,32.3,5.64,8.6
2021-Q1,Netherlands,South Holland,Trade & hospitality,Production & trades,Permanent,44.52,2729,35.0,6.31,4.5
2021-Q2,Netherlands,South Holland,Trade & hospitality,Production & trades,Permanent,44.93,2747,35.4,6.26,5.1
2021-Q3,Netherlands,South Holland,Trade & hospitality,Production & trades,Permanent,46.43,2778,34.8,6.5,2.8
2021-Q4,Netherlands,South Holland,Trade & hospitality,Production & trades,Permanent,45.65,2795,35.8,6.53,3.8
2022-Q1,Netherlands,South Holland,Trade & hospitality,Production & trades,Permanent,45.02,2870,35.1,6.48,4.0
2022-Q2,Netherlands,South Holland,Trade & hospitality,Production & trades,Permanent,46.19,2902,35.8,6.17,4.6
2022-Q3,Netherlands,South Holland,Trade & hospitality,Production & trades,Permanent,45.52,2885,34.8,6.29,3.3
2022-Q4,Netherlands,South Holland,Trade & hospitality,Production & trades,Permanent,43.6,2981,36.2,7.71,1.2
2023-Q1,Netherlands,South Holland,Trade & hospitality,Production & trades,Permanent,45.73,2987,35.3,7.41,2.1
2023-Q2,Netherlands,South Holland,Trade & hospitality,Production & trades,Permanent,45.46,3052,35.6,6.21,1.6
2023-Q3,Netherlands,South Holland,Trade & hospitality,Production & trades,Permanent,47.05,3051,34.8,7.29,3.9
2023-Q4,Netherlands,South Holland,Trade & hospitality,Production & trades,Permanent,45.1,3082,36.0,6.4,3.6
2024-Q1,Netherlands,South Holland,Trade & hospitality,Production & trades,Permanent,45.3,3130,35.2,6.39,2.9
2024-Q2,Netherlands,South Holland,Trade & hospitality,Production & trades,Permanent,47.04,3152,35.4,5.72,4.6
2024-Q3,Netherlands,South Holland,Trade & hospitality,Production & trades,Permanent,47.77,3255,34.8,6.18,4.4
2024-Q4,Netherlands,South Holland,Trade & hospitality,Production & trades,Permanent,47.15,3329,36.0,5.84,4.8
2025-Q1,Netherlands,South Holland,Trade & hospitality,Production & trades,Permanent,46.3,3282,35.5,5.78,6.1
2025-Q2,Netherlands,South Holland,Trade & hospitality,Production & trades,Permanent,46.96,3333,35.5,5.83,3.6
2025-Q3,Netherlands,South Holland,Trade & hospitality,Production & trades,Permanent,47.47,3456,34.5,5.33,1.7
2025-Q4,Netherlands,South Holland,Trade & hospitality,Production & trades,Permanent,46.62,3423,35.8,5.19,4.5
2021-Q1,Netherlands,South Holland,Trade & hospitality,Production & trades,Temporary,14.23,2167,31.7,5.91,1.3
2021-Q2,Netherlands,South Holland,Trade & hospitality,Production & trades,Temporary,14.35,2187,32.0,6.08,4.9
2021-Q3,Netherlands,South Holland,Trade & hospitality,Production & trades,Temporary,14.82,2257,31.3,5.55,5.6
2021-Q4,Netherlands,South Holland,Trade & hospitality,Production & trades,Temporary,14.48,2259,32.3,6.43,5.8
2022-Q1,Netherlands,South Holland,Trade & hospitality,Production & trades,Temporary,14.74,2303,31.7,6.36,3.5
2022-Q2,Netherlands,South Holland,Trade & hospitality,Production & trades,Temporary,14.49,2316,32.3,6.82,3.2
2022-Q3,Netherlands,South Holland,Trade & hospitality,Production & trades,Temporary,14.81,2361,31.5,6.34,2.7
2022-Q4,Netherlands,South Holland,Trade & hospitality,Production & trades,Temporary,14.91,2371,32.3,6.92,1.4
2023-Q1,Netherlands,South Holland,Trade & hospitality,Production & trades,Temporary,14.56,2400,31.8,7.33,2.9
2023-Q2,Netherlands,South Holland,Trade & hospitality,Production & trades,Temporary,15.05,2436,32.3,6.91,1.8
2023-Q3,Netherlands,South Holland,Trade & hospitality,Production & trades,Temporary,14.64,2430,31.6,7.02,2.2
2023-Q4,Netherlands,South Holland,Trade & hospitality,Production & trades,Temporary,14.96,2494,32.4,6.67,4.9
2024-Q1,Netherlands,South Holland,Trade & hospitality,Production & trades,Temporary,14.71,2503,31.7,5.52,1.7
2024-Q2,Netherlands,South Holland,Trade & hospitality,Production & trades,Temporary,15.05,2543,32.0,5.86,3.4
2024-Q3,Netherlands,South Holland,Trade & hospitality,Production & trades,Temporary,15.8,2555,31.4,6.3,2.5
2024-Q4,Netherlands,South Holland,Trade & hospitality,Production & trades,Temporary,14.82,2627,32.7,5.32,2.8
2025-Q1,Netherlands,South Holland,Trade & hospitality,Production & trades,Temporary,14.92,2670,32.1,5.54,4.3
2025-Q2,Netherlands,South Holland,Trade & hospitality,Production & trades,Temporary,15.32,2668,32.5,5.1,3.0
2025-Q3,Netherlands,South Holland,Trade & hospitality,Production & trades,Temporary,15.61,2730,31.3,5.34,3.0
2025-Q4,Netherlands,South Holland,Trade & hospitality,Production & trades,Temporary,15.27,2743,32.8,5.56,2.2
2021-Q1,Netherlands,South Holland,Trade & hospitality,Production & trades,Self-employed,10.48,2936,39.2,6.15,6.4
2021-Q2,Netherlands,South Holland,Trade & hospitality,Production & trades,Self-employed,11.55,2976,39.5,6.32,6.2
2021-Q3,Netherlands,South Holland,Trade & hospitality,Production & trades,Self-employed,11.33,3009,38.9,7.05,3.8
2021-Q4,Netherlands,South Holland,Trade & hospitality,Production & trades,Self-employed,10.95,3057,40.1,6.43,4.0
2022-Q1,Netherlands,South Holland,Trade & hospitality,Production & trades,Self-employed,10.89,3081,38.9,6.84,3.6
2022-Q2,Netherlands,South Holland,Trade & hospitality,Production & trades,Self-employed,11.23,3076,39.7,6.8,4.4
2022-Q3,Netherlands,South Holland,Trade & hospitality,Production & trades,Self-employed,11.33,3103,38.9,7.26,3.0
2022-Q4,Netherlands,South Holland,Trade & hospitality,Production & trades,Self-employed,11.35,3208,40.2,8.47,2.2
2023-Q1,Netherlands,South Holland,Trade & hospitality,Production & trades,Self-employed,11.05,3225,39.2,7.64,3.3
2023-Q2,Netherlands,South Holland,Trade & hospitality,Production & trades,Self-employed,11.73,3266,39.8,6.83,3.5
2023-Q3,Netherlands,South Holland,Trade & hospitality,Production & trades,Self-employed,11.6,3263,38.8,6.67,4.8
2023-Q4,Netherlands,South Holland,Trade & hospitality,Production & trades,Self-employed,11.36,3341,39.9,6.51,4.2
2024-Q1,Netherlands,South Holland,Trade & hospitality,Production & trades,Self-employed,11.35,3445,39.2,7.04,4.3
2024-Q2,Netherlands,South Holland,Trade & hospitality,Production & trades,Self-employed,11.7,3472,39.7,6.16,6.9
2024-Q3,Netherlands,South Holland,Trade & hospitality,Production & trades,Self-employed,11.52,3446,38.9,6.35,4.5
2024-Q4,Netherlands,South Holland,Trade & hospitality,Production & trades,Self-employed,11.67,3505,39.8,6.0,5.3
2025-Q1,Netherlands,South Holland,Trade & hospitality,Production & trades,Self-employed,11.13,3546,39.3,5.3,1.2
2025-Q2,Netherlands,South Holland,Trade & hospitality,Production & trades,Self-employed,12.06,3524,39.8,5.87,1.3
2025-Q3,Netherlands,South Holland,Trade & hospitality,Production & trades,Self-employed,11.48,3640,38.9,6.2,5.2
2025-Q4,Netherlands,South Holland,Trade & hospitality,Production & trades,Self-employed,11.46,3733,40.0,5.46,3.2
2021-Q1,Netherlands,North Brabant,Manufacturing,Managers,Permanent,10.22,5090,35.2,4.75,18.1
2021-Q2,Netherlands,North Brabant,Manufacturing,Managers,Permanent,10.45,5274,35.6,4.27,19.6
2021-Q3,Netherlands,North Brabant,Manufacturing,Managers,Permanent,10.62,5273,34.6,4.43,17.5
2021-Q4,Netherlands,North Brabant,Manufacturing,Managers,Permanent,10.65,5381,35.6,4.57,18.9
2022-Q1,Netherlands,North Brabant,Manufacturing,Managers,Permanent,10.63,5456,35.2,5.16,18.5
2022-Q2,Netherlands,North Brabant,Manufacturing,Managers,Permanent,10.56,5512,35.9,5.19,14.7
2022-Q3,Netherlands,North Brabant,Manufacturing,Managers,Permanent,10.43,5502,35.2,5.52,18.6
2022-Q4,Netherlands,North Brabant,Manufacturing,Managers,Permanent,10.48,5686,35.9,5.8,15.5
2023-Q1,Netherlands,North Brabant,Manufacturing,Managers,Permanent,10.52,5738,34.9,5.39,16.8
2023-Q2,Netherlands,North Brabant,Manufacturing,Managers,Permanent,11.14,5743,35.4,5.47,15.4
2023-Q3,Netherlands,North Brabant,Manufacturing,Managers,Permanent,10.93,5788,34.9,5.24,15.6
2023-Q4,Netherlands,North Brabant,Manufacturing,Managers,Permanent,10.94,5916,36.1,4.79,16.2
2024-Q1,Netherlands,North Brabant,Manufacturing,Managers,Permanent,10.71,5913,35.2,4.2,14.7
2024-Q2,Netherlands,North Brabant,Manufacturing,Managers,Permanent,10.87,6108,36.1,4.77,16.5
2024-Q3,Netherlands,North Brabant,Manufacturing,Managers,Permanent,11.0,6074,35.2,4.6,14.6
2024-Q4,Netherlands,North Brabant,Manufacturing,Managers,Permanent,10.76,6152,35.8,4.71,17.6
2025-Q1,Netherlands,North Brabant,Manufacturing,Managers,Permanent,10.51,6323,35.1,4.18,18.2
2025-Q2,Netherlands,North Brabant,Manufacturing,Managers,Permanent,11.41,6332,35.7,3.87,14.5
2025-Q3,Netherlands,North Brabant,Manufacturing,Managers,Permanent,11.32,6421,34.4,4.3,15.7
2025-Q4,Netherlands,North Brabant,Manufacturing,Managers,Permanent,10.8,6570,35.8,4.25,16.5
2021-Q1,Netherlands,North Brabant,Manufacturing,Managers,Self-employed,2.36,5718,39.3,4.07,21.5
2021-Q2,Netherlands,North Brabant,Manufacturing,Managers,Self-employed,2.48,5779,40.1,4.44,21.6
2021-Q3,Netherlands,North Brabant,Manufacturing,Managers,Self-employed,2.41,5889,38.9,5.0,21.4
2021-Q4,Netherlands,North Brabant,Manufacturing,Managers,Self-employed,2.41,5864,39.8,5.0,20.1
2022-Q1,Netherlands,North Brabant,Manufacturing,Managers,Self-employed,2.42,6064,39.1,4.79,18.9
2022-Q2,Netherlands,North Brabant,Manufacturing,Managers,Self-employed,2.53,6055,39.9,5.12,18.7
2022-Q3,Netherlands,North Brabant,Manufacturing,Managers,Self-employed,2.57,6141,38.9,5.97,19.7
2022-Q4,Netherlands,North Brabant,Manufacturing,Managers,Self-employed,2.48,6157,39.7,4.92,19.4
2023-Q1,Netherlands,North Brabant,Manufacturing,Managers,Self-employed,2.47,6351,39.3,5.47,19.7
2023-Q2,Netherlands,North Brabant,Manufacturing,Managers,Self-employed,2.5,6417,39.9,6.05,18.5
2023-Q3,Netherlands,North Brabant,Manufacturing,Managers,Self-employed,2.52,6430,38.9,4.97,19.0
2023-Q4,Netherlands,North Brabant,Manufacturing,Managers,Self-employed,2.51,6577,39.9,4.41,16.9
2024-Q1,Netherlands,North Brabant,Manufacturing,Managers,Self-employed,2.42,6588,39.6,4.6,19.5
2024-Q2,Netherlands,North Brabant,Manufacturing,Managers,Self-employed,2.51,6652,40.0,4.6,17.7
2024-Q3,Netherlands,North Brabant,Manufacturing,Managers,Self-employed,2.58,6833,38.8,4.74,19.5
2024-Q4,Netherlands,North Brabant,Manufacturing,Managers,Self-employed,2.44,6912,40.3,4.31,18.8
2025-Q1,Netherlands,North Brabant,Manufacturing,Managers,Self-employed,2.44,6897,39.3,4.37,18.4
2025-Q2,Netherlands,North Brabant,Manufacturing,Managers,Self-employed,2.53,7007,39.8,4.07,19.7
2025-Q3,Netherlands,North Brabant,Manufacturing,Managers,Self-employed,2.62,7203,38.7,4.24,18.9
2025-Q4,Netherlands,North Brabant,Manufacturing,Managers,Self-employed,2.54,7119,39.8,4.02,21.0
2021-Q1,Netherlands,North Brabant,Manufacturing,Professionals,Permanent,26.59,4604,34.9,4.89,20.7
2021-Q2,Netherlands,North Brabant,Manufacturing,Professionals,Permanent,26.53,4691,36.2,4.77,16.6
2021-Q3,Netherlands,North Brabant,Manufacturing,Professionals,Permanent,26.39,4772,34.6,5.04,17.3
2021-Q4,Netherlands,North Brabant,Manufacturing,Professionals,Permanent,26.7,4824,36.1,4.89,19.4
2022-Q1,Netherlands,North Brabant,Manufacturing,Professionals,Permanent,25.8,4837,35.3,5.42,19.0
2022-Q2,Netherlands,North Brabant,Manufacturing,Professionals,Permanent,28.1,4963,36.1,6.36,20.1
2022-Q3,Netherlands,North Brabant,Manufacturing,Professionals,Permanent,27.33,4895,34.9,5.69,17.4
2022-Q4,Netherlands,North Brabant,Manufacturing,Professionals,Permanent,27.7,4972,35.9,5.53,19.0
2023-Q1,Netherlands,North Brabant,Manufacturing,Professionals,Permanent,26.93,5120,35.4,5.7,19.1
2023-Q2,Netherlands,North Brabant,Manufacturing,Professionals,Permanent,27.35,5218,35.9,5.31,15.8
2023-Q3,Netherlands,North Brabant,Manufacturing,Professionals,Permanent,28.03,5310,34.9,5.25,16.4
2023-Q4,Netherlands,North Brabant,Manufacturing,Professionals,Permanent,26.82,5301,35.9,4.9,16.2
2024-Q1,Netherlands,North Brabant,Manufacturing,Professionals,Permanent,27.18,5343,35.3,5.11,17.0
2024-Q2,Netherlands,North Brabant,Manufacturing,Professionals,Permanent,27.47,5323,35.9,5.25,16.5
2024-Q3,Netherlands,North Brabant,Manufacturing,Professionals,Permanent,28.12,5539,35.2,4.75,16.7
2024-Q4,Netherlands,North Brabant,Manufacturing,Professionals,Permanent,27.9,5539,35.9,4.4,18.1
2025-Q1,Netherlands,North Brabant,Manufacturing,Professionals,Permanent,27.56,5689,35.6,4.74,17.2
2025-Q2,Netherlands,North Brabant,Manufacturing,Professionals,Permanent,27.88,5705,35.5,4.49,17.7
2025-Q3,Netherlands,North Brabant,Manufacturing,Professionals,Permanent,27.81,5764,34.9,4.34,18.8
2025-Q4,Netherlands,North Brabant,Manufacturing,Professionals,Permanent,28.38,5767,36.0,4.29,15.6
2021-Q1,Netherlands,North Brabant,Manufacturing,Professionals,Temporary,7.91,3569,31.1,4.57,19.0
2021-Q2,Netherlands,North Brabant,Manufacturing,Professionals,Temporary,7.95,3694,31.9,4.62,16.5
2021-Q3,Netherlands,North Brabant,Manufacturing,Professionals,Temporary,8.18,3716,31.0,4.9,17.7
2021-Q4,Netherlands,North Brabant,Manufacturing,Professionals,Temporary,8.14,3690,32.1,5.0,19.0
2022-Q1,Netherlands,North Brabant,Manufacturing,Professionals,Temporary,8.17,3810,31.2,5.03,15.3
2022-Q2,Netherlands,North Brabant,Manufacturing,Professionals,Temporary,8.31,3845,32.0,5.42,17.7
2022-Q3,Netherlands,North Brabant,Manufacturing,Professionals,Temporary,8.28,3897,31.1,5.16,17.4
2022-Q4,Netherlands,North Brabant,Manufacturing,Professionals,Temporary,8.17,3879,32.1,5.53,17.2
2023-Q1,Netherlands,North Brabant,Manufacturing,Professionals,Temporary,8.03,3897,31.5,5.24,16.7
2023-Q2,Netherlands,North Brabant,Manufacturing,Professionals,Temporary,8.31,4014,32.1,5.43,15.3
2023-Q3,Netherlands,North Brabant,Manufacturing,Professionals,Temporary,8.39,4057,31.3,5.05,15.9
2023-Q4,Netherlands,North Brabant,Manufacturing,Professionals,Temporary,8.74,4109,32.0,5.52,15.3
2024-Q1,Netherlands,North Brabant,Manufacturing,Professionals,Temporary,8.29,4193,31.4,4.47,13.6
2024-Q2,Netherlands,North Brabant,Manufacturing,Professionals,Temporary,8.4,4155,32.2,4.69,14.9
2024-Q3,Netherlands,North Brabant,Manufacturing,Professionals,Temporary,8.57,4259,30.9,5.06,16.4
2024-Q4,Netherlands,North Brabant,Manufacturing,Professionals,Temporary,8.4,4247,32.0,4.39,16.0
2025-Q1,Netherlands,North Brabant,Manufacturing,Professionals,Temporary,8.21,4362,31.3,3.98,14.9
2025-Q2,Netherlands,North Brabant,Manufacturing,Professionals,Temporary,8.65,4497,32.5,4.64,15.4
2025-Q3,Netherlands,North Brabant,Manufacturing,Professionals,Temporary,8.75,4453,31.1,4.5,15.2
2025-Q4,Netherlands,North Brabant,Manufacturing,Professionals,Temporary,8.64,4539,32.2,3.99,15.3
2021-Q1,Netherlands,North Brabant,Manufacturing,Professionals,Self-employed,5.98,4841,39.8,4.32,23.4
2021-Q2,Netherlands,North Brabant,Manufacturing,Professionals,Self-employed,6.16,4938,39.7,4.09,21.4
2021-Q3,Netherlands,North Brabant,Manufacturing,Professionals,Self-employed,6.09,5073,39.5,4.33,23.3
2021-Q4,Netherlands,North Brabant,Manufacturing,Professionals,Self-employed,6.03,5074,40.0,4.23,20.8
2022-Q1,Netherlands,North Brabant,Manufacturing,Professionals,Self-employed,5.94,5180,39.7,4.45,22.9
2022-Q2,Netherlands,North Brabant,Manufacturing,Professionals,Self-employed,6.18,5174,39.9,4.59,21.5
2022-Q3,Netherlands,North Brabant,Manufacturing,Professionals,Self-employed,6.16,5265,39.1,4.43,20.7
2022-Q4,Netherlands,North Brabant,Manufacturing,Professionals,Self-employed,6.12,5340,40.2,4.49,22.6
2023-Q1,Netherlands,North Brabant,Manufacturing,Professionals,Self-employed,5.99,5396,39.2,5.25,20.0
2023-Q2,Netherlands,North Brabant,Manufacturing,Professionals,Self-employed,6.34,5451,39.9,4.76,20.7
2023-Q3,Netherlands,North Brabant,Manufacturing,Professionals,Self-employed,6.16,5556,39.3,4.26,19.6
2023-Q4,Netherlands,North Brabant,Manufacturing,Professionals,Self-employed,6.19,5578,40.1,4.25,18.9
2024-Q1,Netherlands,North Brabant,Manufacturing,Professionals,Self-employed,6.15,5764,39.5,4.55,19.9
2024-Q2,Netherlands,North Brabant,Manufacturing,Professionals,Self-employed,6.08,5763,39.9,4.3,18.9
2024-Q3,Netherlands,North Brabant,Manufacturing,Professionals,Self-employed,6.2,5852,39.1,3.88,19.1
2024-Q4,Netherlands,North Brabant,Manufacturing,Professionals,Self-employed,6.07,5925,40.3,3.94,19.2
2025-Q1,Netherlands,North Brabant,Manufacturing,Professionals,Self-employed,6.02,6052,39.9,3.7,17.8
2025-Q2,Netherlands,North Brabant,Manufacturing,Professionals,Self-employed,6.47,6121,39.6,3.71,20.0
2025-Q3,Netherlands,North Brabant,Manufacturing,Professionals,Self-employed,6.3,6157,39.3,3.54,20.1
2025-Q4,Netherlands,North Brabant,Manufacturing,Professionals,Self-employed,6.21,6245,40.3,3.75,22.3
2021-Q1,Netherlands,North Brabant,Manufacturing,Technicians,Permanent,22.25,3792,36.0,4.39,14.9
2021-Q2,Netherlands,North Brabant,Manufacturing,Technicians,Permanent,22.87,3834,36.7,4.87,14.7
2021-Q3,Netherlands,North Brabant,Manufacturing,Technicians,Permanent,22.65,3878,35.2,4.79,12.7
2021-Q4,Netherlands,North Brabant,Manufacturing,Technicians,Permanent,22.51,3993,36.4,4.4,14.3
2022-Q1,Netherlands,North Brabant,Manufacturing,Technicians,Permanent,21.8,3991,35.9,4.58,13.6
2022-Q2,Netherlands,North Brabant,Manufacturing,Technicians,Permanent,22.54,4050,36.2,5.36,11.3
2022-Q3,Netherlands,North Brabant,Manufacturing,Technicians,Permanent,23.47,4136,35.6,5.79,13.3
2022-Q4,Netherlands,North Brabant,Manufacturing,Technicians,Permanent,20.63,4104,36.4,5.19,11.8
2023-Q1,Netherlands,North Brabant,Manufacturing,Technicians,Permanent,22.69,4161,35.8,5.74,11.6
2023-Q2,Netherlands,North Brabant,Manufacturing,Technicians,Permanent,22.82,4270,36.3,5.92,13.4
2023-Q3,Netherlands,North Brabant,Manufacturing,Technicians,Permanent,23.69,4354,35.1,5.32,12.4
2023-Q4,Netherlands,North Brabant,Manufacturing,Technicians,Permanent,22.11,4379,36.3,5.23,14.9
2024-Q1,Netherlands,North Brabant,Manufacturing,Technicians,Permanent,22.65,4342,35.7,4.55,12.0
2024-Q2,Netherlands,North Brabant,Manufacturing,Technicians,Permanent,23.27,4463,35.7,4.22,10.8
2024-Q3,Netherlands,North Brabant,Manufacturing,Technicians,Permanent,23.46,4530,35.6,4.16,14.0
2024-Q4,Netherlands,North Brabant,Manufacturing,Technicians,Permanent,22.45,4559,36.2,4.16,12.7
2025-Q1,Netherlands,North Brabant,Manufacturing,Technicians,Permanent,23.41,4639,35.8,3.9,12.4
2025-Q2,Netherlands,North Brabant,Manufacturing,Technicians,Permanent,23.7,4700,36.1,4.21,13.2
2025-Q3,Netherlands,North Brabant,Manufacturing,Technicians,Permanent,23.89,4807,35.6,4.07,12.8
2025-Q4,Netherlands,North Brabant,Manufacturing,Technicians,Permanent,23.41,4857,36.1,4.29,12.1
2021-Q1,Netherlands,North Brabant,Manufacturing,Technicians,Temporary,6.21,2991,31.3,4.61,14.6
2021-Q2,Netherlands,North Brabant,Manufacturing,Technicians,Temporary,6.4,2987,32.0,4.35,11.8
2021-Q3,Netherlands,North Brabant,Manufacturing,Technicians,Temporary,6.53,3032,31.0,4.82,12.4
2021-Q4,Netherlands,North Brabant,Manufacturing,Technicians,Temporary,6.25,3079,31.9,4.99,13.2
2022-Q1,Netherlands,North Brabant,Manufacturing,Technicians,Temporary,6.39,3120,31.1,5.11,12.6
2022-Q2,Netherlands,North Brabant,Manufacturing,Technicians,Temporary,6.23,3163,31.9,4.32,13.5
2022-Q3,Netherlands,North Brabant,Manufacturing,Technicians,Temporary,6.85,3225,30.7,5.29,14.6
2022-Q4,Netherlands,North Brabant,Manufacturing,Technicians,Temporary,6.58,3296,32.0,5.52,11.8
2023-Q1,Netherlands,North Brabant,Manufacturing,Technicians,Temporary,6.26,3242,31.6,6.31,9.4
2023-Q2,Netherlands,North Brabant,Manufacturing,Technicians,Temporary,6.65,3292,31.7,5.04,11.2
2023-Q3,Netherlands,North Brabant,Manufacturing,Technicians,Temporary,6.43,3329,30.9,5.24,11.5
2023-Q4,Netherlands,North Brabant,Manufacturing,Technicians,Temporary,6.67,3407,32.0,5.43,11.7
2024-Q1,Netherlands,North Brabant,Manufacturing,Technicians,Temporary,6.31,3368,31.2,4.24,11.4
2024-Q2,Netherlands,North Brabant,Manufacturing,Technicians,Temporary,6.68,3488,31.8,4.95,12.9
2024-Q3,Netherlands,North Brabant,Manufacturing,Technicians,Temporary,6.82,3520,30.9,4.45,12.4
2024-Q4,Netherlands,North Brabant,Manufacturing,Technicians,Temporary,6.57,3531,31.6,4.67,12.5
2025-Q1,Netherlands,North Brabant,Manufacturing,Technicians,Temporary,6.26,3607,31.4,4.15,10.4
2025-Q2,Netherlands,North Brabant,Manufacturing,Technicians,Temporary,6.79,3675,31.8,4.37,11.7
2025-Q3,Netherlands,North Brabant,Manufacturing,Technicians,Temporary,6.88,3693,31.2,4.31,12.7
2025-Q4,Netherlands,North Brabant,Manufacturing,Technicians,Temporary,6.53,3743,32.0,4.11,13.4
2021-Q1,Netherlands,North Brabant,Manufacturing,Production & trades,Permanent,31.75,3069,35.5,4.18,5.4
2021-Q2,Netherlands,North Brabant,Manufacturing,Production & trades,Permanent,31.74,3133,35.8,4.42,5.5
2021-Q3,Netherlands,North Brabant,Manufacturing,Production & trades,Permanent,33.76,3169,34.9,4.56,3.0
2021-Q4,Netherlands,North Brabant,Manufacturing,Production & trades,Permanent,32.06,3196,35.8,4.2,4.6
2022-Q1,Netherlands,North Brabant,Manufacturing,Production & trades,Permanent,31.82,3231,35.2,4.71,4.8
2022-Q2,Netherlands,North Brabant,Manufacturing,Production & trades,Permanent,32.67,3260,36.1,4.78,4.1
2022-Q3,Netherlands,North Brabant,Manufacturing,Production & trades,Permanent,33.38,3302,34.6,5.47,4.0
2022-Q4,Netherlands,North Brabant,Manufacturing,Production & trades,Permanent,32.17,3374,36.1,4.91,4.2
2023-Q1,Netherlands,North Brabant,Manufacturing,Production & trades,Permanent,32.93,3353,35.5,5.23,4.5
2023-Q2,Netherlands,North Brabant,Manufacturing,Production & trades,Permanent,32.1,3468,35.7,4.9,3.2
2023-Q3,Netherlands,North Brabant,Manufacturing,Production & trades,Permanent,34.31,3518,34.6,4.64,4.7
2023-Q4,Netherlands,North Brabant,Manufacturing,Production & trades,Permanent,32.21,3552,36.1,4.26,6.1
2024-Q1,Netherlands,North Brabant,Manufacturing,Production & trades,Permanent,32.37,3543,35.6,3.84,4.2
2024-Q2,Netherlands,North Brabant,Manufacturing,Production & trades,Permanent,33.5,3572,35.9,4.54,4.2
2024-Q3,Netherlands,North Brabant,Manufacturing,Production & trades,Permanent,33.73,3657,34.9,4.22,4.2
2024-Q4,Netherlands,North Brabant,Manufacturing,Production & trades,Permanent,33.58,3689,35.9,4.17,4.1
2025-Q1,Netherlands,North Brabant,Manufacturing,Production & trades,Permanent,32.37,3712,35.5,4.2,4.3
2025-Q2,Netherlands,North Brabant,Manufacturing,Production & trades,Permanent,33.94,3818,35.8,4.22,4.2
2025-Q3,Netherlands,North Brabant,Manufacturing,Production & trades,Permanent,33.7,3857,34.7,3.47,4.3
2025-Q4,Netherlands,North Brabant,Manufacturing,Production & trades,Permanent,33.53,3908,36.4,3.9,4.9
2021-Q1,Netherlands,North Brabant,Manufacturing,Production & trades,Temporary,10.21,2709,31.9,4.5,3.3
2021-Q2,Netherlands,North Brabant,Manufacturing,Production & trades,Temporary,10.58,2783,32.2,4.13,3.3
2021-Q3,Netherlands,North Brabant,Manufacturing,Production & trades,Temporary,10.65,2799,31.1,4.57,4.3
2021-Q4,Netherlands,North Brabant,Manufacturing,Production & trades,Temporary,10.2,2856,32.5,4.67,3.0
2022-Q1,Netherlands,North Brabant,Manufacturing,Production & trades,Temporary,10.78,2885,31.7,5.16,3.1
2022-Q2,Netherlands,North Brabant,Manufacturing,Production & trades,Temporary,10.86,2927,32.1,4.96,3.6
2022-Q3,Netherlands,North Brabant,Manufacturing,Production & trades,Temporary,10.77,2906,31.3,5.11,2.7
2022-Q4,Netherlands,North Brabant,Manufacturing,Production & trades,Temporary,10.59,2991,32.3,4.6,5.8
2023-Q1,Netherlands,North Brabant,Manufacturing,Production & trades,Temporary,10.69,3021,31.7,4.95,3.6
2023-Q2,Netherlands,North Brabant,Manufacturing,Production & trades,Temporary,10.58,3031,32.5,4.31,4.0
2023-Q3,Netherlands,North Brabant,Manufacturing,Production & trades,Temporary,11.14,3094,31.3,4.8,3.3
2023-Q4,Netherlands,North Brabant,Manufacturing,Production & trades,Temporary,10.64,3141,32.3,4.48,2.2
2024-Q1,Netherlands,North Brabant,Manufacturing,Production & trades,Temporary,10.7,3170,31.7,4.45,2.0
2024-Q2,Netherlands,North Brabant,Manufacturing,Production & trades,Temporary,11.08,3191,32.3,3.82,1.8
2024-Q3,Netherlands,North Brabant,Manufacturing,Production & trades,Temporary,10.96,3245,31.1,4.33,5.1
2024-Q4,Netherlands,North Brabant,Manufacturing,Production & trades,Temporary,10.8,3310,32.1,4.21,3.3
2025-Q1,Netherlands,North Brabant,Manufacturing,Production & trades,Temporary,10.45,3297,31.9,4.2,5.7
2025-Q2,Netherlands,North Brabant,Manufacturing,Production & trades,Temporary,10.94,3392,31.9,3.7,2.9
2025-Q3,Netherlands,North Brabant,Manufacturing,Production & trades,Temporary,11.25,3381,31.4,4.12,3.5
2025-Q4,Netherlands,North Brabant,Manufacturing,Production & trades,Temporary,11.12,3414,32.3,3.86,4.0
2021-Q1,Netherlands,North Brabant,Manufacturing,Production & trades,Self-employed,7.55,3557,39.7,3.39,4.2
2021-Q2,Netherlands,North Brabant,Manufacturing,Production & trades,Self-employed,8.0,3612,40.2,3.85,3.9
2021-Q3,Netherlands,North Brabant,Manufacturing,Production & trades,Self-employed,7.93,3563,38.7,3.98,5.6
2021-Q4,Netherlands,North Brabant,Manufacturing,Production & trades,Self-employed,7.5,3689,40.4,4.53,5.7
2022-Q1,Netherlands,North Brabant,Manufacturing,Production & trades,Self-employed,7.67,3767,39.5,4.48,3.6
2022-Q2,Netherlands,North Brabant,Manufacturing,Production & trades,Self-employed,7.84,3830,40.3,5.11,7.6
2022-Q3,Netherlands,North Brabant,Manufacturing,Production & trades,Self-employed,7.95,3824,39.1,4.36,3.2
2022-Q4,Netherlands,North Brabant,Manufacturing,Production & trades,Self-employed,7.94,3879,40.6,4.58,4.7
2023-Q1,Netherlands,North Brabant,Manufacturing,Production & trades,Self-employed,7.57,3934,39.3,4.56,6.0
2023-Q2,Netherlands,North Brabant,Manufacturing,Production & trades,Self-employed,7.99,3951,40.2,4.32,4.4
2023-Q3,Netherlands,North Brabant,Manufacturing,Production & trades,Self-employed,8.16,4015,39.0,4.08,5.3
2023-Q4,Netherlands,North Brabant,Manufacturing,Production & trades,Self-employed,7.88,4088,40.4,4.0,2.7
2024-Q1,Netherlands,North Brabant,Manufacturing,Production & trades,Self-employed,7.62,4146,39.4,3.94,4.1
2024-Q2,Netherlands,North Brabant,Manufacturing,Production & trades,Self-employed,7.97,4160,40.0,4.11,4.8
2024-Q3,Netherlands,North Brabant,Manufacturing,Production & trades,Self-employed,8.36,4203,38.6,3.88,6.1
2024-Q4,Netherlands,North Brabant,Manufacturing,Production & trades,Self-employed,8.05,4302,40.3,3.83,5.8
2025-Q1,Netherlands,North Brabant,Manufacturing,Production & trades,Self-employed,7.95,4295,39.5,3.49,5.2
2025-Q2,Netherlands,North Brabant,Manufacturing,Production & trades,Self-employed,8.03,4380,39.8,3.53,5.8
2025-Q3,Netherlands,North Brabant,Manufacturing,Production & trades,Self-employed,8.57,4446,38.9,3.58,3.1
2025-Q4,Netherlands,North Brabant,Manufacturing,Production & trades,Self-employed,8.1,4496,40.1,3.25,6.7
2021-Q1,Netherlands,North Brabant,Construction,Managers,Permanent,7.56,5065,35.7,5.73,8.4
2021-Q2,Netherlands,North Brabant,Construction,Managers,Permanent,7.3,5130,36.3,5.33,9.2
2021-Q3,Netherlands,North Brabant,Construction,Managers,Permanent,7.77,5186,35.1,5.55,8.4
2021-Q4,Netherlands,North Brabant,Construction,Managers,Permanent,7.56,5395,36.2,5.89,8.8
2022-Q1,Netherlands,North Brabant,Construction,Managers,Permanent,7.33,5446,35.6,5.97,9.2
2022-Q2,Netherlands,North Brabant,Construction,Managers,Permanent,7.75,5360,36.2,6.07,9.4
2022-Q3,Netherlands,North Brabant,Construction,Managers,Permanent,7.57,5595,35.6,6.71,8.8
2022-Q4,Netherlands,North Brabant,Construction,Managers,Permanent,7.73,5564,35.9,6.75,8.9
2023-Q1,Netherlands,North Brabant,Construction,Managers,Permanent,7.67,5584,35.5,6.18,7.8
2023-Q2,Netherlands,North Brabant,Construction,Managers,Permanent,7.36,5672,36.2,7.89,10.2
2023-Q3,Netherlands,North Brabant,Construction,Managers,Permanent,7.55,5750,35.0,5.91,7.5
2023-Q4,Netherlands,North Brabant,Construction,Managers,Permanent,7.54,5803,36.3,6.14,9.5
2024-Q1,Netherlands,North Brabant,Construction,Managers,Permanent,7.26,5935,35.8,5.84,6.7
2024-Q2,Netherlands,North Brabant,Construction,Managers,Permanent,7.81,6068,36.0,5.33,6.6
2024-Q3,Netherlands,North Brabant,Construction,Managers,Permanent,8.07,6037,34.9,5.48,7.6
2024-Q4,Netherlands,North Brabant,Construction,Managers,Permanent,7.59,6093,36.5,5.82,10.7
2025-Q1,Netherlands,North Brabant,Construction,Managers,Permanent,7.37,6216,35.7,5.11,7.7
2025-Q2,Netherlands,North Brabant,Construction,Managers,Permanent,7.79,6272,36.3,5.31,8.9
2025-Q3,Netherlands,North Brabant,Construction,Managers,Permanent,7.99,6429,35.3,4.74,6.5
2025-Q4,Netherlands,North Brabant,Construction,Managers,Permanent,7.88,6363,36.0,5.25,8.9
2021-Q1,Netherlands,North Brabant,Construction,Managers,Self-employed,1.65,5544,40.5,5.26,9.1
2021-Q2,Netherlands,North Brabant,Construction,Managers,Self-employed,1.59,5679,40.5,4.95,11.5
2021-Q3,Netherlands,North Brabant,Construction,Managers,Self-employed,1.62,5719,39.9,6.01,9.6
2021-Q4,Netherlands,North Brabant,Construction,Managers,Self-employed,1.63,5883,41.0,6.16,9.6
2022-Q1,Netherlands,North Brabant,Construction,Managers,Self-employed,1.6,5944,40.4,6.5,9.3
2022-Q2,Netherlands,North Brabant,Construction,Managers,Self-employed,1.62,5945,40.8,6.53,10.0
2022-Q3,Netherlands,North Brabant,Construction,Managers,Self-employed,1.67,5964,40.0,6.47,10.7
2022-Q4,Netherlands,North Brabant,Construction,Managers,Self-employed,1.61,6187,41.1,5.73,10.8
2023-Q1,Netherlands,North Brabant,Construction,Managers,Self-employed,1.62,6155,40.0,6.77,12.6
2023-Q2,Netherlands,North Brabant,Construction,Managers,Self-employed,1.7,6363,41.1,7.03,8.2
2023-Q3,Netherlands,North Brabant,Construction,Managers,Self-employed,1.66,6389,39.9,6.55,8.0
2023-Q4,Netherlands,North Brabant,Construction,Managers,Self-employed,1.64,6438,41.1,5.94,8.9
2024-Q1,Netherlands,North Brabant,Construction,Managers,Self-employed,1.61,6475,40.3,5.92,9.5
2024-Q2,Netherlands,North Brabant,Construction,Managers,Self-employed,1.71,6639,40.9,4.96,9.8
2024-Q3,Netherlands,North Brabant,Construction,Managers,Self-employed,1.69,6645,39.9,5.22,10.6
2024-Q4,Netherlands,North Brabant,Construction,Managers,Self-employed,1.69,6763,41.0,5.57,8.6
2025-Q1,Netherlands,North Brabant,Construction,Managers,Self-employed,1.6,6849,40.2,5.7,8.1
2025-Q2,Netherlands,North Brabant,Construction,Managers,Self-employed,1.69,7010,41.0,5.61,9.1
2025-Q3,Netherlands,North Brabant,Construction,Managers,Self-employed,1.74,7126,40.1,5.17,9.1
2025-Q4,Netherlands,North Brabant,Construction,Managers,Self-employed,1.68,7004,41.0,5.11,7.9
2021-Q1,Netherlands,North Brabant,Construction,Technicians,Permanent,16.42,3682,36.0,4.85,7.9
2021-Q2,Netherlands,North Brabant,Construction,Technicians,Permanent,16.58,3731,36.1,5.0,8.5
2021-Q3,Netherlands,North Brabant,Construction,Technicians,Permanent,17.24,3728,35.7,5.36,7.0
2021-Q4,Netherlands,North Brabant,Construction,Technicians,Permanent,16.71,3824,37.0,5.56,6.0
2022-Q1,Netherlands,North Brabant,Construction,Technicians,Permanent,16.39,3836,35.9,6.35,6.3
2022-Q2,Netherlands,North Brabant,Construction,Technicians,Permanent,16.59,3863,36.4,5.77,5.3
2022-Q3,Netherlands,North Brabant,Construction,Technicians,Permanent,17.29,3884,35.6,6.18,6.0
2022-Q4,Netherlands,North Brabant,Construction,Technicians,Permanent,17.23,4022,36.4,6.45,7.7
2023-Q1,Netherlands,North Brabant,Construction,Technicians,Permanent,16.64,4023,35.9,6.3,6.7
2023-Q2,Netherlands,North Brabant,Construction,Technicians,Permanent,16.77,4149,36.4,6.0,6.5
2023-Q3,Netherlands,North Brabant,Construction,Technicians,Permanent,17.55,4174,35.5,6.16,5.1
2023-Q4,Netherlands,North Brabant,Construction,Technicians,Permanent,16.7,4181,36.7,5.79,6.5
2024-Q1,Netherlands,North Brabant,Construction,Technicians,Permanent,16.88,4285,35.9,5.58,7.9
2024-Q2,Netherlands,North Brabant,Construction,Technicians,Permanent,17.36,4299,36.3,6.07,5.7
2024-Q3,Netherlands,North Brabant,Construction,Technicians,Permanent,17.25,4400,35.5,4.98,7.5
2024-Q4,Netherlands,North Brabant,Construction,Technicians,Permanent,16.84,4417,36.6,4.86,4.6
2025-Q1,Netherlands,North Brabant,Construction,Technicians,Permanent,16.89,4427,35.9,4.73,4.3
2025-Q2,Netherlands,North Brabant,Construction,Technicians,Permanent,17.35,4478,36.2,4.61,4.7
2025-Q3,Netherlands,North Brabant,Construction,Technicians,Permanent,17.64,4571,35.5,4.62,6.6
2025-Q4,Netherlands,North Brabant,Construction,Technicians,Permanent,17.48,4627,36.5,4.78,6.2
2021-Q1,Netherlands,North Brabant,Construction,Technicians,Temporary,4.45,3014,32.3,4.46,8.1
2021-Q2,Netherlands,North Brabant,Construction,Technicians,Temporary,4.51,3048,33.2,4.45,5.4
2021-Q3,Netherlands,North Brabant,Construction,Technicians,Temporary,4.5,3118,32.0,4.79,6.6
2021-Q4,Netherlands,North Brabant,Construction,Technicians,Temporary,4.51,3148,33.0,4.88,6.6
2022-Q1,Netherlands,North Brabant,Construction,Technicians,Temporary,4.43,3175,32.1,5.03,7.2
2022-Q2,Netherlands,North Brabant,Construction,Technicians,Temporary,4.35,3186,32.7,5.39,5.7
2022-Q3,Netherlands,North Brabant,Construction,Technicians,Temporary,4.52,3307,31.9,4.89,6.7
2022-Q4,Netherlands,North Brabant,Construction,Technicians,Temporary,4.52,3305,33.3,6.27,4.8
2023-Q1,Netherlands,North Brabant,Construction,Technicians,Temporary,4.33,3330,32.3,5.96,3.3
2023-Q2,Netherlands,North Brabant,Construction,Technicians,Temporary,4.6,3360,32.8,5.82,5.0
2023-Q3,Netherlands,North Brabant,Construction,Technicians,Temporary,4.68,3418,31.8,5.7,8.3
2023-Q4,Netherlands,North Brabant,Construction,Technicians,Temporary,4.51,3443,32.9,5.12,3.7
2024-Q1,Netherlands,North Brabant,Construction,Technicians,Temporary,4.53,3486,32.7,5.1,3.6
2024-Q2,Netherlands,North Brabant,Construction,Technicians,Temporary,4.68,3599,32.8,4.8,4.0
2024-Q3,Netherlands,North Brabant,Construction,Technicians,Temporary,4.72,3672,31.9,4.81,8.6
2024-Q4,Netherlands,North Brabant,Construction,Technicians,Temporary,4.46,3609,32.8,4.4,6.3
2025-Q1,Netherlands,North Brabant,Construction,Technicians,Temporary,4.56,3672,32.4,4.77,3.8
2025-Q2,Netherlands,North Brabant,Construction,Technicians,Temporary,4.53,3737,32.7,4.58,5.3
2025-Q3,Netherlands,North Brabant,Construction,Technicians,Temporary,4.61,3760,32.0,4.41,7.1
2025-Q4,Netherlands,North Brabant,Construction,Technicians,Temporary,4.49,3818,32.9,4.21,5.5
2021-Q1,Netherlands,North Brabant,Construction,Production & trades,Permanent,21.01,3211,36.2,5.51,1.9
2021-Q2,Netherlands,North Brabant,Construction,Production & trades,Permanent,21.47,3249,36.9,5.49,0.7
2021-Q3,Netherlands,North Brabant,Construction,Production & trades,Permanent,22.27,3284,35.8,5.5,4.1
2021-Q4,Netherlands,North Brabant,Construction,Production & trades,Permanent,21.63,3284,36.6,6.11,2.6
2022-Q1,Netherlands,North Brabant,Construction,Production & trades,Permanent,21.99,3362,36.4,6.73,0
2022-Q2,Netherlands,North Brabant,Construction,Production & trades,Permanent,22.24,3395,36.4,6.23,2.9
2022-Q3,Netherlands,North Brabant,Construction,Production & trades,Permanent,21.6,3469,35.7,6.07,2.0
2022-Q4,Netherlands,North Brabant,Construction,Production & trades,Permanent,21.87,3451,37.2,6.13,0
2023-Q1,Netherlands,North Brabant,Construction,Production & trades,Permanent,21.46,3589,36.3,6.35,0.2
2023-Q2,Netherlands,North Brabant,Construction,Production & trades,Permanent,21.89,3583,36.9,6.11,2.2
2023-Q3,Netherlands,North Brabant,Construction,Production & trades,Permanent,22.64,3657,35.6,5.7,1.6
2023-Q4,Netherlands,North Brabant,Construction,Production & trades,Permanent,21.76,3672,36.7,6.21,1.7
2024-Q1,Netherlands,North Brabant,Construction,Production & trades,Permanent,21.51,3698,36.2,5.94,2.2
2024-Q2,Netherlands,North Brabant,Construction,Production & trades,Permanent,22.65,3728,36.5,5.9,0.4
2024-Q3,Netherlands,North Brabant,Construction,Production & trades,Permanent,22.54,3802,35.9,5.58,1.1
2024-Q4,Netherlands,North Brabant,Construction,Production & trades,Permanent,22.13,3817,36.9,5.4,4.3
2025-Q1,Netherlands,North Brabant,Construction,Production & trades,Permanent,21.14,3897,36.3,5.15,1.3
2025-Q2,Netherlands,North Brabant,Construction,Production & trades,Permanent,22.45,3936,36.5,4.53,0
2025-Q3,Netherlands,North Brabant,Construction,Production & trades,Permanent,22.51,3987,35.8,5.21,2.7
2025-Q4,Netherlands,North Brabant,Construction,Production & trades,Permanent,23.05,4068,36.9,4.85,0.9
2021-Q1,Netherlands,North Brabant,Construction,Production & trades,Temporary,7.11,2579,32.0,4.95,2.2
2021-Q2,Netherlands,North Brabant,Construction,Production & trades,Temporary,7.12,2619,32.9,5.62,2.1
2021-Q3,Netherlands,North Brabant,Construction,Production & trades,Temporary,7.26,2676,31.9,5.42,0.7
2021-Q4,Netherlands,North Brabant,Construction,Production & trades,Temporary,7.03,2675,32.7,5.72,0.5
2022-Q1,Netherlands,North Brabant,Construction,Production & trades,Temporary,6.89,2708,32.2,5.81,1.2
2022-Q2,Netherlands,North Brabant,Construction,Production & trades,Temporary,7.33,2754,33.0,5.18,2.2
2022-Q3,Netherlands,North Brabant,Construction,Production & trades,Temporary,7.53,2769,31.7,5.94,2.4
2022-Q4,Netherlands,North Brabant,Construction,Production & trades,Temporary,7.3,2819,32.8,5.86,0.4
2023-Q1,Netherlands,North Brabant,Construction,Production & trades,Temporary,7.22,2837,32.1,5.78,1.4
2023-Q2,Netherlands,North Brabant,Construction,Production & trades,Temporary,7.43,2901,32.5,6.1,1.6
2023-Q3,Netherlands,North Brabant,Construction,Production & trades,Temporary,7.3,2910,31.9,4.92,3.5
2023-Q4,Netherlands,North Brabant,Construction,Production & trades,Temporary,7.28,2956,32.7,5.77,1.5
2024-Q1,Netherlands,North Brabant,Construction,Production & trades,Temporary,7.13,2967,32.1,5.47,5.6
2024-Q2,Netherlands,North Brabant,Construction,Production & trades,Temporary,7.4,3007,33.0,5.18,2.3
2024-Q3,Netherlands,North Brabant,Construction,Production & trades,Temporary,7.32,3049,31.8,5.03,0
2024-Q4,Netherlands,North Brabant,Construction,Production & trades,Temporary,7.5,3062,32.8,4.33,2.6
2025-Q1,Netherlands,North Brabant,Construction,Production & trades,Temporary,7.09,3164,32.3,5.27,1.0
2025-Q2,Netherlands,North Brabant,Construction,Production & trades,Temporary,7.4,3187,32.6,5.22,1.9
2025-Q3,Netherlands,North Brabant,Construction,Production & trades,Temporary,7.33,3206,31.8,4.46,3.1
2025-Q4,Netherlands,North Brabant,Construction,Production & trades,Temporary,7.76,3280,33.0,4.6,1.0
2021-Q1,Netherlands,North Brabant,Construction,Production & trades,Self-employed,5.13,3434,40.0,5.05,3.1
2021-Q2,Netherlands,North Brabant,Construction,Production & trades,Self-employed,5.29,3415,40.7,5.31,4.5
2021-Q3,Netherlands,North Brabant,Construction,Production & trades,Self-employed,5.46,3456,39.7,5.65,2.1
2021-Q4,Netherlands,North Brabant,Construction,Production & trades,Self-employed,5.21,3503,40.5,6.08,4.1
2022-Q1,Netherlands,North Brabant,Construction,Production & trades,Self-employed,5.35,3492,40.2,5.7,1.7
2022-Q2,Netherlands,North Brabant,Construction,Production & trades,Self-employed,5.23,3594,40.2,5.86,3.3
2022-Q3,Netherlands,North Brabant,Construction,Production & trades,Self-employed,5.58,3623,39.8,6.59,2.1
2022-Q4,Netherlands,North Brabant,Construction,Production & trades,Self-employed,5.56,3679,40.9,6.24,1.6
2023-Q1,Netherlands,North Brabant,Construction,Production & trades,Self-employed,5.4,3813,39.9,6.0,5.2
2023-Q2,Netherlands,North Brabant,Construction,Production & trades,Self-employed,5.65,3788,40.7,6.32,4.0
2023-Q3,Netherlands,North Brabant,Construction,Production & trades,Self-employed,5.56,3796,39.5,5.77,1.1
2023-Q4,Netherlands,North Brabant,Construction,Production & trades,Self-employed,5.43,3832,40.8,5.83,0.6
2024-Q1,Netherlands,North Brabant,Construction,Production & trades,Self-employed,5.43,3901,40.1,5.61,3.2
2024-Q2,Netherlands,North Brabant,Construction,Production & trades,Self-employed,5.58,3939,40.6,5.42,1.9
2024-Q3,Netherlands,North Brabant,Construction,Production & trades,Self-employed,5.65,4004,39.4,4.99,4.0
2024-Q4,Netherlands,North Brabant,Construction,Production & trades,Self-employed,5.43,4136,40.8,5.14,2.9
2025-Q1,Netherlands,North Brabant,Construction,Production & trades,Self-employed,5.28,4159,39.9,4.71,1.8
2025-Q2,Netherlands,North Brabant,Construction,Production & trades,Self-employed,5.6,4148,40.7,5.02,2.9
2025-Q3,Netherlands,North Brabant,Construction,Production & trades,Self-employed,5.75,4248,39.8,4.71,1.4
2025-Q4,Netherlands,North Brabant,Construction,Production & trades,Self-employed,5.55,4266,41.0,4.66,1.1
2021-Q1,Netherlands,North Brabant,ICT,Managers,Permanent,6.35,6168,34.1,5.35,87.8
2021-Q2,Netherlands,North Brabant,ICT,Managers,Permanent,6.73,6155,34.4,6.05,85.2
2021-Q3,Netherlands,North Brabant,ICT,Managers,Permanent,6.95,6332,33.6,6.57,88.8
2021-Q4,Netherlands,North Brabant,ICT,Managers,Permanent,6.57,6380,34.7,5.9,84.4
2022-Q1,Netherlands,North Brabant,ICT,Managers,Permanent,6.43,6518,34.0,5.85,83.6
2022-Q2,Netherlands,North Brabant,ICT,Managers,Permanent,7.01,6537,34.2,6.64,81.9
2022-Q3,Netherlands,North Brabant,ICT,Managers,Permanent,7.04,6592,33.3,6.17,80.9
2022-Q4,Netherlands,North Brabant,ICT,Managers,Permanent,7.06,6620,34.6,6.71,80.0
2023-Q1,Netherlands,North Brabant,ICT,Managers,Permanent,6.88,6767,34.0,7.08,80.8
2023-Q2,Netherlands,North Brabant,ICT,Managers,Permanent,7.03,6817,34.6,7.06,79.0
2023-Q3,Netherlands,North Brabant,ICT,Managers,Permanent,6.9,6918,33.4,6.57,78.4
2023-Q4,Netherlands,North Brabant,ICT,Managers,Permanent,6.9,7110,34.2,6.19,76.3
2024-Q1,Netherlands,North Brabant,ICT,Managers,Permanent,6.86,7020,33.9,5.87,75.0
2024-Q2,Netherlands,North Brabant,ICT,Managers,Permanent,7.11,7167,34.0,5.44,72.5
2024-Q3,Netherlands,North Brabant,ICT,Managers,Permanent,7.28,7187,33.7,5.35,74.1
2024-Q4,Netherlands,North Brabant,ICT,Managers,Permanent,7.17,7355,34.3,4.93,75.5
2025-Q1,Netherlands,North Brabant,ICT,Managers,Permanent,7.17,7389,33.8,5.86,76.0
2025-Q2,Netherlands,North Brabant,ICT,Managers,Permanent,7.35,7478,34.1,5.33,75.7
2025-Q3,Netherlands,North Brabant,ICT,Managers,Permanent,7.62,7659,33.7,5.21,76.6
2025-Q4,Netherlands,North Brabant,ICT,Managers,Permanent,7.36,7738,34.7,5.27,77.8
2021-Q1,Netherlands,North Brabant,ICT,Managers,Self-employed,1.5,6916,38.3,6.15,92
2021-Q2,Netherlands,North Brabant,ICT,Managers,Self-employed,1.61,6886,39.1,6.88,92
2021-Q3,Netherlands,North Brabant,ICT,Managers,Self-employed,1.65,7033,38.4,6.52,92
2021-Q4,Netherlands,North Brabant,ICT,Managers,Self-employed,1.55,7074,39.2,6.37,92
2022-Q1,Netherlands,North Brabant,ICT,Managers,Self-employed,1.55,7185,38.3,7.66,92
2022-Q2,Netherlands,North Brabant,ICT,Managers,Self-employed,1.61,7286,38.8,6.91,92
2022-Q3,Netherlands,North Brabant,ICT,Managers,Self-employed,1.64,7393,38.1,6.87,92
2022-Q4,Netherlands,North Brabant,ICT,Managers,Self-employed,1.56,7510,39.1,8.2,92
2023-Q1,Netherlands,North Brabant,ICT,Managers,Self-employed,1.56,7565,38.3,7.43,91.5
2023-Q2,Netherlands,North Brabant,ICT,Managers,Self-employed,1.51,7718,39.2,7.18,90.9
2023-Q3,Netherlands,North Brabant,ICT,Managers,Self-employed,1.64,7867,37.9,7.34,89.6
2023-Q4,Netherlands,North Brabant,ICT,Managers,Self-employed,1.72,7907,39.2,6.33,89.7
2024-Q1,Netherlands,North Brabant,ICT,Managers,Self-employed,1.63,7983,38.5,6.96,89.0
2024-Q2,Netherlands,North Brabant,ICT,Managers,Self-employed,1.7,8160,38.6,7.38,86.5
2024-Q3,Netherlands,North Brabant,ICT,Managers,Self-employed,1.7,8192,38.0,6.12,87.7
2024-Q4,Netherlands,North Brabant,ICT,Managers,Self-employed,1.65,8228,39.3,6.08,88.0
2025-Q1,Netherlands,North Brabant,ICT,Managers,Self-employed,1.64,8364,38.4,6.03,86.1
2025-Q2,Netherlands,North Brabant,ICT,Managers,Self-employed,1.69,8310,38.8,5.93,90.8
2025-Q3,Netherlands,North Brabant,ICT,Managers,Self-employed,1.72,8653,38.1,6.71,85.9
2025-Q4,Netherlands,North Brabant,ICT,Managers,Self-employed,1.69,8695,39.1,5.95,89.5
2021-Q1,Netherlands,North Brabant,ICT,Professionals,Permanent,14.68,5341,33.9,6.88,92
2021-Q2,Netherlands,North Brabant,ICT,Professionals,Permanent,15.2,5351,34.3,6.47,90.0
2021-Q3,Netherlands,North Brabant,ICT,Professionals,Permanent,16.04,5344,33.7,7.98,89.1
2021-Q4,Netherlands,North Brabant,ICT,Professionals,Permanent,15.43,5470,34.7,8.08,88.5
2022-Q1,Netherlands,North Brabant,ICT,Professionals,Permanent,15.21,5518,34.5,7.58,88.0
2022-Q2,Netherlands,North Brabant,ICT,Professionals,Permanent,16.1,5596,34.3,7.88,86.3
2022-Q3,Netherlands,North Brabant,ICT,Professionals,Permanent,15.59,5591,33.5,7.88,87.9
2022-Q4,Netherlands,North Brabant,ICT,Professionals,Permanent,16.01,5803,34.7,8.09,82.4
2023-Q1,Netherlands,North Brabant,ICT,Professionals,Permanent,15.67,5841,34.0,9.04,84.3
2023-Q2,Netherlands,North Brabant,ICT,Professionals,Permanent,15.91,5934,34.5,8.31,80.7
2023-Q3,Netherlands,North Brabant,ICT,Professionals,Permanent,15.6,5926,33.7,7.75,80.1
2023-Q4,Netherlands,North Brabant,ICT,Professionals,Permanent,15.39,5989,34.9,8.32,78.2
2024-Q1,Netherlands,North Brabant,ICT,Professionals,Permanent,15.92,6045,33.9,7.24,77.8
2024-Q2,Netherlands,North Brabant,ICT,Professionals,Permanent,16.21,6084,34.5,7.72,78.8
2024-Q3,Netherlands,North Brabant,ICT,Professionals,Permanent,16.52,6259,33.6,6.76,81.0
2024-Q4,Netherlands,North Brabant,ICT,Professionals,Permanent,16.6,6347,34.7,7.02,79.2
2025-Q1,Netherlands,North Brabant,ICT,Professionals,Permanent,16.21,6349,34.1,6.59,79.6
2025-Q2,Netherlands,North Brabant,ICT,Professionals,Permanent,16.86,6519,34.3,6.35,79.3
2025-Q3,Netherlands,North Brabant,ICT,Professionals,Permanent,17.39,6516,33.5,7.39,82.4
2025-Q4,Netherlands,North Brabant,ICT,Professionals,Permanent,16.34,6544,34.8,7.48,79.8
2021-Q1,Netherlands,North Brabant,ICT,Professionals,Temporary,4.88,4412,30.9,6.05,85.4
2021-Q2,Netherlands,North Brabant,ICT,Professionals,Temporary,4.88,4509,30.9,5.95,85.0
2021-Q3,Netherlands,North Brabant,ICT,Professionals,Temporary,5.15,4619,30.3,6.79,82.6
2021-Q4,Netherlands,North Brabant,ICT,Professionals,Temporary,4.83,4638,31.4,6.87,83.7
2022-Q1,Netherlands,North Brabant,ICT,Professionals,Temporary,5.01,4756,30.7,7.28,80.8
2022-Q2,Netherlands,North Brabant,ICT,Professionals,Temporary,5.1,4815,31.2,7.19,81.3
2022-Q3,Netherlands,North Brabant,ICT,Professionals,Temporary,4.98,4867,30.0,7.47,76.2
2022-Q4,Netherlands,North Brabant,ICT,Professionals,Temporary,5.1,4888,31.4,7.39,79.9
2023-Q1,Netherlands,North Brabant,ICT,Professionals,Temporary,5.0,5029,30.5,7.12,76.1
2023-Q2,Netherlands,North Brabant,ICT,Professionals,Temporary,5.12,4974,31.2,6.98,76.9
2023-Q3,Netherlands,North Brabant,ICT,Professionals,Temporary,5.04,5092,30.1,6.43,75.4
2023-Q4,Netherlands,North Brabant,ICT,Professionals,Temporary,5.07,5178,31.3,6.57,75.1
2024-Q1,Netherlands,North Brabant,ICT,Professionals,Temporary,5.3,5123,30.3,7.02,73.0
2024-Q2,Netherlands,North Brabant,ICT,Professionals,Temporary,5.14,5362,30.9,6.04,72.6
2024-Q3,Netherlands,North Brabant,ICT,Professionals,Temporary,5.32,5349,30.2,5.94,72.9
2024-Q4,Netherlands,North Brabant,ICT,Professionals,Temporary,5.27,5458,31.4,5.5,72.6
2025-Q1,Netherlands,North Brabant,ICT,Professionals,Temporary,5.27,5492,30.8,5.96,71.8
2025-Q2,Netherlands,North Brabant,ICT,Professionals,Temporary,5.49,5547,31.1,6.35,73.4
2025-Q3,Netherlands,North Brabant,ICT,Professionals,Temporary,5.39,5588,30.1,5.91,74.6
2025-Q4,Netherlands,North Brabant,ICT,Professionals,Temporary,5.49,5697,31.5,5.5,75.1
2021-Q1,Netherlands,North Brabant,ICT,Professionals,Self-employed,3.36,5781,38.3,6.5,92
2021-Q2,Netherlands,North Brabant,ICT,Professionals,Self-employed,3.49,5836,38.5,6.87,92
2021-Q3,Netherlands,North Brabant,ICT,Professionals,Self-employed,3.43,5998,37.7,7.02,92
2021-Q4,Netherlands,North Brabant,ICT,Professionals,Self-employed,3.41,6031,39.0,6.7,92
2022-Q1,Netherlands,North Brabant,ICT,Professionals,Self-employed,3.42,6054,37.9,7.86,92
2022-Q2,Netherlands,North Brabant,ICT,Professionals,Self-employed,3.53,6090,38.4,7.59,92
2022-Q3,Netherlands,North Brabant,ICT,Professionals,Self-employed,3.57,6177,37.9,7.59,92
2022-Q4,Netherlands,North Brabant,ICT,Professionals,Self-employed,3.44,6295,38.9,7.66,92
2023-Q1,Netherlands,North Brabant,ICT,Professionals,Self-employed,3.46,6495,38.2,7.68,92
2023-Q2,Netherlands,North Brabant,ICT,Professionals,Self-employed,3.7,6487,38.7,7.66,92
2023-Q3,Netherlands,North Brabant,ICT,Professionals,Self-employed,3.73,6528,37.7,6.87,92
2023-Q4,Netherlands,North Brabant,ICT,Professionals,Self-employed,3.74,6603,38.8,7.82,92
2024-Q1,Netherlands,North Brabant,ICT,Professionals,Self-employed,3.6,6698,38.2,6.97,92
2024-Q2,Netherlands,North Brabant,ICT,Professionals,Self-employed,3.6,6765,38.4,6.49,91.9
2024-Q3,Netherlands,North Brabant,ICT,Professionals,Self-employed,3.79,6791,37.6,5.97,92
2024-Q4,Netherlands,North Brabant,ICT,Professionals,Self-employed,3.68,6975,38.9,6.83,90.1
2025-Q1,Netherlands,North Brabant,ICT,Professionals,Self-employed,3.78,7010,37.9,5.98,92
2025-Q2,Netherlands,North Brabant,ICT,Professionals,Self-employed,3.81,7118,38.7,6.29,90.2
2025-Q3,Netherlands,North Brabant,ICT,Professionals,Self-employed,3.79,7308,37.5,5.54,92
2025-Q4,Netherlands,North Brabant,ICT,Professionals,Self-employed,3.69,7333,38.9,5.73,92
2021-Q1,Netherlands,North Brabant,ICT,Technicians,Permanent,13.52,4452,34.2,6.03,71.3
2021-Q2,Netherlands,North Brabant,ICT,Technicians,Permanent,13.68,4493,35.0,5.83,69.0
2021-Q3,Netherlands,North Brabant,ICT,Technicians,Permanent,13.55,4512,33.7,6.45,67.2
2021-Q4,Netherlands,North Brabant,ICT,Technicians,Permanent,12.85,4597,35.0,6.36,65.7
2022-Q1,Netherlands,North Brabant,ICT,Technicians,Permanent,13.19,4588,34.0,6.49,64.6
2022-Q2,Netherlands,North Brabant,ICT,Technicians,Permanent,13.83,4628,34.8,6.83,64.3
2022-Q3,Netherlands,North Brabant,ICT,Technicians,Permanent,14.37,4765,33.9,6.96,65.9
2022-Q4,Netherlands,North Brabant,ICT,Technicians,Permanent,13.5,4796,34.6,7.5,62.7
2023-Q1,Netherlands,North Brabant,ICT,Technicians,Permanent,13.81,4840,34.3,6.74,61.2
2023-Q2,Netherlands,North Brabant,ICT,Technicians,Permanent,13.86,4933,35.1,6.64,63.0
2023-Q3,Netherlands,North Brabant,ICT,Technicians,Permanent,13.94,4987,33.7,6.52,62.8
2023-Q4,Netherlands,North Brabant,ICT,Technicians,Permanent,13.83,5003,34.6,6.92,59.2
2024-Q1,Netherlands,North Brabant,ICT,Technicians,Permanent,13.7,5098,34.3,6.65,57.6
2024-Q2,Netherlands,North Brabant,ICT,Technicians,Permanent,14.0,5153,34.7,6.03,58.4
2024-Q3,Netherlands,North Brabant,ICT,Technicians,Permanent,14.76,5309,33.8,5.24,59.7
2024-Q4,Netherlands,North Brabant,ICT,Technicians,Permanent,14.2,5270,35.2,5.66,61.4
2025-Q1,Netherlands,North Brabant,ICT,Technicians,Permanent,14.32,5347,34.3,5.36,60.3
2025-Q2,Netherlands,North Brabant,ICT,Technicians,Permanent,14.63,5443,34.7,6.08,61.1
2025-Q3,Netherlands,North Brabant,ICT,Technicians,Permanent,14.84,5503,33.8,5.73,59.5
2025-Q4,Netherlands,North Brabant,ICT,Technicians,Permanent,14.36,5542,34.6,5.11,60.7
2021-Q1,Netherlands,North Brabant,ICT,Technicians,Temporary,3.77,3851,30.4,5.38,64.9
2021-Q2,Netherlands,North Brabant,ICT,Technicians,Temporary,3.82,3856,30.9,5.54,63.3
2021-Q3,Netherlands,North Brabant,ICT,Technicians,Temporary,3.97,3956,29.8,6.14,63.2
2021-Q4,Netherlands,North Brabant,ICT,Technicians,Temporary,3.87,4031,30.9,5.84,62.6
2022-Q1,Netherlands,North Brabant,ICT,Technicians,Temporary,3.82,4010,30.4,6.21,60.0
2022-Q2,Netherlands,North Brabant,ICT,Technicians,Temporary,3.95,4072,30.8,6.61,59.6
2022-Q3,Netherlands,North Brabant,ICT,Technicians,Temporary,3.99,4135,29.7,6.54,59.3
2022-Q4,Netherlands,North Brabant,ICT,Technicians,Temporary,3.87,4158,31.1,6.66,58.5
2023-Q1,Netherlands,North Brabant,ICT,Technicians,Temporary,3.98,4259,30.4,7.47,57.2
2023-Q2,Netherlands,North Brabant,ICT,Technicians,Temporary,3.98,4267,30.7,6.74,56.0
2023-Q3,Netherlands,North Brabant,ICT,Technicians,Temporary,4.21,4429,29.7,5.22,55.1
2023-Q4,Netherlands,North Brabant,ICT,Technicians,Temporary,4.01,4432,31.2,5.63,54.6
2024-Q1,Netherlands,North Brabant,ICT,Technicians,Temporary,3.98,4438,30.2,5.99,54.5
2024-Q2,Netherlands,North Brabant,ICT,Technicians,Temporary,4.07,4524,30.7,5.62,54.7
2024-Q3,Netherlands,North Brabant,ICT,Technicians,Temporary,4.04,4532,30.2,5.33,53.3
2024-Q4,Netherlands,North Brabant,ICT,Technicians,Temporary,4.16,4600,30.9,5.25,55.4
2025-Q1,Netherlands,North Brabant,ICT,Technicians,Temporary,4.14,4697,30.1,5.49,55.8
2025-Q2,Netherlands,North Brabant,ICT,Technicians,Temporary,4.04,4765,30.8,4.7,56.2
2025-Q3,Netherlands,North Brabant,ICT,Technicians,Temporary,4.19,4831,29.8,4.97,55.7
2025-Q4,Netherlands,North Brabant,ICT,Technicians,Temporary,4.17,4890,30.9,4.35,56.9
2021-Q1,Netherlands,North Brabant,Trade & hospitality,Managers,Permanent,12.32,4177,35.4,5.65,13.2
2021-Q2,Netherlands,North Brabant,Trade & hospitality,Managers,Permanent,12.9,4188,35.8,6.13,13.7
2021-Q3,Netherlands,North Brabant,Trade & hospitality,Managers,Permanent,13.28,4213,34.9,6.49,14.9
2021-Q4,Netherlands,North Brabant,Trade & hospitality,Managers,Permanent,12.68,4303,36.0,6.37,14.5
2022-Q1,Netherlands,North Brabant,Trade & hospitality,Managers,Permanent,12.76,4337,35.4,6.85,11.4
2022-Q2,Netherlands,North Brabant,Trade & hospitality,Managers,Permanent,13.19,4414,36.0,7.5,15.5
2022-Q3,Netherlands,North Brabant,Trade & hospitality,Managers,Permanent,12.94,4452,35.0,6.65,15.1
2022-Q4,Netherlands,North Brabant,Trade & hospitality,Managers,Permanent,12.76,4545,36.4,7.27,12.8
2023-Q1,Netherlands,North Brabant,Trade & hospitality,Managers,Permanent,13.07,4591,35.2,7.03,12.2
2023-Q2,Netherlands,North Brabant,Trade & hospitality,Managers,Permanent,13.4,4650,36.0,6.91,12.2
2023-Q3,Netherlands,North Brabant,Trade & hospitality,Managers,Permanent,13.5,4668,35.0,6.9,13.3
2023-Q4,Netherlands,North Brabant,Trade & hospitality,Managers,Permanent,13.03,4746,35.6,6.55,13.8
2024-Q1,Netherlands,North Brabant,Trade & hospitality,Managers,Permanent,13.0,4871,35.2,6.28,11.4
2024-Q2,Netherlands,North Brabant,Trade & hospitality,Managers,Permanent,13.45,4857,35.8,5.83,13.5
2024-Q3,Netherlands,North Brabant,Trade & hospitality,Managers,Permanent,14.02,4915,35.0,6.03,12.7
2024-Q4,Netherlands,North Brabant,Trade & hospitality,Managers,Permanent,13.48,4995,35.9,5.58,12.1
2025-Q1,Netherlands,North Brabant,Trade & hospitality,Managers,Permanent,13.19,5087,35.0,5.31,13.7
2025-Q2,Netherlands,North Brabant,Trade & hospitality,Managers,Permanent,14.18,5132,35.8,6.21,12.9
2025-Q3,Netherlands,North Brabant,Trade & hospitality,Managers,Permanent,13.55,5224,34.7,5.38,14.7
2025-Q4,Netherlands,North Brabant,Trade & hospitality,Managers,Permanent,13.6,5312,36.0,5.54,12.4
2021-Q1,Netherlands,North Brabant,Trade & hospitality,Managers,Self-employed,2.8,4575,39.1,4.95,15.2
2021-Q2,Netherlands,North Brabant,Trade & hospitality,Managers,Self-employed,2.82,4656,40.0,5.31,17.8
2021-Q3,Netherlands,North Brabant,Trade & hospitality,Managers,Self-employed,2.85,4727,38.8,5.69,16.5
2021-Q4,Netherlands,North Brabant,Trade & hospitality,Managers,Self-employed,2.75,4880,40.3,5.73,15.1
2022-Q1,Netherlands,North Brabant,Trade & hospitality,Managers,Self-employed,2.73,4897,39.0,5.33,15.1
2022-Q2,Netherlands,North Brabant,Trade & hospitality,Managers,Self-employed,2.81,4990,39.8,6.83,16.4
2022-Q3,Netherlands,North Brabant,Trade & hospitality,Managers,Self-employed,2.94,5022,38.8,6.2,16.6
2022-Q4,Netherlands,North Brabant,Trade & hospitality,Managers,Self-employed,2.87,5023,39.9,6.48,16.0
2023-Q1,Netherlands,North Brabant,Trade & hospitality,Managers,Self-employed,2.78,5061,39.2,6.55,13.9
2023-Q2,Netherlands,North Brabant,Trade & hospitality,Managers,Self-employed,2.92,5142,39.8,6.43,15.1
2023-Q3,Netherlands,North Brabant,Trade & hospitality,Managers,Self-employed,2.93,5234,38.9,6.2,15.4
2023-Q4,Netherlands,North Brabant,Trade & hospitality,Managers,Self-employed,2.74,5277,39.9,5.92,14.3
2024-Q1,Netherlands,North Brabant,Trade & hospitality,Managers,Self-employed,2.92,5429,39.4,6.09,14.1
2024-Q2,Netherlands,North Brabant,Trade & hospitality,Managers,Self-employed,2.94,5435,40.1,4.72,15.6
2024-Q3,Netherlands,North Brabant,Trade & hospitality,Managers,Self-employed,2.97,5532,38.9,5.18,14.0
2024-Q4,Netherlands,North Brabant,Trade & hospitality,Managers,Self-employed,2.91,5533,40.0,5.25,15.2
2025-Q1,Netherlands,North Brabant,Trade & hospitality,Managers,Self-employed,2.94,5633,39.4,5.5,15.7
2025-Q2,Netherlands,North Brabant,Trade & hospitality,Managers,Self-employed,3.09,5714,40.0,4.64,14.4
2025-Q3,Netherlands,North Brabant,Trade & hospitality,Managers,Self-employed,2.97,5784,38.7,4.73,14.2
2025-Q4,Netherlands,North Brabant,Trade & hospitality,Managers,Self-employed,3.05,5860,40.1,4.82,15.9
2021-Q1,Netherlands,North Brabant,Trade & hospitality,Clerical & service,Permanent,30.77,2292,34.9,6.15,9.9
2021-Q2,Netherlands,North Brabant,Trade & hospitality,Clerical & service,Permanent,32.27,2341,35.2,6.32,8.9
2021-Q3,Netherlands,North Brabant,Trade & hospitality,Clerical & service,Permanent,31.89,2374,33.8,7.17,7.2
2021-Q4,Netherlands,North Brabant,Trade & hospitality,Clerical & service,Permanent,31.41,2396,35.4,6.12,10.4
2022-Q1,Netherlands,North Brabant,Trade & hospitality,Clerical & service,Permanent,30.15,2411,35.0,7.89,8.8
2022-Q2,Netherlands,North Brabant,Trade & hospitality,Clerical & service,Permanent,31.83,2466,35.2,7.74,6.5
2022-Q3,Netherlands,North Brabant,Trade & hospitality,Clerical & service,Permanent,32.82,2446,34.1,7.19,7.9
2022-Q4,Netherlands,North Brabant,Trade & hospitality,Clerical & service,Permanent,31.56,2491,35.5,7.02,8.3
2023-Q1,Netherlands,North Brabant,Trade & hospitality,Clerical & service,Permanent,31.17,2560,34.9,7.08,8.3
2023-Q2,Netherlands,North Brabant,Trade & hospitality,Clerical & service,Permanent,32.32,2611,35.3,7.35,9.9
2023-Q3,Netherlands,North Brabant,Trade & hospitality,Clerical & service,Permanent,32.63,2612,34.4,7.76,7.6
2023-Q4,Netherlands,North Brabant,Trade & hospitality,Clerical & service,Permanent,31.84,2641,35.4,6.58,6.6
2024-Q1,Netherlands,North Brabant,Trade & hospitality,Clerical & service,Permanent,31.84,2665,34.7,5.62,9.6
2024-Q2,Netherlands,North Brabant,Trade & hospitality,Clerical & service,Permanent,32.18,2739,35.5,6.58,7.9
2024-Q3,Netherlands,North Brabant,Trade & hospitality,Clerical & service,Permanent,33.51,2767,34.3,5.35,7.7
2024-Q4,Netherlands,North Brabant,Trade & hospitality,Clerical & service,Permanent,33.66,2773,35.5,5.55,7.0
2025-Q1,Netherlands,North Brabant,Trade & hospitality,Clerical & service,Permanent,32.72,2797,34.7,5.86,7.2
2025-Q2,Netherlands,North Brabant,Trade & hospitality,Clerical & service,Permanent,33.42,2857,35.5,5.8,8.9
2025-Q3,Netherlands,North Brabant,Trade & hospitality,Clerical & service,Permanent,33.44,2891,34.3,5.86,10.1
2025-Q4,Netherlands,North Brabant,Trade & hospitality,Clerical & service,Permanent,33.17,2957,35.4,5.86,8.0
2021-Q1,Netherlands,North Brabant,Trade & hospitality,Clerical & service,Temporary,10.3,2037,31.4,5.49,9.5
2021-Q2,Netherlands,North Brabant,Trade & hospitality,Clerical & service,Temporary,10.72,2050,32.0,5.04,9.5
2021-Q3,Netherlands,North Brabant,Trade & hospitality,Clerical & service,Temporary,11.12,2097,30.8,5.89,9.2
2021-Q4,Netherlands,North Brabant,Trade & hospitality,Clerical & service,Temporary,10.74,2112,32.2,5.9,9.1
2022-Q1,Netherlands,North Brabant,Trade & hospitality,Clerical & service,Temporary,10.54,2130,31.4,6.24,7.3
2022-Q2,Netherlands,North Brabant,Trade & hospitality,Clerical & service,Temporary,10.78,2163,32.1,5.3,10.9
2022-Q3,Netherlands,North Brabant,Trade & hospitality,Clerical & service,Temporary,11.01,2184,31.2,6.54,8.7
2022-Q4,Netherlands,North Brabant,Trade & hospitality,Clerical & service,Temporary,10.5,2212,32.1,6.34,8.2
2023-Q1,Netherlands,North Brabant,Trade & hospitality,Clerical & service,Temporary,10.57,2239,31.6,6.06,9.5
2023-Q2,Netherlands,North Brabant,Trade & hospitality,Clerical & service,Temporary,11.45,2272,32.1,6.73,8.6
2023-Q3,Netherlands,North Brabant,Trade & hospitality,Clerical & service,Temporary,11.17,2319,31.3,6.12,8.0
2023-Q4,Netherlands,North Brabant,Trade & hospitality,Clerical & service,Temporary,11.18,2347,32.1,6.6,9.5
2024-Q1,Netherlands,North Brabant,Trade & hospitality,Clerical & service,Temporary,11.05,2332,31.2,5.72,9.8
2024-Q2,Netherlands,North Brabant,Trade & hospitality,Clerical & service,Temporary,11.11,2405,32.1,5.66,6.8
2024-Q3,Netherlands,North Brabant,Trade & hospitality,Clerical & service,Temporary,11.27,2399,31.4,5.31,6.8
2024-Q4,Netherlands,North Brabant,Trade & hospitality,Clerical & service,Temporary,11.15,2440,32.3,5.26,7.3
2025-Q1,Netherlands,North Brabant,Trade & hospitality,Clerical & service,Temporary,10.62,2469,31.0,5.58,8.5
2025-Q2,Netherlands,North Brabant,Trade & hospitality,Clerical & service,Temporary,11.31,2509,32.0,5.64,8.1
2025-Q3,Netherlands,North Brabant,Trade & hospitality,Clerical & service,Temporary,11.77,2551,31.3,4.64,6.6
2025-Q4,Netherlands,North Brabant,Trade & hospitality,Clerical & service,Temporary,11.08,2582,31.9,4.53,7.0
2021-Q1,Netherlands,North Brabant,Trade & hospitality,Production & trades,Permanent,33.61,2567,35.2,6.15,3.7
2021-Q2,Netherlands,North Brabant,Trade & hospitality,Production & trades,Permanent,34.9,2615,35.8,5.91,4.1
2021-Q3,Netherlands,North Brabant,Trade & hospitality,Production & trades,Permanent,35.43,2638,34.8,6.98,2.5
2021-Q4,Netherlands,North Brabant,Trade & hospitality,Production & trades,Permanent,34.35,2697,35.6,6.49,2.7
2022-Q1,Netherlands,North Brabant,Trade & hospitality,Production & trades,Permanent,34.99,2660,35.0,7.31,3.4
2022-Q2,Netherlands,North Brabant,Trade & hospitality,Production & trades,Permanent,35.73,2699,35.7,7.32,1.0
2022-Q3,Netherlands,North Brabant,Trade & hospitality,Production & trades,Permanent,36.92,2800,34.8,7.0,4.2
2022-Q4,Netherlands,North Brabant,Trade & hospitality,Production & trades,Permanent,34.77,2801,36.2,7.09,4.2
2023-Q1,Netherlands,North Brabant,Trade & hospitality,Production & trades,Permanent,35.15,2831,35.1,6.9,2.3
2023-Q2,Netherlands,North Brabant,Trade & hospitality,Production & trades,Permanent,36.39,2815,35.6,7.37,0.2
2023-Q3,Netherlands,North Brabant,Trade & hospitality,Production & trades,Permanent,36.08,2914,34.5,6.67,2.1
2023-Q4,Netherlands,North Brabant,Trade & hospitality,Production & trades,Permanent,35.08,2949,35.5,6.37,3.2
2024-Q1,Netherlands,North Brabant,Trade & hospitality,Production & trades,Permanent,35.82,3026,34.9,6.69,3.5
2024-Q2,Netherlands,North Brabant,Trade & hospitality,Production & trades,Permanent,36.04,3013,35.6,6.21,2.8
2024-Q3,Netherlands,North Brabant,Trade & hospitality,Production & trades,Permanent,37.99,2997,34.5,5.89,3.9
2024-Q4,Netherlands,North Brabant,Trade & hospitality,Production & trades,Permanent,36.21,3075,35.6,5.94,3.7
2025-Q1,Netherlands,North Brabant,Trade & hospitality,Production & trades,Permanent,36.44,3153,34.8,6.14,3.1
2025-Q2,Netherlands,North Brabant,Trade & hospitality,Production & trades,Permanent,36.86,3145,35.1,5.89,2.3
2025-Q3,Netherlands,North Brabant,Trade & hospitality,Production & trades,Permanent,38.02,3244,34.3,5.37,0.9
2025-Q4,Netherlands,North Brabant,Trade & hospitality,Production & trades,Permanent,37.32,3265,36.1,5.45,2.8
2021-Q1,Netherlands,North Brabant,Trade & hospitality,Production & trades,Temporary,10.09,1991,31.2,5.57,4.6
2021-Q2,Netherlands,North Brabant,Trade & hospitality,Production & trades,Temporary,10.45,1968,31.4,5.51,3.2
2021-Q3,Netherlands,North Brabant,Trade & hospitality,Production & trades,Temporary,10.42,2035,30.8,6.02,2.7
2021-Q4,Netherlands,North Brabant,Trade & hospitality,Production & trades,Temporary,10.18,2062,31.7,6.42,4.3
2022-Q1,Netherlands,North Brabant,Trade & hospitality,Production & trades,Temporary,10.27,2075,31.3,6.15,5.4
2022-Q2,Netherlands,North Brabant,Trade & hospitality,Production & trades,Temporary,10.62,2121,31.7,6.63,3.5
2022-Q3,Netherlands,North Brabant,Trade & hospitality,Production & trades,Temporary,10.92,2149,30.8,6.9,5.4
2022-Q4,Netherlands,North Brabant,Trade & hospitality,Production & trades,Temporary,10.87,2175,31.7,7.35,1.8
2023-Q1,Netherlands,North Brabant,Trade & hospitality,Production & trades,Temporary,10.39,2189,31.3,6.53,1.8
2023-Q2,Netherlands,North Brabant,Trade & hospitality,Production & trades,Temporary,10.44,2232,31.4,7.41,5.3
2023-Q3,Netherlands,North Brabant,Trade & hospitality,Production & trades,Temporary,10.89,2241,30.6,6.65,5.1
2023-Q4,Netherlands,North Brabant,Trade & hospitality,Production & trades,Temporary,10.41,2295,31.7,5.94,2.7
2024-Q1,Netherlands,North Brabant,Trade & hospitality,Production & trades,Temporary,10.52,2308,31.1,5.77,4.0
2024-Q2,Netherlands,North Brabant,Trade & hospitality,Production & trades,Temporary,10.77,2325,31.6,5.63,2.9
2024-Q3,Netherlands,North Brabant,Trade & hospitality,Production & trades,Temporary,10.89,2369,30.9,6.31,2.7
2024-Q4,Netherlands,North Brabant,Trade & hospitality,Production & trades,Temporary,10.87,2384,31.8,5.68,2.3
2025-Q1,Netherlands,North Brabant,Trade & hospitality,Production & trades,Temporary,10.65,2402,31.2,5.37,3.9
2025-Q2,Netherlands,North Brabant,Trade & hospitality,Production & trades,Temporary,10.93,2447,31.8,5.2,3.1
2025-Q3,Netherlands,North Brabant,Trade & hospitality,Production & trades,Temporary,10.6,2507,30.8,4.66,2.7
2025-Q4,Netherlands,North Brabant,Trade & hospitality,Production & trades,Temporary,10.96,2501,32.0,6.11,2.8
2021-Q1,Netherlands,North Brabant,Trade & hospitality,Production & trades,Self-employed,7.5,2663,39.6,5.33,2.6
2021-Q2,Netherlands,North Brabant,Trade & hospitality,Production & trades,Self-employed,7.88,2740,40.1,5.42,4.6
2021-Q3,Netherlands,North Brabant,Trade & hospitality,Production & trades,Self-employed,8.3,2752,39.2,5.88,2.8
2021-Q4,Netherlands,North Brabant,Trade & hospitality,Production & trades,Self-employed,7.97,2831,40.5,5.73,1.4
2022-Q1,Netherlands,North Brabant,Trade & hospitality,Production & trades,Self-employed,7.88,2823,39.8,6.02,3.7
2022-Q2,Netherlands,North Brabant,Trade & hospitality,Production & trades,Self-employed,8.2,2846,40.1,6.94,3.2
2022-Q3,Netherlands,North Brabant,Trade & hospitality,Production & trades,Self-employed,8.09,2904,39.5,7.45,4.8
2022-Q4,Netherlands,North Brabant,Trade & hospitality,Production & trades,Self-employed,7.88,2903,40.3,6.63,3.7
2023-Q1,Netherlands,North Brabant,Trade & hospitality,Production & trades,Self-employed,8.04,2976,39.7,6.33,4.8
2023-Q2,Netherlands,North Brabant,Trade & hospitality,Production & trades,Self-employed,8.21,2958,40.2,6.31,4.8
2023-Q3,Netherlands,North Brabant,Trade & hospitality,Production & trades,Self-employed,8.36,3030,39.2,6.8,3.5
2023-Q4,Netherlands,North Brabant,Trade & hospitality,Production & trades,Self-employed,8.19,3071,40.4,6.46,2.5
2024-Q1,Netherlands,North Brabant,Trade & hospitality,Production & trades,Self-employed,7.92,3181,39.3,6.5,2.2
2024-Q2,Netherlands,North Brabant,Trade & hospitality,Production & trades,Self-employed,8.52,3145,40.1,6.12,1.0
2024-Q3,Netherlands,North Brabant,Trade & hospitality,Production & trades,Self-employed,8.27,3256,39.3,5.74,2.6
2024-Q4,Netherlands,North Brabant,Trade & hospitality,Production & trades,Self-employed,8.26,3266,40.4,5.17,3.4
2025-Q1,Netherlands,North Brabant,Trade & hospitality,Production & trades,Self-employed,7.96,3298,39.7,4.92,2.2
2025-Q2,Netherlands,North Brabant,Trade & hospitality,Production & trades,Self-employed,8.24,3365,40.6,5.38,2.2
2025-Q3,Netherlands,North Brabant,Trade & hospitality,Production & trades,Self-employed,8.27,3378,39.1,4.9,4.0
2025-Q4,Netherlands,North Brabant,Trade & hospitality,Production & trades,Self-employed,8.25,3399,40.4,4.95,2.9
2021-Q1,Luxembourg,Luxembourg,Construction,Managers,Permanent,1.63,5774,39.2,4.28,11.6
2021-Q2,Luxembourg,Luxembourg,Construction,Managers,Permanent,1.71,5880,39.3,4.72,8.4
2021-Q3,Luxembourg,Luxembourg,Construction,Managers,Permanent,1.72,5917,38.8,4.68,10.4
2021-Q4,Luxembourg,Luxembourg,Construction,Managers,Permanent,1.67,5967,40.0,4.5,10.3
2022-Q1,Luxembourg,Luxembourg,Construction,Managers,Permanent,1.63,6147,38.9,4.85,9.4
2022-Q2,Luxembourg,Luxembourg,Construction,Managers,Permanent,1.67,6267,39.4,4.77,7.9
2022-Q3,Luxembourg,Luxembourg,Construction,Managers,Permanent,1.76,6259,38.5,4.76,8.9
2022-Q4,Luxembourg,Luxembourg,Construction,Managers,Permanent,1.71,6297,39.8,4.51,6.4
2023-Q1,Luxembourg,Luxembourg,Construction,Managers,Permanent,1.68,6400,39.1,5.33,10.1
2023-Q2,Luxembourg,Luxembourg,Construction,Managers,Permanent,1.71,6570,39.8,4.62,7.9
2023-Q3,Luxembourg,Luxembourg,Construction,Managers,Permanent,1.73,6635,38.7,4.72,7.7
2023-Q4,Luxembourg,Luxembourg,Construction,Managers,Permanent,1.72,6621,39.6,4.48,6.9
2024-Q1,Luxembourg,Luxembourg,Construction,Managers,Permanent,1.66,6717,39.2,4.16,7.5
2024-Q2,Luxembourg,Luxembourg,Construction,Managers,Permanent,1.79,6844,39.5,4.63,7.6
2024-Q3,Luxembourg,Luxembourg,Construction,Managers,Permanent,1.74,6970,38.8,4.05,7.1
2024-Q4,Luxembourg,Luxembourg,Construction,Managers,Permanent,1.77,6948,39.4,4.2,7.2
2025-Q1,Luxembourg,Luxembourg,Construction,Managers,Permanent,1.76,7124,39.1,3.89,8.1
2025-Q2,Luxembourg,Luxembourg,Construction,Managers,Permanent,1.76,7130,39.7,3.62,8.2
2025-Q3,Luxembourg,Luxembourg,Construction,Managers,Permanent,1.82,7268,38.6,3.77,8.5
2025-Q4,Luxembourg,Luxembourg,Construction,Managers,Permanent,1.69,7400,40.0,3.87,6.4
2021-Q1,Luxembourg,Luxembourg,Construction,Managers,Self-employed,0.37,6164,43.9,4.35,11.7
2021-Q2,Luxembourg,Luxembourg,Construction,Managers,Self-employed,0.39,6174,44.3,3.36,13.0
2021-Q3,Luxembourg,Luxembourg,Construction,Managers,Self-employed,0.39,6335,43.6,3.97,12.3
2021-Q4,Luxembourg,Luxembourg,Construction,Managers,Self-employed,0.39,6416,44.5,3.79,12.3
2022-Q1,Luxembourg,Luxembourg,Construction,Managers,Self-employed,0.39,6448,43.7,4.03,9.0
2022-Q2,Luxembourg,Luxembourg,Construction,Managers,Self-employed,0.4,6569,44.4,3.97,11.9
2022-Q3,Luxembourg,Luxembourg,Construction,Managers,Self-employed,0.4,6591,43.3,4.03,10.6
2022-Q4,Luxembourg,Luxembourg,Construction,Managers,Self-employed,0.38,6703,44.0,4.42,8.4
2023-Q1,Luxembourg,Luxembourg,Construction,Managers,Self-employed,0.39,6746,43.9,4.03,12.3
2023-Q2,Luxembourg,Luxembourg,Construction,Managers,Self-employed,0.39,6890,44.1,4.09,7.6
2023-Q3,Luxembourg,Luxembourg,Construction,Managers,Self-employed,0.41,6985,43.2,4.5,9.9
2023-Q4,Luxembourg,Luxembourg,Construction,Managers,Self-employed,0.39,6944,44.2,3.99,11.0
2024-Q1,Luxembourg,Luxembourg,Construction,Managers,Self-employed,0.4,7178,43.9,3.97,8.4
2024-Q2,Luxembourg,Luxembourg,Construction,Managers,Self-employed,0.4,7213,44.4,3.9,9.8
2024-Q3,Luxembourg,Luxembourg,Construction,Managers,Self-employed,0.4,7269,43.3,3.89,9.4
2024-Q4,Luxembourg,Luxembourg,Construction,Managers,Self-employed,0.4,7446,44.3,3.5,9.4
2025-Q1,Luxembourg,Luxembourg,Construction,Managers,Self-employed,0.39,7495,43.9,3.47,9.8
2025-Q2,Luxembourg,Luxembourg,Construction,Managers,Self-employed,0.4,7612,44.1,3.55,8.0
2025-Q3,Luxembourg,Luxembourg,Construction,Managers,Self-employed,0.42,7708,43.4,3.45,9.3
2025-Q4,Luxembourg,Luxembourg,Construction,Managers,Self-employed,0.39,7793,44.4,3.28,6.9
2021-Q1,Luxembourg,Luxembourg,Construction,Technicians,Permanent,3.38,4531,39.4,3.95,8.6
2021-Q2,Luxembourg,Luxembourg,Construction,Technicians,Permanent,3.42,4690,40.0,3.69,5.3
2021-Q3,Luxembourg,Luxembourg,Construction,Technicians,Permanent,3.37,4610,39.1,4.11,7.1
2021-Q4,Luxembourg,Luxembourg,Construction,Technicians,Permanent,3.54,4731,40.1,3.64,6.6
2022-Q1,Luxembourg,Luxembourg,Construction,Technicians,Permanent,3.51,4786,39.5,3.81,7.0
2022-Q2,Luxembourg,Luxembourg,Construction,Technicians,Permanent,3.53,4841,39.6,4.77,6.1
2022-Q3,Luxembourg,Luxembourg,Construction,Technicians,Permanent,3.57,4916,39.1,4.25,6.3
2022-Q4,Luxembourg,Luxembourg,Construction,Technicians,Permanent,3.39,4983,40.1,5.04,7.2
2023-Q1,Luxembourg,Luxembourg,Construction,Technicians,Permanent,3.58,5044,39.7,4.39,8.0
2023-Q2,Luxembourg,Luxembourg,Construction,Technicians,Permanent,3.51,5034,40.1,3.79,6.0
2023-Q3,Luxembourg,Luxembourg,Construction,Technicians,Permanent,3.52,5164,38.9,3.83,5.8
2023-Q4,Luxembourg,Luxembourg,Construction,Technicians,Permanent,3.64,5280,40.3,4.06,6.9
2024-Q1,Luxembourg,Luxembourg,Construction,Technicians,Permanent,3.51,5287,39.9,4.26,6.5
2024-Q2,Luxembourg,Luxembourg,Construction,Technicians,Permanent,3.58,5298,40.2,3.8,4.5
2024-Q3,Luxembourg,Luxembourg,Construction,Technicians,Permanent,3.63,5451,39.4,3.53,5.1
2024-Q4,Luxembourg,Luxembourg,Construction,Technicians,Permanent,3.57,5476,40.5,3.23,4.3
2025-Q1,Luxembourg,Luxembourg,Construction,Technicians,Permanent,3.59,5612,39.9,3.62,7.4
2025-Q2,Luxembourg,Luxembourg,Construction,Technicians,Permanent,3.55,5636,40.1,3.65,5.7
2025-Q3,Luxembourg,Luxembourg,Construction,Technicians,Permanent,3.69,5737,39.4,3.58,5.2
2025-Q4,Luxembourg,Luxembourg,Construction,Technicians,Permanent,3.61,5698,40.6,3.52,4.6
2021-Q1,Luxembourg,Luxembourg,Construction,Technicians,Temporary,1.02,3408,35.7,3.83,7.5
2021-Q2,Luxembourg,Luxembourg,Construction,Technicians,Temporary,1.06,3432,36.0,4.06,5.5
2021-Q3,Luxembourg,Luxembourg,Construction,Technicians,Temporary,1.08,3504,35.0,3.8,6.2
2021-Q4,Luxembourg,Luxembourg,Construction,Technicians,Temporary,1.05,3498,36.4,4.45,7.0
2022-Q1,Luxembourg,Luxembourg,Construction,Technicians,Temporary,1.05,3530,35.6,4.57,8.7
2022-Q2,Luxembourg,Luxembourg,Construction,Technicians,Temporary,1.06,3580,36.0,4.67,5.7
2022-Q3,Luxembourg,Luxembourg,Construction,Technicians,Temporary,1.07,3661,35.2,5.24,6.1
2022-Q4,Luxembourg,Luxembourg,Construction,Technicians,Temporary,1.07,3727,36.3,4.28,5.1
2023-Q1,Luxembourg,Luxembourg,Construction,Technicians,Temporary,1.05,3755,35.7,5.2,6.9
2023-Q2,Luxembourg,Luxembourg,Construction,Technicians,Temporary,1.1,3827,36.2,4.7,5.5
2023-Q3,Luxembourg,Luxembourg,Construction,Technicians,Temporary,1.07,3779,35.4,4.66,7.1
2023-Q4,Luxembourg,Luxembourg,Construction,Technicians,Temporary,1.12,3885,36.0,3.99,4.6
2024-Q1,Luxembourg,Luxembourg,Construction,Technicians,Temporary,1.08,3928,35.7,4.3,6.8
2024-Q2,Luxembourg,Luxembourg,Construction,Technicians,Temporary,1.11,3982,35.9,4.27,5.5
2024-Q3,Luxembourg,Luxembourg,Construction,Technicians,Temporary,1.09,4013,35.3,4.01,7.1
2024-Q4,Luxembourg,Luxembourg,Construction,Technicians,Temporary,1.1,4084,36.4,4.15,7.0
2025-Q1,Luxembourg,Luxembourg,Construction,Technicians,Temporary,1.06,4115,35.4,3.53,5.8
2025-Q2,Luxembourg,Luxembourg,Construction,Technicians,Temporary,1.15,4217,36.1,3.5,5.4
2025-Q3,Luxembourg,Luxembourg,Construction,Technicians,Temporary,1.09,4216,35.2,3.7,6.2
2025-Q4,Luxembourg,Luxembourg,Construction,Technicians,Temporary,1.07,4315,36.3,3.28,7.4
2021-Q1,Luxembourg,Luxembourg,Construction,Production & trades,Permanent,4.32,3651,38.9,3.59,0.3
2021-Q2,Luxembourg,Luxembourg,Construction,Production & trades,Permanent,4.42,3666,39.3,3.73,2.9
2021-Q3,Luxembourg,Luxembourg,Construction,Production & trades,Permanent,4.51,3754,38.6,3.98,2.2
2021-Q4,Luxembourg,Luxembourg,Construction,Production & trades,Permanent,4.3,3751,39.1,4.0,0.6
2022-Q1,Luxembourg,Luxembourg,Construction,Production & trades,Permanent,4.48,3841,39.0,4.0,2.5
2022-Q2,Luxembourg,Luxembourg,Construction,Production & trades,Permanent,4.26,3909,39.5,4.55,1.1
2022-Q3,Luxembourg,Luxembourg,Construction,Production & trades,Permanent,4.44,3910,38.1,4.28,1.1
2022-Q4,Luxembourg,Luxembourg,Construction,Production & trades,Permanent,4.41,3955,39.6,4.53,3.0
2023-Q1,Luxembourg,Luxembourg,Construction,Production & trades,Permanent,4.47,4092,38.9,4.14,1.6
2023-Q2,Luxembourg,Luxembourg,Construction,Production & trades,Permanent,4.56,4088,39.3,4.03,0.2
2023-Q3,Luxembourg,Luxembourg,Construction,Production & trades,Permanent,4.58,4032,38.6,3.91,0
2023-Q4,Luxembourg,Luxembourg,Construction,Production & trades,Permanent,4.42,4219,39.4,3.75,2.3
2024-Q1,Luxembourg,Luxembourg,Construction,Production & trades,Permanent,4.52,4188,38.9,3.83,0
2024-Q2,Luxembourg,Luxembourg,Construction,Production & trades,Permanent,4.54,4283,39.2,3.41,3.2
2024-Q3,Luxembourg,Luxembourg,Construction,Production & trades,Permanent,4.74,4275,38.1,3.75,3.2
2024-Q4,Luxembourg,Luxembourg,Construction,Production & trades,Permanent,4.52,4423,39.4,3.15,2.0
2025-Q1,Luxembourg,Luxembourg,Construction,Production & trades,Permanent,4.55,4493,39.1,3.34,1.5
2025-Q2,Luxembourg,Luxembourg,Construction,Production & trades,Permanent,4.57,4476,39.2,3.85,2.0
2025-Q3,Luxembourg,Luxembourg,Construction,Production & trades,Permanent,4.68,4541,38.4,3.52,1.2
2025-Q4,Luxembourg,Luxembourg,Construction,Production & trades,Permanent,4.52,4619,39.7,3.19,0.5
2021-Q1,Luxembourg,Luxembourg,Construction,Production & trades,Temporary,1.38,3120,35.7,3.93,2.5
2021-Q2,Luxembourg,Luxembourg,Construction,Production & trades,Temporary,1.34,3194,36.1,4.51,1.4
2021-Q3,Luxembourg,Luxembourg,Construction,Production & trades,Temporary,1.43,3208,35.0,4.29,0
2021-Q4,Luxembourg,Luxembourg,Construction,Production & trades,Temporary,1.35,3249,36.1,4.39,2.0
2022-Q1,Luxembourg,Luxembourg,Construction,Production & trades,Temporary,1.33,3271,35.8,4.96,5.1
2022-Q2,Luxembourg,Luxembourg,Construction,Production & trades,Temporary,1.38,3310,36.4,4.45,0.9
2022-Q3,Luxembourg,Luxembourg,Construction,Production & trades,Temporary,1.38,3314,35.0,5.37,0
2022-Q4,Luxembourg,Luxembourg,Construction,Production & trades,Temporary,1.39,3421,36.3,4.92,1.3
2023-Q1,Luxembourg,Luxembourg,Construction,Production & trades,Temporary,1.36,3399,35.3,5.13,1.1
2023-Q2,Luxembourg,Luxembourg,Construction,Production & trades,Temporary,1.42,3495,35.7,4.92,3.4
2023-Q3,Luxembourg,Luxembourg,Construction,Production & trades,Temporary,1.38,3589,34.9,4.23,2.1
2023-Q4,Luxembourg,Luxembourg,Construction,Production & trades,Temporary,1.36,3570,36.0,4.34,0.7
2024-Q1,Luxembourg,Luxembourg,Construction,Production & trades,Temporary,1.33,3649,35.6,4.69,0.4
2024-Q2,Luxembourg,Luxembourg,Construction,Production & trades,Temporary,1.38,3659,36.2,4.58,0.2
2024-Q3,Luxembourg,Luxembourg,Construction,Production & trades,Temporary,1.42,3725,35.1,4.1,2.3
2024-Q4,Luxembourg,Luxembourg,Construction,Production & trades,Temporary,1.37,3721,36.2,3.36,0.6
2025-Q1,Luxembourg,Luxembourg,Construction,Production & trades,Temporary,1.38,3804,35.4,3.82,1.1
2025-Q2,Luxembourg,Luxembourg,Construction,Production & trades,Temporary,1.36,3868,36.0,4.01,1.9
2025-Q3,Luxembourg,Luxembourg,Construction,Production & trades,Temporary,1.42,3864,35.4,4.01,0.6
2025-Q4,Luxembourg,Luxembourg,Construction,Production & trades,Temporary,1.42,3936,36.1,3.35,1.7
2021-Q1,Luxembourg,Luxembourg,Construction,Production & trades,Self-employed,1.14,4118,43.5,4.13,4.8
2021-Q2,Luxembourg,Luxembourg,Construction,Production & trades,Self-employed,1.15,4144,43.5,4.61,3.8
2021-Q3,Luxembourg,Luxembourg,Construction,Production & trades,Self-employed,1.22,4155,42.7,4.32,1.4
2021-Q4,Luxembourg,Luxembourg,Construction,Production & trades,Self-employed,1.14,4253,44.0,4.69,1.4
2022-Q1,Luxembourg,Luxembourg,Construction,Production & trades,Self-employed,1.19,4285,43.3,4.53,0.9
2022-Q2,Luxembourg,Luxembourg,Construction,Production & trades,Self-employed,1.23,4357,43.7,4.61,1.7
2022-Q3,Luxembourg,Luxembourg,Construction,Production & trades,Self-employed,1.24,4431,42.5,5.31,3.8
2022-Q4,Luxembourg,Luxembourg,Construction,Production & trades,Self-employed,1.18,4498,43.9,5.17,1.1
2023-Q1,Luxembourg,Luxembourg,Construction,Production & trades,Self-employed,1.15,4473,43.4,5.07,3.9
2023-Q2,Luxembourg,Luxembourg,Construction,Production & trades,Self-employed,1.17,4564,43.8,4.91,2.5
2023-Q3,Luxembourg,Luxembourg,Construction,Production & trades,Self-employed,1.24,4692,43.0,4.72,2.1
2023-Q4,Luxembourg,Luxembourg,Construction,Production & trades,Self-employed,1.18,4670,43.9,5.06,1.8
2024-Q1,Luxembourg,Luxembourg,Construction,Production & trades,Self-employed,1.2,4762,43.1,4.33,2.4
2024-Q2,Luxembourg,Luxembourg,Construction,Production & trades,Self-employed,1.19,4831,43.7,4.36,3.4
2024-Q3,Luxembourg,Luxembourg,Construction,Production & trades,Self-employed,1.25,4927,42.7,3.91,4.3
2024-Q4,Luxembourg,Luxembourg,Construction,Production & trades,Self-employed,1.21,4905,43.8,4.43,3.8
2025-Q1,Luxembourg,Luxembourg,Construction,Production & trades,Self-employed,1.18,4971,43.2,4.02,2.4
2025-Q2,Luxembourg,Luxembourg,Construction,Production & trades,Self-employed,1.23,5030,43.6,4.21,2.1
2025-Q3,Luxembourg,Luxembourg,Construction,Production & trades,Self-employed,1.25,5161,43.1,3.85,1.4
2025-Q4,Luxembourg,Luxembourg,Construction,Production & trades,Self-employed,1.24,5137,44.0,3.77,4.0
2021-Q1,Luxembourg,Luxembourg,Finance,Managers,Permanent,1.35,8036,38.0,2.55,65.4
2021-Q2,Luxembourg,Luxembourg,Finance,Managers,Permanent,1.38,7969,38.2,2.46,62.4
2021-Q3,Luxembourg,Luxembourg,Finance,Managers,Permanent,1.43,8156,37.6,2.62,59.8
2021-Q4,Luxembourg,Luxembourg,Finance,Managers,Permanent,1.4,8401,38.5,2.38,59.1
2022-Q1,Luxembourg,Luxembourg,Finance,Managers,Permanent,1.4,8365,38.0,2.87,61.9
2022-Q2,Luxembourg,Luxembourg,Finance,Managers,Permanent,1.41,8612,38.4,2.89,62.0
2022-Q3,Luxembourg,Luxembourg,Finance,Managers,Permanent,1.4,8583,37.6,2.98,57.0
2022-Q4,Luxembourg,Luxembourg,Finance,Managers,Permanent,1.38,8646,38.4,2.93,57.7
2023-Q1,Luxembourg,Luxembourg,Finance,Managers,Permanent,1.41,8752,37.6,2.71,57.1
2023-Q2,Luxembourg,Luxembourg,Finance,Managers,Permanent,1.46,8872,38.5,2.86,56.0
2023-Q3,Luxembourg,Luxembourg,Finance,Managers,Permanent,1.5,8983,38.0,2.35,56.7
2023-Q4,Luxembourg,Luxembourg,Finance,Managers,Permanent,1.47,9066,38.7,2.79,54.9
2024-Q1,Luxembourg,Luxembourg,Finance,Managers,Permanent,1.42,9253,38.4,2.72,54.5
2024-Q2,Luxembourg,Luxembourg,Finance,Managers,Permanent,1.47,9538,38.3,2.42,55.7
2024-Q3,Luxembourg,Luxembourg,Finance,Managers,Permanent,1.42,9471,37.2,2.56,55.4
2024-Q4,Luxembourg,Luxembourg,Finance,Managers,Permanent,1.42,9677,39.3,2.44,56.3
2025-Q1,Luxembourg,Luxembourg,Finance,Managers,Permanent,1.38,9847,38.3,2.33,55.4
2025-Q2,Luxembourg,Luxembourg,Finance,Managers,Permanent,1.44,9867,38.6,2.52,55.1
2025-Q3,Luxembourg,Luxembourg,Finance,Managers,Permanent,1.48,9914,37.5,2.17,54.8
2025-Q4,Luxembourg,Luxembourg,Finance,Managers,Permanent,1.48,10204,38.5,2.23,56.8
2021-Q1,Luxembourg,Luxembourg,Finance,Managers,Self-employed,0.29,8487,42.4,2.28,71.8
2021-Q2,Luxembourg,Luxembourg,Finance,Managers,Self-employed,0.3,8521,42.7,2.64,72.8
2021-Q3,Luxembourg,Luxembourg,Finance,Managers,Self-employed,0.3,8710,41.6,2.53,70.2
2021-Q4,Luxembourg,Luxembourg,Finance,Managers,Self-employed,0.29,8859,42.8,2.98,68.2
2022-Q1,Luxembourg,Luxembourg,Finance,Managers,Self-employed,0.29,8916,42.4,2.7,69.7
2022-Q2,Luxembourg,Luxembourg,Finance,Managers,Self-employed,0.3,9028,42.6,2.68,68.6
2022-Q3,Luxembourg,Luxembourg,Finance,Managers,Self-employed,0.31,9104,41.6,2.7,65.4
2022-Q4,Luxembourg,Luxembourg,Finance,Managers,Self-employed,0.3,9269,42.9,2.65,67.6
2023-Q1,Luxembourg,Luxembourg,Finance,Managers,Self-employed,0.29,9328,42.3,3.06,69.0
2023-Q2,Luxembourg,Luxembourg,Finance,Managers,Self-employed,0.3,9349,42.6,3.14,65.1
2023-Q3,Luxembourg,Luxembourg,Finance,Managers,Self-employed,0.3,9702,41.6,2.82,64.7
2023-Q4,Luxembourg,Luxembourg,Finance,Managers,Self-employed,0.3,9689,43.2,2.7,63.3
2024-Q1,Luxembourg,Luxembourg,Finance,Managers,Self-employed,0.29,9823,42.2,2.55,63.3
2024-Q2,Luxembourg,Luxembourg,Finance,Managers,Self-employed,0.31,9869,42.9,2.28,61.9
2024-Q3,Luxembourg,Luxembourg,Finance,Managers,Self-employed,0.32,10034,41.7,2.49,62.7
2024-Q4,Luxembourg,Luxembourg,Finance,Managers,Self-employed,0.3,10103,42.9,2.38,63.0
2025-Q1,Luxembourg,Luxembourg,Finance,Managers,Self-employed,0.29,10217,42.2,2.24,61.6
2025-Q2,Luxembourg,Luxembourg,Finance,Managers,Self-employed,0.31,10522,42.5,2.34,64.5
2025-Q3,Luxembourg,Luxembourg,Finance,Managers,Self-employed,0.31,10493,41.8,2.75,65.0
2025-Q4,Luxembourg,Luxembourg,Finance,Managers,Self-employed,0.3,10557,42.8,2.39,63.1
2021-Q1,Luxembourg,Luxembourg,Finance,Professionals,Permanent,3.58,6779,38.3,2.64,67.3
2021-Q2,Luxembourg,Luxembourg,Finance,Professionals,Permanent,3.68,7016,38.5,2.59,65.0
2021-Q3,Luxembourg,Luxembourg,Finance,Professionals,Permanent,3.73,7110,37.7,2.68,68.0
2021-Q4,Luxembourg,Luxembourg,Finance,Professionals,Permanent,3.71,7188,38.7,3.02,64.9
2022-Q1,Luxembourg,Luxembourg,Finance,Professionals,Permanent,3.6,7346,37.9,3.09,63.1
2022-Q2,Luxembourg,Luxembourg,Finance,Professionals,Permanent,3.73,7323,38.2,2.54,62.6
2022-Q3,Luxembourg,Luxembourg,Finance,Professionals,Permanent,3.7,7521,37.5,3.21,60.6
2022-Q4,Luxembourg,Luxembourg,Finance,Professionals,Permanent,3.75,7628,38.6,2.94,61.7
2023-Q1,Luxembourg,Luxembourg,Finance,Professionals,Permanent,3.76,7563,37.9,3.15,59.9
2023-Q2,Luxembourg,Luxembourg,Finance,Professionals,Permanent,3.8,7711,38.3,2.99,60.3
2023-Q3,Luxembourg,Luxembourg,Finance,Professionals,Permanent,3.92,7882,37.2,2.88,58.1
2023-Q4,Luxembourg,Luxembourg,Finance,Professionals,Permanent,3.7,8172,38.6,2.67,56.6
2024-Q1,Luxembourg,Luxembourg,Finance,Professionals,Permanent,3.71,7991,38.2,2.34,55.7
2024-Q2,Luxembourg,Luxembourg,Finance,Professionals,Permanent,3.83,8224,38.5,2.45,56.3
2024-Q3,Luxembourg,Luxembourg,Finance,Professionals,Permanent,3.9,8198,37.5,2.5,58.8
2024-Q4,Luxembourg,Luxembourg,Finance,Professionals,Permanent,3.81,8470,38.7,2.6,56.5
2025-Q1,Luxembourg,Luxembourg,Finance,Professionals,Permanent,3.71,8398,37.9,2.41,58.9
2025-Q2,Luxembourg,Luxembourg,Finance,Professionals,Permanent,3.93,8587,38.2,2.66,58.5
2025-Q3,Luxembourg,Luxembourg,Finance,Professionals,Permanent,3.96,8717,37.4,2.34,58.5
2025-Q4,Luxembourg,Luxembourg,Finance,Professionals,Permanent,3.78,8760,38.4,2.44,58.9
2021-Q1,Luxembourg,Luxembourg,Finance,Professionals,Temporary,0.96,5573,34.5,2.85,61.0
2021-Q2,Luxembourg,Luxembourg,Finance,Professionals,Temporary,0.96,5584,35.1,2.36,59.8
2021-Q3,Luxembourg,Luxembourg,Finance,Professionals,Temporary,0.98,5766,33.9,3.04,59.3
2021-Q4,Luxembourg,Luxembourg,Finance,Professionals,Temporary,0.95,5791,35.1,2.84,59.1
2022-Q1,Luxembourg,Luxembourg,Finance,Professionals,Temporary,0.97,5811,34.5,2.73,57.9
2022-Q2,Luxembourg,Luxembourg,Finance,Professionals,Temporary,0.97,5904,35.0,3.22,56.6
2022-Q3,Luxembourg,Luxembourg,Finance,Professionals,Temporary,0.98,5933,34.3,2.94,56.4
2022-Q4,Luxembourg,Luxembourg,Finance,Professionals,Temporary,1.0,6063,35.0,3.24,55.2
2023-Q1,Luxembourg,Luxembourg,Finance,Professionals,Temporary,0.94,6164,34.4,3.34,54.1
2023-Q2,Luxembourg,Luxembourg,Finance,Professionals,Temporary,0.95,6284,34.6,3.32,55.1
2023-Q3,Luxembourg,Luxembourg,Finance,Professionals,Temporary,1.01,6256,34.1,3.36,53.7
2023-Q4,Luxembourg,Luxembourg,Finance,Professionals,Temporary,0.97,6375,35.3,2.92,53.4
2024-Q1,Luxembourg,Luxembourg,Finance,Professionals,Temporary,0.96,6490,34.3,2.81,53.2
2024-Q2,Luxembourg,Luxembourg,Finance,Professionals,Temporary,0.98,6539,34.7,2.72,53.4
2024-Q3,Luxembourg,Luxembourg,Finance,Professionals,Temporary,1.01,6586,34.0,2.73,52.5
2024-Q4,Luxembourg,Luxembourg,Finance,Professionals,Temporary,0.98,6692,35.1,2.47,54.0
2025-Q1,Luxembourg,Luxembourg,Finance,Professionals,Temporary,0.95,6679,34.4,2.51,50.4
2025-Q2,Luxembourg,Luxembourg,Finance,Professionals,Temporary,0.99,6865,35.0,2.7,53.1
2025-Q3,Luxembourg,Luxembourg,Finance,Professionals,Temporary,1.0,7025,34.1,2.33,51.6
2025-Q4,Luxembourg,Luxembourg,Finance,Professionals,Temporary,1.0,7082,35.5,2.56,54.0
2021-Q1,Luxembourg,Luxembourg,Finance,Professionals,Self-employed,0.88,7371,42.9,2.56,76.2
2021-Q2,Luxembourg,Luxembourg,Finance,Professionals,Self-employed,0.94,7616,43.1,2.96,75.2
2021-Q3,Luxembourg,Luxembourg,Finance,Professionals,Self-employed,0.95,7697,42.0,2.66,75.7
2021-Q4,Luxembourg,Luxembourg,Finance,Professionals,Self-employed,0.93,7756,43.5,2.72,72.7
2022-Q1,Luxembourg,Luxembourg,Finance,Professionals,Self-employed,0.92,7838,42.2,2.81,71.1
2022-Q2,Luxembourg,Luxembourg,Finance,Professionals,Self-employed,0.95,7952,42.9,3.0,73.0
2022-Q3,Luxembourg,Luxembourg,Finance,Professionals,Self-employed,0.95,8100,42.2,3.24,71.7
2022-Q4,Luxembourg,Luxembourg,Finance,Professionals,Self-employed,0.89,8080,43.2,3.7,69.8
2023-Q1,Luxembourg,Luxembourg,Finance,Professionals,Self-employed,0.94,8107,42.4,3.42,69.0
2023-Q2,Luxembourg,Luxembourg,Finance,Professionals,Self-employed,0.93,8272,43.0,3.29,68.3
2023-Q3,Luxembourg,Luxembourg,Finance,Professionals,Self-employed,0.95,8326,41.9,3.16,66.7
2023-Q4,Luxembourg,Luxembourg,Finance,Professionals,Self-employed,0.94,8432,43.4,3.04,66.2
2024-Q1,Luxembourg,Luxembourg,Finance,Professionals,Self-employed,0.92,8533,42.4,2.98,65.3
2024-Q2,Luxembourg,Luxembourg,Finance,Professionals,Self-employed,0.95,8753,42.8,2.87,64.5
2024-Q3,Luxembourg,Luxembourg,Finance,Professionals,Self-employed,0.99,8886,42.1,2.23,65.3
2024-Q4,Luxembourg,Luxembourg,Finance,Professionals,Self-employed,0.96,8893,43.4,2.6,65.6
2025-Q1,Luxembourg,Luxembourg,Finance,Professionals,Self-employed,0.94,9098,42.7,2.45,66.0
2025-Q2,Luxembourg,Luxembourg,Finance,Professionals,Self-employed,0.94,9222,43.1,2.19,66.9
2025-Q3,Luxembourg,Luxembourg,Finance,Professionals,Self-employed,0.98,9275,42.0,2.44,65.5
2025-Q4,Luxembourg,Luxembourg,Finance,Professionals,Self-employed,0.93,9447,43.5,2.4,66.6
2021-Q1,Luxembourg,Luxembourg,Finance,Clerical & service,Permanent,3.57,4519,38.3,2.68,42.2
2021-Q2,Luxembourg,Luxembourg,Finance,Clerical & service,Permanent,3.6,4589,39.3,2.67,43.6
2021-Q3,Luxembourg,Luxembourg,Finance,Clerical & service,Permanent,3.76,4554,38.0,2.79,41.1
2021-Q4,Luxembourg,Luxembourg,Finance,Clerical & service,Permanent,3.65,4579,39.2,2.72,40.8
2022-Q1,Luxembourg,Luxembourg,Finance,Clerical & service,Permanent,3.46,4677,38.8,2.99,40.0
2022-Q2,Luxembourg,Luxembourg,Finance,Clerical & service,Permanent,3.52,4749,39.3,3.07,39.5
2022-Q3,Luxembourg,Luxembourg,Finance,Clerical & service,Permanent,3.7,4859,38.1,3.47,39.2
2022-Q4,Luxembourg,Luxembourg,Finance,Clerical & service,Permanent,3.57,4859,39.2,2.95,38.2
2023-Q1,Luxembourg,Luxembourg,Finance,Clerical & service,Permanent,3.59,4953,38.4,3.41,37.7
2023-Q2,Luxembourg,Luxembourg,Finance,Clerical & service,Permanent,3.76,5047,39.2,2.95,36.2
2023-Q3,Luxembourg,Luxembourg,Finance,Clerical & service,Permanent,3.83,5032,38.0,2.82,36.6
2023-Q4,Luxembourg,Luxembourg,Finance,Clerical & service,Permanent,3.85,5136,39.0,3.05,37.1
2024-Q1,Luxembourg,Luxembourg,Finance,Clerical & service,Permanent,3.69,5190,38.6,2.53,33.4
2024-Q2,Luxembourg,Luxembourg,Finance,Clerical & service,Permanent,3.64,5340,39.1,3.03,36.1
2024-Q3,Luxembourg,Luxembourg,Finance,Clerical & service,Permanent,3.71,5366,38.3,2.7,37.5
2024-Q4,Luxembourg,Luxembourg,Finance,Clerical & service,Permanent,3.72,5311,39.5,2.47,36.3
2025-Q1,Luxembourg,Luxembourg,Finance,Clerical & service,Permanent,3.75,5452,38.3,2.47,34.1
2025-Q2,Luxembourg,Luxembourg,Finance,Clerical & service,Permanent,3.71,5503,39.0,2.59,38.2
2025-Q3,Luxembourg,Luxembourg,Finance,Clerical & service,Permanent,3.94,5570,38.0,2.4,33.6
2025-Q4,Luxembourg,Luxembourg,Finance,Clerical & service,Permanent,3.74,5724,39.1,2.35,36.5
2021-Q1,Luxembourg,Luxembourg,Finance,Clerical & service,Temporary,1.16,3731,34.2,2.28,37.5
2021-Q2,Luxembourg,Luxembourg,Finance,Clerical & service,Temporary,1.22,3767,34.7,2.57,39.0
2021-Q3,Luxembourg,Luxembourg,Finance,Clerical & service,Temporary,1.21,3869,33.8,2.87,37.6
2021-Q4,Luxembourg,Luxembourg,Finance,Clerical & service,Temporary,1.19,3873,35.1,2.75,36.9
2022-Q1,Luxembourg,Luxembourg,Finance,Clerical & service,Temporary,1.17,3949,34.2,2.5,36.8
2022-Q2,Luxembourg,Luxembourg,Finance,Clerical & service,Temporary,1.21,3947,34.9,2.94,36.8
2022-Q3,Luxembourg,Luxembourg,Finance,Clerical & service,Temporary,1.19,4105,33.7,2.87,36.3
2022-Q4,Luxembourg,Luxembourg,Finance,Clerical & service,Temporary,1.22,4049,35.1,2.76,36.1
2023-Q1,Luxembourg,Luxembourg,Finance,Clerical & service,Temporary,1.22,4091,33.9,3.17,37.1
2023-Q2,Luxembourg,Luxembourg,Finance,Clerical & service,Temporary,1.24,4162,34.7,2.72,36.7
2023-Q3,Luxembourg,Luxembourg,Finance,Clerical & service,Temporary,1.29,4163,34.1,2.5,34.0
2023-Q4,Luxembourg,Luxembourg,Finance,Clerical & service,Temporary,1.22,4263,35.1,2.83,32.1
2024-Q1,Luxembourg,Luxembourg,Finance,Clerical & service,Temporary,1.21,4396,34.2,2.66,33.9
2024-Q2,Luxembourg,Luxembourg,Finance,Clerical & service,Temporary,1.24,4377,35.0,2.43,33.9
2024-Q3,Luxembourg,Luxembourg,Finance,Clerical & service,Temporary,1.25,4400,34.0,2.17,34.3
2024-Q4,Luxembourg,Luxembourg,Finance,Clerical & service,Temporary,1.24,4528,35.1,2.55,33.6
2025-Q1,Luxembourg,Luxembourg,Finance,Clerical & service,Temporary,1.21,4611,34.1,2.44,33.3
2025-Q2,Luxembourg,Luxembourg,Finance,Clerical & service,Temporary,1.29,4645,34.4,2.77,32.6
2025-Q3,Luxembourg,Luxembourg,Finance,Clerical & service,Temporary,1.3,4679,34.1,2.07,32.6
2025-Q4,Luxembourg,Luxembourg,Finance,Clerical & service,Temporary,1.24,4614,35.0,2.14,32.8
2021-Q1,Luxembourg,Luxembourg,ICT,Managers,Permanent,1.4,7519,37.1,4.48,85.9
2021-Q2,Luxembourg,Luxembourg,ICT,Managers,Permanent,1.38,7716,37.7,4.26,87.2
2021-Q3,Luxembourg,Luxembourg,ICT,Managers,Permanent,1.42,7825,36.8,4.84,87.3
2021-Q4,Luxembourg,Luxembourg,ICT,Managers,Permanent,1.4,7952,37.9,4.56,86.6
2022-Q1,Luxembourg,Luxembourg,ICT,Managers,Permanent,1.43,7981,36.6,5.11,83.7
2022-Q2,Luxembourg,Luxembourg,ICT,Managers,Permanent,1.45,8201,37.5,5.24,85.8
2022-Q3,Luxembourg,Luxembourg,ICT,Managers,Permanent,1.47,8138,36.9,5.15,83.6
2022-Q4,Luxembourg,Luxembourg,ICT,Managers,Permanent,1.46,8288,37.8,5.82,81.4
2023-Q1,Luxembourg,Luxembourg,ICT,Managers,Permanent,1.49,8447,37.1,5.2,77.4
2023-Q2,Luxembourg,Luxembourg,ICT,Managers,Permanent,1.49,8404,37.6,5.82,76.0
2023-Q3,Luxembourg,Luxembourg,ICT,Managers,Permanent,1.49,8603,36.7,4.88,76.7
2023-Q4,Luxembourg,Luxembourg,ICT,Managers,Permanent,1.47,8623,38.0,4.87,75.6
2024-Q1,Luxembourg,Luxembourg,ICT,Managers,Permanent,1.5,8796,36.7,4.15,75.4
2024-Q2,Luxembourg,Luxembourg,ICT,Managers,Permanent,1.54,8879,37.5,4.5,74.5
2024-Q3,Luxembourg,Luxembourg,ICT,Managers,Permanent,1.53,9057,36.9,4.15,75.8
2024-Q4,Luxembourg,Luxembourg,ICT,Managers,Permanent,1.53,9087,37.5,4.6,77.2
2025-Q1,Luxembourg,Luxembourg,ICT,Managers,Permanent,1.53,9245,37.0,4.23,77.0
2025-Q2,Luxembourg,Luxembourg,ICT,Managers,Permanent,1.57,9278,37.6,4.33,75.1
2025-Q3,Luxembourg,Luxembourg,ICT,Managers,Permanent,1.6,9589,36.8,4.3,76.9
2025-Q4,Luxembourg,Luxembourg,ICT,Managers,Permanent,1.54,9643,37.7,3.84,74.0
2021-Q1,Luxembourg,Luxembourg,ICT,Managers,Self-employed,0.29,8102,41.6,4.39,92
2021-Q2,Luxembourg,Luxembourg,ICT,Managers,Self-employed,0.3,8105,41.9,4.48,92
2021-Q3,Luxembourg,Luxembourg,ICT,Managers,Self-employed,0.29,8157,40.5,4.74,92
2021-Q4,Luxembourg,Luxembourg,ICT,Managers,Self-employed,0.29,8500,42.1,5.19,92
2022-Q1,Luxembourg,Luxembourg,ICT,Managers,Self-employed,0.29,8426,41.3,5.39,92
2022-Q2,Luxembourg,Luxembourg,ICT,Managers,Self-employed,0.3,8737,42.3,4.65,92
2022-Q3,Luxembourg,Luxembourg,ICT,Managers,Self-employed,0.32,8534,41.1,5.48,92
2022-Q4,Luxembourg,Luxembourg,ICT,Managers,Self-employed,0.3,8815,42.1,5.14,92
2023-Q1,Luxembourg,Luxembourg,ICT,Managers,Self-employed,0.3,8895,41.4,5.47,92
2023-Q2,Luxembourg,Luxembourg,ICT,Managers,Self-employed,0.31,8978,42.0,5.07,89.5
2023-Q3,Luxembourg,Luxembourg,ICT,Managers,Self-employed,0.31,9143,40.9,5.62,88.8
2023-Q4,Luxembourg,Luxembourg,ICT,Managers,Self-employed,0.3,9251,42.5,4.68,88.9
2024-Q1,Luxembourg,Luxembourg,ICT,Managers,Self-employed,0.31,9435,41.5,4.51,86.4
2024-Q2,Luxembourg,Luxembourg,ICT,Managers,Self-employed,0.32,9437,42.2,4.23,87.0
2024-Q3,Luxembourg,Luxembourg,ICT,Managers,Self-employed,0.33,9624,41.1,4.07,87.1
2024-Q4,Luxembourg,Luxembourg,ICT,Managers,Self-employed,0.31,9697,42.2,4.19,86.6
2025-Q1,Luxembourg,Luxembourg,ICT,Managers,Self-employed,0.31,9874,41.8,4.19,88.0
2025-Q2,Luxembourg,Luxembourg,ICT,Managers,Self-employed,0.32,9919,42.0,4.36,88.4
2025-Q3,Luxembourg,Luxembourg,ICT,Managers,Self-employed,0.33,10110,40.8,4.79,86.6
2025-Q4,Luxembourg,Luxembourg,ICT,Managers,Self-employed,0.31,10187,42.4,3.96,88.4
2021-Q1,Luxembourg,Luxembourg,ICT,Professionals,Permanent,3.02,6060,37.5,4.15,92
2021-Q2,Luxembourg,Luxembourg,ICT,Professionals,Permanent,3.07,6163,38.2,3.95,90.5
2021-Q3,Luxembourg,Luxembourg,ICT,Professionals,Permanent,3.11,6176,37.0,4.54,90.5
2021-Q4,Luxembourg,Luxembourg,ICT,Professionals,Permanent,3.2,6239,38.0,4.54,90.8
2022-Q1,Luxembourg,Luxembourg,ICT,Professionals,Permanent,3.03,6409,37.6,5.13,87.7
2022-Q2,Luxembourg,Luxembourg,ICT,Professionals,Permanent,3.14,6454,37.9,4.89,89.2
2022-Q3,Luxembourg,Luxembourg,ICT,Professionals,Permanent,3.33,6503,36.8,5.22,85.3
2022-Q4,Luxembourg,Luxembourg,ICT,Professionals,Permanent,3.23,6589,37.8,4.95,84.9
2023-Q1,Luxembourg,Luxembourg,ICT,Professionals,Permanent,3.15,6671,37.6,5.03,85.1
2023-Q2,Luxembourg,Luxembourg,ICT,Professionals,Permanent,3.29,6736,37.5,5.16,83.5
2023-Q3,Luxembourg,Luxembourg,ICT,Professionals,Permanent,3.28,6942,37.1,4.93,79.8
2023-Q4,Luxembourg,Luxembourg,ICT,Professionals,Permanent,3.13,6841,38.1,4.68,80.5
2024-Q1,Luxembourg,Luxembourg,ICT,Professionals,Permanent,3.26,7039,37.4,4.43,81.6
2024-Q2,Luxembourg,Luxembourg,ICT,Professionals,Permanent,3.29,7093,38.1,4.6,78.7
2024-Q3,Luxembourg,Luxembourg,ICT,Professionals,Permanent,3.3,7190,37.0,3.93,80.9
2024-Q4,Luxembourg,Luxembourg,ICT,Professionals,Permanent,3.31,7265,38.1,4.64,80.5
2025-Q1,Luxembourg,Luxembourg,ICT,Professionals,Permanent,3.16,7344,37.3,3.75,80.7
2025-Q2,Luxembourg,Luxembourg,ICT,Professionals,Permanent,3.46,7446,37.8,4.3,80.4
2025-Q3,Luxembourg,Luxembourg,ICT,Professionals,Permanent,3.48,7593,37.0,3.85,81.7
2025-Q4,Luxembourg,Luxembourg,ICT,Professionals,Permanent,3.37,7639,38.1,3.55,80.1
2021-Q1,Luxembourg,Luxembourg,ICT,Professionals,Temporary,1.02,5419,34.1,5.01,85.3
2021-Q2,Luxembourg,Luxembourg,ICT,Professionals,Temporary,1.07,5461,34.7,4.4,85.0
2021-Q3,Luxembourg,Luxembourg,ICT,Professionals,Temporary,1.1,5437,34.0,5.25,83.5
2021-Q4,Luxembourg,Luxembourg,ICT,Professionals,Temporary,1.03,5560,34.8,5.1,80.1
2022-Q1,Luxembourg,Luxembourg,ICT,Professionals,Temporary,1.02,5610,34.1,5.72,82.5
2022-Q2,Luxembourg,Luxembourg,ICT,Professionals,Temporary,1.04,5735,34.7,5.85,80.3
2022-Q3,Luxembourg,Luxembourg,ICT,Professionals,Temporary,1.07,5834,33.7,6.65,78.8
2022-Q4,Luxembourg,Luxembourg,ICT,Professionals,Temporary,1.07,5823,34.9,5.65,78.9
2023-Q1,Luxembourg,Luxembourg,ICT,Professionals,Temporary,1.07,6008,34.1,6.86,76.5
2023-Q2,Luxembourg,Luxembourg,ICT,Professionals,Temporary,1.11,5968,35.1,5.37,76.6
2023-Q3,Luxembourg,Luxembourg,ICT,Professionals,Temporary,1.12,6084,33.8,5.68,75.2
2023-Q4,Luxembourg,Luxembourg,ICT,Professionals,Temporary,1.1,6142,34.8,5.3,75.0
2024-Q1,Luxembourg,Luxembourg,ICT,Professionals,Temporary,1.08,6185,34.0,5.27,72.5
2024-Q2,Luxembourg,Luxembourg,ICT,Professionals,Temporary,1.1,6353,34.8,5.09,72.0
2024-Q3,Luxembourg,Luxembourg,ICT,Professionals,Temporary,1.09,6363,34.0,5.13,73.7
2024-Q4,Luxembourg,Luxembourg,ICT,Professionals,Temporary,1.13,6433,34.8,5.03,73.1
2025-Q1,Luxembourg,Luxembourg,ICT,Professionals,Temporary,1.12,6614,34.6,4.92,73.0
2025-Q2,Luxembourg,Luxembourg,ICT,Professionals,Temporary,1.16,6476,34.7,5.07,72.3
2025-Q3,Luxembourg,Luxembourg,ICT,Professionals,Temporary,1.18,6658,33.5,4.96,76.7
2025-Q4,Luxembourg,Luxembourg,ICT,Professionals,Temporary,1.12,6798,34.8,4.99,75.3
2021-Q1,Luxembourg,Luxembourg,ICT,Professionals,Self-employed,0.71,6821,41.9,4.59,92
2021-Q2,Luxembourg,Luxembourg,ICT,Professionals,Self-employed,0.75,6862,42.5,4.59,92
2021-Q3,Luxembourg,Luxembourg,ICT,Professionals,Self-employed,0.75,6926,41.5,4.41,92
2021-Q4,Luxembourg,Luxembourg,ICT,Professionals,Self-employed,0.71,7125,42.7,4.58,92
2022-Q1,Luxembourg,Luxembourg,ICT,Professionals,Self-employed,0.72,7078,41.6,4.76,92
2022-Q2,Luxembourg,Luxembourg,ICT,Professionals,Self-employed,0.73,7209,42.2,5.01,92
2022-Q3,Luxembourg,Luxembourg,ICT,Professionals,Self-employed,0.78,7377,41.3,5.29,92
2022-Q4,Luxembourg,Luxembourg,ICT,Professionals,Self-employed,0.75,7394,42.6,5.4,92
2023-Q1,Luxembourg,Luxembourg,ICT,Professionals,Self-employed,0.74,7504,41.9,5.6,92
2023-Q2,Luxembourg,Luxembourg,ICT,Professionals,Self-employed,0.77,7623,42.4,4.84,92
2023-Q3,Luxembourg,Luxembourg,ICT,Professionals,Self-employed,0.78,7730,41.4,5.06,92
2023-Q4,Luxembourg,Luxembourg,ICT,Professionals,Self-employed,0.76,7858,42.2,4.84,92
2024-Q1,Luxembourg,Luxembourg,ICT,Professionals,Self-employed,0.76,7816,41.8,4.72,91.2
2024-Q2,Luxembourg,Luxembourg,ICT,Professionals,Self-employed,0.78,7861,42.3,4.77,92
2024-Q3,Luxembourg,Luxembourg,ICT,Professionals,Self-employed,0.78,8039,41.4,4.9,92
2024-Q4,Luxembourg,Luxembourg,ICT,Professionals,Self-employed,0.77,8030,42.4,4.7,92
2025-Q1,Luxembourg,Luxembourg,ICT,Professionals,Self-employed,0.77,8259,41.7,4.44,92
2025-Q2,Luxembourg,Luxembourg,ICT,Professionals,Self-employed,0.81,8342,42.7,4.29,92
2025-Q3,Luxembourg,Luxembourg,ICT,Professionals,Self-employed,0.79,8387,41.6,4.01,90.6
2025-Q4,Luxembourg,Luxembourg,ICT,Professionals,Self-employed,0.77,8493,42.5,3.93,92
2021-Q1,Luxembourg,Luxembourg,ICT,Technicians,Permanent,2.72,5364,37.6,4.62,70.0
2021-Q2,Luxembourg,Luxembourg,ICT,Technicians,Permanent,2.71,5431,38.2,5.11,68.4
2021-Q3,Luxembourg,Luxembourg,ICT,Technicians,Permanent,2.82,5492,37.4,4.32,67.7
2021-Q4,Luxembourg,Luxembourg,ICT,Technicians,Permanent,2.87,5589,38.4,5.29,67.8
2022-Q1,Luxembourg,Luxembourg,ICT,Technicians,Permanent,2.75,5579,37.7,5.19,63.7
2022-Q2,Luxembourg,Luxembourg,ICT,Technicians,Permanent,2.86,5676,38.2,5.04,64.8
2022-Q3,Luxembourg,Luxembourg,ICT,Technicians,Permanent,2.89,5748,37.5,5.29,64.4
2022-Q4,Luxembourg,Luxembourg,ICT,Technicians,Permanent,2.81,5878,38.1,5.64,64.1
2023-Q1,Luxembourg,Luxembourg,ICT,Technicians,Permanent,2.84,5889,37.6,5.57,62.5
2023-Q2,Luxembourg,Luxembourg,ICT,Technicians,Permanent,2.89,6002,38.3,4.88,62.1
2023-Q3,Luxembourg,Luxembourg,ICT,Technicians,Permanent,3.08,6051,37.3,5.06,64.0
2023-Q4,Luxembourg,Luxembourg,ICT,Technicians,Permanent,2.91,6160,38.5,4.81,61.5
2024-Q1,Luxembourg,Luxembourg,ICT,Technicians,Permanent,2.92,6201,37.7,4.31,59.7
2024-Q2,Luxembourg,Luxembourg,ICT,Technicians,Permanent,3.08,6273,38.5,4.35,57.4
2024-Q3,Luxembourg,Luxembourg,ICT,Technicians,Permanent,3.0,6335,37.2,4.49,58.0
2024-Q4,Luxembourg,Luxembourg,ICT,Technicians,Permanent,2.99,6401,38.0,4.43,60.3
2025-Q1,Luxembourg,Luxembourg,ICT,Technicians,Permanent,3.0,6490,37.6,4.34,61.0
2025-Q2,Luxembourg,Luxembourg,ICT,Technicians,Permanent,3.05,6641,38.2,4.07,59.5
2025-Q3,Luxembourg,Luxembourg,ICT,Technicians,Permanent,3.12,6644,37.1,4.01,61.4
2025-Q4,Luxembourg,Luxembourg,ICT,Technicians,Permanent,3.11,6855,38.3,4.37,60.1
2021-Q1,Luxembourg,Luxembourg,ICT,Technicians,Temporary,0.83,4106,33.4,4.86,64.1
2021-Q2,Luxembourg,Luxembourg,ICT,Technicians,Temporary,0.89,4234,33.9,4.6,63.8
2021-Q3,Luxembourg,Luxembourg,ICT,Technicians,Temporary,0.87,4253,33.1,4.99,63.6
2021-Q4,Luxembourg,Luxembourg,ICT,Technicians,Temporary,0.86,4329,34.2,5.23,60.8
2022-Q1,Luxembourg,Luxembourg,ICT,Technicians,Temporary,0.85,4308,33.4,5.22,61.6
2022-Q2,Luxembourg,Luxembourg,ICT,Technicians,Temporary,0.89,4458,33.7,6.47,58.9
2022-Q3,Luxembourg,Luxembourg,ICT,Technicians,Temporary,0.9,4459,32.8,5.32,58.9
2022-Q4,Luxembourg,Luxembourg,ICT,Technicians,Temporary,0.85,4519,34.6,5.16,57.3
2023-Q1,Luxembourg,Luxembourg,ICT,Technicians,Temporary,0.87,4553,33.8,6.18,57.7
2023-Q2,Luxembourg,Luxembourg,ICT,Technicians,Temporary,0.9,4653,33.7,5.75,55.3
2023-Q3,Luxembourg,Luxembourg,ICT,Technicians,Temporary,0.9,4670,33.0,4.85,54.6
2023-Q4,Luxembourg,Luxembourg,ICT,Technicians,Temporary,0.9,4788,33.8,4.54,54.6
2024-Q1,Luxembourg,Luxembourg,ICT,Technicians,Temporary,0.87,4807,33.2,5.47,53.8
2024-Q2,Luxembourg,Luxembourg,ICT,Technicians,Temporary,0.93,4856,34.0,4.5,53.3
2024-Q3,Luxembourg,Luxembourg,ICT,Technicians,Temporary,0.94,4853,32.9,4.59,55.3
2024-Q4,Luxembourg,Luxembourg,ICT,Technicians,Temporary,0.92,4999,34.2,4.61,54.6
2025-Q1,Luxembourg,Luxembourg,ICT,Technicians,Temporary,0.9,5046,33.2,4.49,55.2
2025-Q2,Luxembourg,Luxembourg,ICT,Technicians,Temporary,0.93,5092,33.9,4.81,56.1
2025-Q3,Luxembourg,Luxembourg,ICT,Technicians,Temporary,0.96,5134,33.1,4.42,54.7
2025-Q4,Luxembourg,Luxembourg,ICT,Technicians,Temporary,0.91,5247,33.9,4.29,54.9
2021-Q1,Luxembourg,Luxembourg,Public services,Managers,Permanent,2.17,6173,36.3,2.29,40.4
2021-Q2,Luxembourg,Luxembourg,Public services,Managers,Permanent,2.23,6377,37.2,1.94,41.1
2021-Q3,Luxembourg,Luxembourg,Public services,Managers,Permanent,2.17,6467,36.3,2.2,39.8
2021-Q4,Luxembourg,Luxembourg,Public services,Managers,Permanent,2.1,6525,37.1,2.26,39.6
2022-Q1,Luxembourg,Luxembourg,Public services,Managers,Permanent,2.2,6546,36.2,2.25,41.5
2022-Q2,Luxembourg,Luxembourg,Public services,Managers,Permanent,2.19,6585,37.2,2.64,39.2
2022-Q3,Luxembourg,Luxembourg,Public services,Managers,Permanent,2.19,6684,35.9,2.58,35.2
2022-Q4,Luxembourg,Luxembourg,Public services,Managers,Permanent,2.26,6895,37.2,2.51,36.0
2023-Q1,Luxembourg,Luxembourg,Public services,Managers,Permanent,2.18,6865,36.3,2.59,37.1
2023-Q2,Luxembourg,Luxembourg,Public services,Managers,Permanent,2.22,6917,36.6,2.47,38.2
2023-Q3,Luxembourg,Luxembourg,Public services,Managers,Permanent,2.28,7157,35.9,2.42,36.5
2023-Q4,Luxembourg,Luxembourg,Public services,Managers,Permanent,2.17,7116,37.2,2.38,38.4
2024-Q1,Luxembourg,Luxembourg,Public services,Managers,Permanent,2.18,7250,36.5,2.21,35.5
2024-Q2,Luxembourg,Luxembourg,Public services,Managers,Permanent,2.25,7424,37.2,2.19,34.6
2024-Q3,Luxembourg,Luxembourg,Public services,Managers,Permanent,2.26,7488,36.0,2.07,35.7
2024-Q4,Luxembourg,Luxembourg,Public services,Managers,Permanent,2.25,7422,37.1,2.12,36.0
2025-Q1,Luxembourg,Luxembourg,Public services,Managers,Permanent,2.16,7616,36.5,1.88,36.3
2025-Q2,Luxembourg,Luxembourg,Public services,Managers,Permanent,2.32,7706,36.8,1.97,33.2
2025-Q3,Luxembourg,Luxembourg,Public services,Managers,Permanent,2.27,7788,35.7,1.99,36.1
2025-Q4,Luxembourg,Luxembourg,Public services,Managers,Permanent,2.19,7945,37.1,2.08,36.2
2021-Q1,Luxembourg,Luxembourg,Public services,Managers,Self-employed,0.48,6424,41.0,2.31,48.5
2021-Q2,Luxembourg,Luxembourg,Public services,Managers,Self-employed,0.5,6500,41.7,2.13,45.5
2021-Q3,Luxembourg,Luxembourg,Public services,Managers,Self-employed,0.5,6627,40.7,2.57,45.9
2021-Q4,Luxembourg,Luxembourg,Public services,Managers,Self-employed,0.5,6728,41.6,2.38,45.7
2022-Q1,Luxembourg,Luxembourg,Public services,Managers,Self-employed,0.5,6776,41.1,2.49,43.1
2022-Q2,Luxembourg,Luxembourg,Public services,Managers,Self-employed,0.5,6816,41.5,2.45,44.9
2022-Q3,Luxembourg,Luxembourg,Public services,Managers,Self-employed,0.51,6824,40.9,2.87,43.9
2022-Q4,Luxembourg,Luxembourg,Public services,Managers,Self-employed,0.49,7006,42.0,2.6,41.5
2023-Q1,Luxembourg,Luxembourg,Public services,Managers,Self-employed,0.49,7086,41.1,2.66,43.4
2023-Q2,Luxembourg,Luxembourg,Public services,Managers,Self-employed,0.5,7134,41.7,2.36,42.3
2023-Q3,Luxembourg,Luxembourg,Public services,Managers,Self-employed,0.51,7343,40.6,2.39,40.9
2023-Q4,Luxembourg,Luxembourg,Public services,Managers,Self-employed,0.49,7389,41.8,2.43,40.4
2024-Q1,Luxembourg,Luxembourg,Public services,Managers,Self-employed,0.5,7413,41.2,2.57,41.0
2024-Q2,Luxembourg,Luxembourg,Public services,Managers,Self-employed,0.5,7583,41.2,2.01,41.8
2024-Q3,Luxembourg,Luxembourg,Public services,Managers,Self-employed,0.52,7775,40.9,2.08,41.2
2024-Q4,Luxembourg,Luxembourg,Public services,Managers,Self-employed,0.49,7791,42.0,2.29,39.9
2025-Q1,Luxembourg,Luxembourg,Public services,Managers,Self-employed,0.51,7819,41.1,2.08,40.9
2025-Q2,Luxembourg,Luxembourg,Public services,Managers,Self-employed,0.52,7976,41.4,1.92,41.6
2025-Q3,Luxembourg,Luxembourg,Public services,Managers,Self-employed,0.53,8033,41.0,2.07,41.6
2025-Q4,Luxembourg,Luxembourg,Public services,Managers,Self-employed,0.5,8043,41.8,2.08,39.4
2021-Q1,Luxembourg,Luxembourg,Public services,Professionals,Permanent,5.09,5041,37.0,1.91,43.7
2021-Q2,Luxembourg,Luxembourg,Public services,Professionals,Permanent,5.35,5069,37.4,2.06,40.5
2021-Q3,Luxembourg,Luxembourg,Public services,Professionals,Permanent,5.34,5160,36.4,2.03,42.1
2021-Q4,Luxembourg,Luxembourg,Public services,Professionals,Permanent,5.36,5242,38.0,2.11,42.9
2022-Q1,Luxembourg,Luxembourg,Public services,Professionals,Permanent,5.26,5290,36.7,2.43,42.5
2022-Q2,Luxembourg,Luxembourg,Public services,Professionals,Permanent,5.31,5450,37.7,2.45,40.5
2022-Q3,Luxembourg,Luxembourg,Public services,Professionals,Permanent,5.45,5440,36.5,2.3,40.1
2022-Q4,Luxembourg,Luxembourg,Public services,Professionals,Permanent,5.49,5506,37.7,2.32,39.5
2023-Q1,Luxembourg,Luxembourg,Public services,Professionals,Permanent,5.33,5610,37.2,2.4,37.9
2023-Q2,Luxembourg,Luxembourg,Public services,Professionals,Permanent,5.46,5671,37.7,2.28,36.0
2023-Q3,Luxembourg,Luxembourg,Public services,Professionals,Permanent,5.53,5762,36.5,2.25,36.4
2023-Q4,Luxembourg,Luxembourg,Public services,Professionals,Permanent,5.33,5803,37.6,2.41,35.6
2024-Q1,Luxembourg,Luxembourg,Public services,Professionals,Permanent,5.22,5918,37.1,2.38,37.0
2024-Q2,Luxembourg,Luxembourg,Public services,Professionals,Permanent,5.29,5856,37.4,2.01,37.4
2024-Q3,Luxembourg,Luxembourg,Public services,Professionals,Permanent,5.6,6012,36.6,2.02,37.6
2024-Q4,Luxembourg,Luxembourg,Public services,Professionals,Permanent,5.52,6092,38.0,2.15,34.6
2025-Q1,Luxembourg,Luxembourg,Public services,Professionals,Permanent,5.38,6202,36.9,1.91,36.6
2025-Q2,Luxembourg,Luxembourg,Public services,Professionals,Permanent,5.5,6248,37.2,2.02,38.3
2025-Q3,Luxembourg,Luxembourg,Public services,Professionals,Permanent,5.51,6314,36.6,1.9,39.0
2025-Q4,Luxembourg,Luxembourg,Public services,Professionals,Permanent,5.53,6470,38.1,1.83,38.4
2021-Q1,Luxembourg,Luxembourg,Public services,Professionals,Temporary,1.68,4288,33.3,2.27,40.0
2021-Q2,Luxembourg,Luxembourg,Public services,Professionals,Temporary,1.76,4291,33.5,2.31,38.2
2021-Q3,Luxembourg,Luxembourg,Public services,Professionals,Temporary,1.79,4420,32.9,2.5,37.5
2021-Q4,Luxembourg,Luxembourg,Public services,Professionals,Temporary,1.71,4388,33.9,2.62,36.8
2022-Q1,Luxembourg,Luxembourg,Public services,Professionals,Temporary,1.71,4483,33.3,2.58,38.0
2022-Q2,Luxembourg,Luxembourg,Public services,Professionals,Temporary,1.74,4422,33.6,2.9,34.7
2022-Q3,Luxembourg,Luxembourg,Public services,Professionals,Temporary,1.84,4591,32.7,2.69,37.7
2022-Q4,Luxembourg,Luxembourg,Public services,Professionals,Temporary,1.75,4629,33.8,2.98,35.4
2023-Q1,Luxembourg,Luxembourg,Public services,Professionals,Temporary,1.72,4685,32.8,2.47,35.8
2023-Q2,Luxembourg,Luxembourg,Public services,Professionals,Temporary,1.82,4826,33.7,2.69,34.2
2023-Q3,Luxembourg,Luxembourg,Public services,Professionals,Temporary,1.78,4881,32.9,2.85,36.1
2023-Q4,Luxembourg,Luxembourg,Public services,Professionals,Temporary,1.78,4850,33.7,2.87,35.4
2024-Q1,Luxembourg,Luxembourg,Public services,Professionals,Temporary,1.75,4919,33.4,2.5,33.0
2024-Q2,Luxembourg,Luxembourg,Public services,Professionals,Temporary,1.76,4939,33.8,2.36,35.8
2024-Q3,Luxembourg,Luxembourg,Public services,Professionals,Temporary,1.78,5025,32.9,2.54,33.4
2024-Q4,Luxembourg,Luxembourg,Public services,Professionals,Temporary,1.77,5103,33.7,2.4,35.3
2025-Q1,Luxembourg,Luxembourg,Public services,Professionals,Temporary,1.75,5139,33.5,2.18,34.4
2025-Q2,Luxembourg,Luxembourg,Public services,Professionals,Temporary,1.82,5261,33.9,2.19,31.1
2025-Q3,Luxembourg,Luxembourg,Public services,Professionals,Temporary,1.84,5252,32.8,2.32,33.8
2025-Q4,Luxembourg,Luxembourg,Public services,Professionals,Temporary,1.79,5377,33.8,2.43,35.5
2021-Q1,Luxembourg,Luxembourg,Public services,Professionals,Self-employed,1.29,5877,40.8,2.12,50.1
2021-Q2,Luxembourg,Luxembourg,Public services,Professionals,Self-employed,1.3,5850,41.0,2.5,50.5
2021-Q3,Luxembourg,Luxembourg,Public services,Professionals,Self-employed,1.34,6046,40.1,2.54,48.8
2021-Q4,Luxembourg,Luxembourg,Public services,Professionals,Self-employed,1.29,6057,41.1,2.31,48.6
2022-Q1,Luxembourg,Luxembourg,Public services,Professionals,Self-employed,1.3,6165,40.4,2.52,48.4
2022-Q2,Luxembourg,Luxembourg,Public services,Professionals,Self-employed,1.34,6205,41.2,2.7,45.8
2022-Q3,Luxembourg,Luxembourg,Public services,Professionals,Self-employed,1.34,6294,40.0,2.81,47.9
2022-Q4,Luxembourg,Luxembourg,Public services,Professionals,Self-employed,1.33,6409,41.2,2.74,45.2
2023-Q1,Luxembourg,Luxembourg,Public services,Professionals,Self-employed,1.31,6576,40.5,2.83,47.1
2023-Q2,Luxembourg,Luxembourg,Public services,Professionals,Self-employed,1.31,6518,41.3,2.49,43.4
2023-Q3,Luxembourg,Luxembourg,Public services,Professionals,Self-employed,1.36,6605,40.4,2.41,43.0
2023-Q4,Luxembourg,Luxembourg,Public services,Professionals,Self-employed,1.34,6695,41.3,2.32,42.2
2024-Q1,Luxembourg,Luxembourg,Public services,Professionals,Self-employed,1.3,6826,40.6,2.11,43.2
2024-Q2,Luxembourg,Luxembourg,Public services,Professionals,Self-employed,1.36,6943,41.1,2.41,41.3
2024-Q3,Luxembourg,Luxembourg,Public services,Professionals,Self-employed,1.39,6991,40.3,2.24,43.0
2024-Q4,Luxembourg,Luxembourg,Public services,Professionals,Self-employed,1.31,7075,41.3,2.1,42.1
2025-Q1,Luxembourg,Luxembourg,Public services,Professionals,Self-employed,1.3,7100,40.3,2.09,43.8
2025-Q2,Luxembourg,Luxembourg,Public services,Professionals,Self-employed,1.35,7194,40.7,1.83,42.5
2025-Q3,Luxembourg,Luxembourg,Public services,Professionals,Self-employed,1.36,7444,40.1,1.89,41.1
2025-Q4,Luxembourg,Luxembourg,Public services,Professionals,Self-employed,1.31,7452,41.2,2.1,44.7
2021-Q1,Luxembourg,Luxembourg,Public services,Clerical & service,Permanent,5.76,3451,37.1,2.11,25.8
2021-Q2,Luxembourg,Luxembourg,Public services,Clerical & service,Permanent,6.1,3467,37.3,2.24,27.2
2021-Q3,Luxembourg,Luxembourg,Public services,Clerical & service,Permanent,6.06,3557,36.3,2.45,28.5
2021-Q4,Luxembourg,Luxembourg,Public services,Clerical & service,Permanent,5.89,3590,37.4,2.25,27.1
2022-Q1,Luxembourg,Luxembourg,Public services,Clerical & service,Permanent,5.97,3584,36.9,2.52,26.3
2022-Q2,Luxembourg,Luxembourg,Public services,Clerical & service,Permanent,6.03,3705,37.3,2.61,25.3
2022-Q3,Luxembourg,Luxembourg,Public services,Clerical & service,Permanent,6.07,3681,37.0,2.65,24.8
2022-Q4,Luxembourg,Luxembourg,Public services,Clerical & service,Permanent,6.17,3747,37.5,2.48,24.4
2023-Q1,Luxembourg,Luxembourg,Public services,Clerical & service,Permanent,6.13,3781,37.1,2.47,23.4
2023-Q2,Luxembourg,Luxembourg,Public services,Clerical & service,Permanent,6.21,3846,37.6,2.58,24.6
2023-Q3,Luxembourg,Luxembourg,Public services,Clerical & service,Permanent,6.27,3885,36.4,2.63,22.5
2023-Q4,Luxembourg,Luxembourg,Public services,Clerical & service,Permanent,6.26,3981,37.8,2.29,23.0
2024-Q1,Luxembourg,Luxembourg,Public services,Clerical & service,Permanent,5.91,4065,37.1,2.37,22.5
2024-Q2,Luxembourg,Luxembourg,Public services,Clerical & service,Permanent,6.05,4075,37.6,2.19,23.5
2024-Q3,Luxembourg,Luxembourg,Public services,Clerical & service,Permanent,6.15,4162,36.6,1.99,22.3
2024-Q4,Luxembourg,Luxembourg,Public services,Clerical & service,Permanent,5.95,4193,37.8,1.89,22.9
2025-Q1,Luxembourg,Luxembourg,Public services,Clerical & service,Permanent,6.12,4226,37.2,2.0,23.7
2025-Q2,Luxembourg,Luxembourg,Public services,Clerical & service,Permanent,6.32,4320,37.6,1.95,24.7
2025-Q3,Luxembourg,Luxembourg,Public services,Clerical & service,Permanent,6.34,4353,36.3,2.09,23.0
2025-Q4,Luxembourg,Luxembourg,Public services,Clerical & service,Permanent,6.24,4376,37.3,2.04,26.0
2021-Q1,Luxembourg,Luxembourg,Public services,Clerical & service,Temporary,1.74,2791,33.5,2.02,24.7
2021-Q2,Luxembourg,Luxembourg,Public services,Clerical & service,Temporary,1.73,2805,33.8,2.05,23.5
2021-Q3,Luxembourg,Luxembourg,Public services,Clerical & service,Temporary,1.74,2875,32.8,2.09,25.8
2021-Q4,Luxembourg,Luxembourg,Public services,Clerical & service,Temporary,1.75,2852,33.9,2.39,24.5
2022-Q1,Luxembourg,Luxembourg,Public services,Clerical & service,Temporary,1.72,2906,33.7,2.64,24.1
2022-Q2,Luxembourg,Luxembourg,Public services,Clerical & service,Temporary,1.7,2928,34.1,2.29,22.4
2022-Q3,Luxembourg,Luxembourg,Public services,Clerical & service,Temporary,1.75,3043,32.9,2.27,23.9
2022-Q4,Luxembourg,Luxembourg,Public services,Clerical & service,Temporary,1.71,3021,34.1,2.26,23.4
2023-Q1,Luxembourg,Luxembourg,Public services,Clerical & service,Temporary,1.7,3057,33.2,2.69,21.5
2023-Q2,Luxembourg,Luxembourg,Public services,Clerical & service,Temporary,1.79,3063,33.8,2.51,23.0
2023-Q3,Luxembourg,Luxembourg,Public services,Clerical & service,Temporary,1.77,3186,32.9,2.31,22.9
2023-Q4,Luxembourg,Luxembourg,Public services,Clerical & service,Temporary,1.69,3230,34.1,2.3,23.6
2024-Q1,Luxembourg,Luxembourg,Public services,Clerical & service,Temporary,1.7,3210,33.6,2.33,21.8
2024-Q2,Luxembourg,Luxembourg,Public services,Clerical & service,Temporary,1.72,3229,33.8,2.39,20.9
2024-Q3,Luxembourg,Luxembourg,Public services,Clerical & service,Temporary,1.75,3301,33.2,2.09,20.1
2024-Q4,Luxembourg,Luxembourg,Public services,Clerical & service,Temporary,1.75,3302,33.9,2.18,22.5
2025-Q1,Luxembourg,Luxembourg,Public services,Clerical & service,Temporary,1.71,3366,33.0,1.96,21.3
2025-Q2,Luxembourg,Luxembourg,Public services,Clerical & service,Temporary,1.81,3419,33.9,1.82,22.5
2025-Q3,Luxembourg,Luxembourg,Public services,Clerical & service,Temporary,1.77,3484,33.2,1.96,18.5
2025-Q4,Luxembourg,Luxembourg,Public services,Clerical & service,Temporary,1.78,3557,34.2,1.96,21.0
2021-Q1,Luxembourg,Luxembourg,Trade & hospitality,Managers,Permanent,2.61,4964,38.9,4.35,16.0
2021-Q2,Luxembourg,Luxembourg,Trade & hospitality,Managers,Permanent,2.67,5026,39.2,4.14,13.7
2021-Q3,Luxembourg,Luxembourg,Trade & hospitality,Managers,Permanent,2.68,5153,38.2,5.09,15.5
2021-Q4,Luxembourg,Luxembourg,Trade & hospitality,Managers,Permanent,2.58,5205,39.3,4.78,14.9
2022-Q1,Luxembourg,Luxembourg,Trade & hospitality,Managers,Permanent,2.56,5248,38.6,5.46,14.1
2022-Q2,Luxembourg,Luxembourg,Trade & hospitality,Managers,Permanent,2.61,5337,39.3,5.48,15.2
2022-Q3,Luxembourg,Luxembourg,Trade & hospitality,Managers,Permanent,2.74,5391,38.4,5.33,16.4
2022-Q4,Luxembourg,Luxembourg,Trade & hospitality,Managers,Permanent,2.64,5435,39.8,4.27,13.5
2023-Q1,Luxembourg,Luxembourg,Trade & hospitality,Managers,Permanent,2.61,5469,38.7,5.19,12.2
2023-Q2,Luxembourg,Luxembourg,Trade & hospitality,Managers,Permanent,2.78,5652,39.0,5.14,13.8
2023-Q3,Luxembourg,Luxembourg,Trade & hospitality,Managers,Permanent,2.78,5680,38.4,5.08,10.3
2023-Q4,Luxembourg,Luxembourg,Trade & hospitality,Managers,Permanent,2.7,5750,39.5,4.49,10.9
2024-Q1,Luxembourg,Luxembourg,Trade & hospitality,Managers,Permanent,2.73,5848,38.8,4.87,11.1
2024-Q2,Luxembourg,Luxembourg,Trade & hospitality,Managers,Permanent,2.72,5815,39.1,4.29,12.6
2024-Q3,Luxembourg,Luxembourg,Trade & hospitality,Managers,Permanent,2.83,5959,38.4,4.19,12.1
2024-Q4,Luxembourg,Luxembourg,Trade & hospitality,Managers,Permanent,2.76,6066,39.6,3.88,12.7
2025-Q1,Luxembourg,Luxembourg,Trade & hospitality,Managers,Permanent,2.58,6108,38.9,3.99,12.9
2025-Q2,Luxembourg,Luxembourg,Trade & hospitality,Managers,Permanent,2.8,6246,39.3,3.88,11.8
2025-Q3,Luxembourg,Luxembourg,Trade & hospitality,Managers,Permanent,2.86,6188,38.2,3.86,13.9
2025-Q4,Luxembourg,Luxembourg,Trade & hospitality,Managers,Permanent,2.78,6283,39.5,4.38,13.5
2021-Q1,Luxembourg,Luxembourg,Trade & hospitality,Managers,Self-employed,0.63,5394,43.0,4.48,17.0
2021-Q2,Luxembourg,Luxembourg,Trade & hospitality,Managers,Self-employed,0.63,5556,43.6,4.08,16.8
2021-Q3,Luxembourg,Luxembourg,Trade & hospitality,Managers,Self-employed,0.66,5584,42.6,4.85,13.4
2021-Q4,Luxembourg,Luxembourg,Trade & hospitality,Managers,Self-employed,0.64,5589,43.8,4.67,17.2
2022-Q1,Luxembourg,Luxembourg,Trade & hospitality,Managers,Self-employed,0.63,5763,43.1,4.41,15.9
2022-Q2,Luxembourg,Luxembourg,Trade & hospitality,Managers,Self-employed,0.64,5790,43.4,4.59,13.0
2022-Q3,Luxembourg,Luxembourg,Trade & hospitality,Managers,Self-employed,0.65,5807,42.5,5.19,16.3
2022-Q4,Luxembourg,Luxembourg,Trade & hospitality,Managers,Self-employed,0.63,5882,43.4,5.04,15.8
2023-Q1,Luxembourg,Luxembourg,Trade & hospitality,Managers,Self-employed,0.64,5940,43.1,5.55,14.7
2023-Q2,Luxembourg,Luxembourg,Trade & hospitality,Managers,Self-employed,0.66,6141,43.4,4.81,16.2
2023-Q3,Luxembourg,Luxembourg,Trade & hospitality,Managers,Self-employed,0.66,6131,43.0,4.89,15.5
2023-Q4,Luxembourg,Luxembourg,Trade & hospitality,Managers,Self-employed,0.65,6220,44.0,4.51,16.7
2024-Q1,Luxembourg,Luxembourg,Trade & hospitality,Managers,Self-employed,0.62,6256,42.9,4.24,14.9
2024-Q2,Luxembourg,Luxembourg,Trade & hospitality,Managers,Self-employed,0.67,6407,43.5,4.03,14.3
2024-Q3,Luxembourg,Luxembourg,Trade & hospitality,Managers,Self-employed,0.68,6398,42.7,4.14,13.7
2024-Q4,Luxembourg,Luxembourg,Trade & hospitality,Managers,Self-employed,0.67,6527,43.4,3.91,14.9
2025-Q1,Luxembourg,Luxembourg,Trade & hospitality,Managers,Self-employed,0.66,6600,43.0,4.13,15.0
2025-Q2,Luxembourg,Luxembourg,Trade & hospitality,Managers,Self-employed,0.66,6664,43.6,3.91,14.5
2025-Q3,Luxembourg,Luxembourg,Trade & hospitality,Managers,Self-employed,0.69,6829,42.2,3.74,13.5
2025-Q4,Luxembourg,Luxembourg,Trade & hospitality,Managers,Self-employed,0.67,6810,43.8,3.71,14.6
2021-Q1,Luxembourg,Luxembourg,Trade & hospitality,Clerical & service,Permanent,7.54,2879,38.8,4.6,8.0
2021-Q2,Luxembourg,Luxembourg,Trade & hospitality,Clerical & service,Permanent,7.61,2887,39.3,4.48,10.1
2021-Q3,Luxembourg,Luxembourg,Trade & hospitality,Clerical & service,Permanent,7.98,2942,38.7,4.68,9.2
2021-Q4,Luxembourg,Luxembourg,Trade & hospitality,Clerical & service,Permanent,7.75,2995,39.2,4.71,8.0
2022-Q1,Luxembourg,Luxembourg,Trade & hospitality,Clerical & service,Permanent,7.64,3003,38.8,4.69,8.7
2022-Q2,Luxembourg,Luxembourg,Trade & hospitality,Clerical & service,Permanent,7.92,3097,39.2,5.19,9.8
2022-Q3,Luxembourg,Luxembourg,Trade & hospitality,Clerical & service,Permanent,8.15,3066,38.3,5.5,9.6
2022-Q4,Luxembourg,Luxembourg,Trade & hospitality,Clerical & service,Permanent,7.78,3096,39.0,6.14,8.4
2023-Q1,Luxembourg,Luxembourg,Trade & hospitality,Clerical & service,Permanent,7.79,3185,38.7,5.22,10.0
2023-Q2,Luxembourg,Luxembourg,Trade & hospitality,Clerical & service,Permanent,8.03,3197,39.3,5.3,9.7
2023-Q3,Luxembourg,Luxembourg,Trade & hospitality,Clerical & service,Permanent,8.3,3217,38.1,4.98,8.0
2023-Q4,Luxembourg,Luxembourg,Trade & hospitality,Clerical & service,Permanent,7.99,3312,39.4,4.53,8.3
2024-Q1,Luxembourg,Luxembourg,Trade & hospitality,Clerical & service,Permanent,8.09,3255,38.5,4.46,8.0
2024-Q2,Luxembourg,Luxembourg,Trade & hospitality,Clerical & service,Permanent,8.16,3382,39.3,4.35,10.4
2024-Q3,Luxembourg,Luxembourg,Trade & hospitality,Clerical & service,Permanent,8.32,3401,38.4,4.26,8.0
2024-Q4,Luxembourg,Luxembourg,Trade & hospitality,Clerical & service,Permanent,8.2,3459,39.4,4.09,7.9
2025-Q1,Luxembourg,Luxembourg,Trade & hospitality,Clerical & service,Permanent,8.07,3502,38.6,4.02,8.2
2025-Q2,Luxembourg,Luxembourg,Trade & hospitality,Clerical & service,Permanent,8.46,3563,39.1,3.95,6.5
2025-Q3,Luxembourg,Luxembourg,Trade & hospitality,Clerical & service,Permanent,8.66,3594,37.9,3.79,7.9
2025-Q4,Luxembourg,Luxembourg,Trade & hospitality,Clerical & service,Permanent,8.2,3599,39.0,4.02,9.7
2021-Q1,Luxembourg,Luxembourg,Trade & hospitality,Clerical & service,Temporary,2.07,2314,34.6,4.45,9.2
2021-Q2,Luxembourg,Luxembourg,Trade & hospitality,Clerical & service,Temporary,2.09,2365,35.6,4.77,8.0
2021-Q3,Luxembourg,Luxembourg,Trade & hospitality,Clerical & service,Temporary,2.1,2399,34.6,4.93,8.2
2021-Q4,Luxembourg,Luxembourg,Trade & hospitality,Clerical & service,Temporary,2.09,2399,35.7,4.65,9.6
2022-Q1,Luxembourg,Luxembourg,Trade & hospitality,Clerical & service,Temporary,2.08,2395,34.7,5.1,9.1
2022-Q2,Luxembourg,Luxembourg,Trade & hospitality,Clerical & service,Temporary,2.16,2467,35.3,4.88,8.4
2022-Q3,Luxembourg,Luxembourg,Trade & hospitality,Clerical & service,Temporary,2.2,2506,34.6,5.56,7.7
2022-Q4,Luxembourg,Luxembourg,Trade & hospitality,Clerical & service,Temporary,2.12,2554,35.8,5.29,8.9
2023-Q1,Luxembourg,Luxembourg,Trade & hospitality,Clerical & service,Temporary,2.11,2543,34.9,6.0,6.9
2023-Q2,Luxembourg,Luxembourg,Trade & hospitality,Clerical & service,Temporary,2.19,2555,35.2,5.86,8.6
2023-Q3,Luxembourg,Luxembourg,Trade & hospitality,Clerical & service,Temporary,2.17,2589,34.7,5.27,8.7
2023-Q4,Luxembourg,Luxembourg,Trade & hospitality,Clerical & service,Temporary,2.15,2678,35.7,5.07,7.1
2024-Q1,Luxembourg,Luxembourg,Trade & hospitality,Clerical & service,Temporary,2.16,2704,34.4,4.93,7.4
2024-Q2,Luxembourg,Luxembourg,Trade & hospitality,Clerical & service,Temporary,2.19,2708,35.3,4.71,7.9
2024-Q3,Luxembourg,Luxembourg,Trade & hospitality,Clerical & service,Temporary,2.15,2737,34.3,4.48,8.6
2024-Q4,Luxembourg,Luxembourg,Trade & hospitality,Clerical & service,Temporary,2.15,2792,35.6,4.78,7.9
2025-Q1,Luxembourg,Luxembourg,Trade & hospitality,Clerical & service,Temporary,2.15,2829,34.8,4.79,6.6
2025-Q2,Luxembourg,Luxembourg,Trade & hospitality,Clerical & service,Temporary,2.23,2823,35.5,4.55,5.8
2025-Q3,Luxembourg,Luxembourg,Trade & hospitality,Clerical & service,Temporary,2.24,2879,34.4,3.61,7.1
2025-Q4,Luxembourg,Luxembourg,Trade & hospitality,Clerical & service,Temporary,2.18,2897,35.7,4.51,8.8
2021-Q1,Luxembourg,Luxembourg,Trade & hospitality,Production & trades,Permanent,7.78,2996,38.8,4.52,3.4
2021-Q2,Luxembourg,Luxembourg,Trade & hospitality,Production & trades,Permanent,7.47,3040,39.1,4.23,4.2
2021-Q3,Luxembourg,Luxembourg,Trade & hospitality,Production & trades,Permanent,7.75,3060,38.2,4.88,3.0
2021-Q4,Luxembourg,Luxembourg,Trade & hospitality,Production & trades,Permanent,7.75,3122,39.4,4.78,3.5
2022-Q1,Luxembourg,Luxembourg,Trade & hospitality,Production & trades,Permanent,7.36,3143,38.5,4.84,4.1
2022-Q2,Luxembourg,Luxembourg,Trade & hospitality,Production & trades,Permanent,7.64,3151,39.2,4.81,2.8
2022-Q3,Luxembourg,Luxembourg,Trade & hospitality,Production & trades,Permanent,7.75,3243,38.0,5.17,5.2
2022-Q4,Luxembourg,Luxembourg,Trade & hospitality,Production & trades,Permanent,7.6,3261,39.5,5.46,5.3
2023-Q1,Luxembourg,Luxembourg,Trade & hospitality,Production & trades,Permanent,7.48,3325,38.8,5.56,3.8
2023-Q2,Luxembourg,Luxembourg,Trade & hospitality,Production & trades,Permanent,7.99,3330,39.0,5.27,0.4
2023-Q3,Luxembourg,Luxembourg,Trade & hospitality,Production & trades,Permanent,8.31,3365,38.3,4.61,4.9
2023-Q4,Luxembourg,Luxembourg,Trade & hospitality,Production & trades,Permanent,7.88,3399,39.3,4.6,5.3
2024-Q1,Luxembourg,Luxembourg,Trade & hospitality,Production & trades,Permanent,7.78,3504,38.6,4.54,2.1
2024-Q2,Luxembourg,Luxembourg,Trade & hospitality,Production & trades,Permanent,8.07,3529,39.0,4.24,2.0
2024-Q3,Luxembourg,Luxembourg,Trade & hospitality,Production & trades,Permanent,8.11,3554,38.2,4.26,3.9
2024-Q4,Luxembourg,Luxembourg,Trade & hospitality,Production & trades,Permanent,8.02,3605,39.5,4.18,4.4
2025-Q1,Luxembourg,Luxembourg,Trade & hospitality,Production & trades,Permanent,7.91,3663,38.5,4.25,3.0
2025-Q2,Luxembourg,Luxembourg,Trade & hospitality,Production & trades,Permanent,8.13,3703,39.1,3.48,0.6
2025-Q3,Luxembourg,Luxembourg,Trade & hospitality,Production & trades,Permanent,7.95,3763,38.3,4.07,2.7
2025-Q4,Luxembourg,Luxembourg,Trade & hospitality,Production & trades,Permanent,7.98,3809,39.3,3.73,2.9
2021-Q1,Luxembourg,Luxembourg,Trade & hospitality,Production & trades,Temporary,2.25,2486,34.6,5.1,1.8
2021-Q2,Luxembourg,Luxembourg,Trade & hospitality,Production & trades,Temporary,2.35,2564,35.5,5.22,2.1
2021-Q3,Luxembourg,Luxembourg,Trade & hospitality,Production & trades,Temporary,2.41,2585,34.9,4.84,0.5
2021-Q4,Luxembourg,Luxembourg,Trade & hospitality,Production & trades,Temporary,2.28,2615,35.6,5.12,4.0
2022-Q1,Luxembourg,Luxembourg,Trade & hospitality,Production & trades,Temporary,2.29,2654,35.0,5.49,3.5
2022-Q2,Luxembourg,Luxembourg,Trade & hospitality,Production & trades,Temporary,2.34,2707,35.5,5.95,1.6
2022-Q3,Luxembourg,Luxembourg,Trade & hospitality,Production & trades,Temporary,2.34,2745,34.8,6.16,2.5
2022-Q4,Luxembourg,Luxembourg,Trade & hospitality,Production & trades,Temporary,2.32,2736,35.5,5.42,3.3
2023-Q1,Luxembourg,Luxembourg,Trade & hospitality,Production & trades,Temporary,2.28,2820,35.0,5.97,2.0
2023-Q2,Luxembourg,Luxembourg,Trade & hospitality,Production & trades,Temporary,2.31,2839,35.2,5.84,4.2
2023-Q3,Luxembourg,Luxembourg,Trade & hospitality,Production & trades,Temporary,2.4,2884,34.4,5.32,1.9
2023-Q4,Luxembourg,Luxembourg,Trade & hospitality,Production & trades,Temporary,2.37,2897,35.5,5.4,4.1
2024-Q1,Luxembourg,Luxembourg,Trade & hospitality,Production & trades,Temporary,2.25,2960,34.8,4.67,1.0
2024-Q2,Luxembourg,Luxembourg,Trade & hospitality,Production & trades,Temporary,2.38,2974,35.3,4.61,2.8
2024-Q3,Luxembourg,Luxembourg,Trade & hospitality,Production & trades,Temporary,2.46,3038,34.5,4.52,4.0
2024-Q4,Luxembourg,Luxembourg,Trade & hospitality,Production & trades,Temporary,2.42,3041,35.6,5.0,3.0
2025-Q1,Luxembourg,Luxembourg,Trade & hospitality,Production & trades,Temporary,2.45,3051,35.1,4.7,3.7
2025-Q2,Luxembourg,Luxembourg,Trade & hospitality,Production & trades,Temporary,2.41,3151,35.4,4.64,4.7
2025-Q3,Luxembourg,Luxembourg,Trade & hospitality,Production & trades,Temporary,2.37,3149,34.2,4.28,2.2
2025-Q4,Luxembourg,Luxembourg,Trade & hospitality,Production & trades,Temporary,2.44,3177,36.0,4.71,3.9
2021-Q1,Luxembourg,Luxembourg,Trade & hospitality,Production & trades,Self-employed,1.84,3371,42.7,4.63,3.5
2021-Q2,Luxembourg,Luxembourg,Trade & hospitality,Production & trades,Self-employed,1.81,3444,43.4,4.93,5.1
2021-Q3,Luxembourg,Luxembourg,Trade & hospitality,Production & trades,Self-employed,1.91,3508,42.4,5.39,1.0
2021-Q4,Luxembourg,Luxembourg,Trade & hospitality,Production & trades,Self-employed,1.86,3515,43.8,5.16,3.1
2022-Q1,Luxembourg,Luxembourg,Trade & hospitality,Production & trades,Self-employed,1.87,3588,42.8,5.24,3.1
2022-Q2,Luxembourg,Luxembourg,Trade & hospitality,Production & trades,Self-employed,1.88,3623,43.2,5.68,2.5
2022-Q3,Luxembourg,Luxembourg,Trade & hospitality,Production & trades,Self-employed,1.93,3673,42.8,5.53,3.4
2022-Q4,Luxembourg,Luxembourg,Trade & hospitality,Production & trades,Self-employed,1.86,3711,43.4,6.11,3.5
2023-Q1,Luxembourg,Luxembourg,Trade & hospitality,Production & trades,Self-employed,1.84,3805,43.3,5.63,4.8
2023-Q2,Luxembourg,Luxembourg,Trade & hospitality,Production & trades,Self-employed,1.91,3803,43.1,5.39,3.6
2023-Q3,Luxembourg,Luxembourg,Trade & hospitality,Production & trades,Self-employed,1.97,3833,42.1,5.17,3.3
2023-Q4,Luxembourg,Luxembourg,Trade & hospitality,Production & trades,Self-employed,1.88,3889,43.6,5.54,2.8
2024-Q1,Luxembourg,Luxembourg,Trade & hospitality,Production & trades,Self-employed,1.86,3922,43.0,5.52,2.8
2024-Q2,Luxembourg,Luxembourg,Trade & hospitality,Production & trades,Self-employed,1.93,3996,43.3,5.1,1.4
2024-Q3,Luxembourg,Luxembourg,Trade & hospitality,Production & trades,Self-employed,1.98,3991,42.3,4.54,2.2
2024-Q4,Luxembourg,Luxembourg,Trade & hospitality,Production & trades,Self-employed,1.89,4091,43.5,4.57,3.3
2025-Q1,Luxembourg,Luxembourg,Trade & hospitality,Production & trades,Self-employed,1.94,4108,42.4,4.69,3.1
2025-Q2,Luxembourg,Luxembourg,Trade & hospitality,Production & trades,Self-employed,1.89,4209,43.6,4.51,3.4
2025-Q3,Luxembourg,Luxembourg,Trade & hospitality,Production & trades,Self-employed,1.91,4302,42.5,3.87,5.5
2025-Q4,Luxembourg,Luxembourg,Trade & hospitality,Production & trades,Self-employed,1.96,4308,43.3,4.33,3.0
